TITLE_ID,ORIGINAL_TITLE,YEAR,RUNTIME_MINUTES,RATING_VALUE,RATING_VOTE_COUNT,IMDB_URL,IMAGE_URL,PRIMARY_GENRE,GENRES,DIRECTORS,PRINCIPAL_CAST,CAST_NAMES,PLOT_SUMMARY
tt0327785,The Killer's Game,2024,104.0,6.0,21870.0,https://www.imdb.com/title/tt0327785/,https://m.media-amazon.com/images/M/MV5BODg4MTBiOGQtN2I5Yi00MWY2LWI1ODktZTUzZjhlYmZjMjFkXkEyXkFqcGc@._V1_.jpg,Action,"Action, Comedy, Thriller",J.J. Perry,"Dave Bautista, Dmitrij Kalacsov, Mia Rouba M.Kiss, Iván Orsányi, Aaron Maté, Gergõ Hodúr, Sofia Boutella, Jozsef Fodor","Dave Bautista, Dmitrij Kalacsov, Mia Rouba M.Kiss, Iván Orsányi, Aaron Maté, Gergõ Hodúr, Sofia Boutella, Jozsef Fodor, István Draco Markolt, Raffaello Degruttola","Follows veteran assassin Joe Flood, who is diagnosed with a life-threatening illness and authorizes a kill on himself to avoid the pain that is destined to follow. After ordering the kill, he finds out that he was misdiagnosed and must then fend off the army of former colleagues trying to kill him."
tt0439572,The Flash,2023,144.0,7.0,252005.0,https://www.imdb.com/title/tt0439572/,https://m.media-amazon.com/images/M/MV5BYmE2NzBjNGUtNTJiMy00N2UxLWEyYzMtYzFjODFhMGZlOTgzXkEyXkFqcGc@._V1_.jpg,Action,"Action, Adventure, Fantasy, Sci-Fi",Andy Muschietti,"Ezra Miller, Michael Keaton, Sasha Calle, Michael Shannon, Ron Livingston, Maribel Verdú, Kiersey Clemons, Jeremy Irons","Ezra Miller, Michael Keaton, Sasha Calle, Michael Shannon, Ron Livingston, Maribel Verdú, Kiersey Clemons, Jeremy Irons, Antje Traue, Saoirse-Monica Jackson","Barry Allen is struck by a bolt of lightning and thus, an extraordinary power is born inside him: The Speed Force. When he uses this power to run back in time and save his mother, he creates a world without heroes and General Zod has returned. To defeat him, his only hope rests in the hands of a retired Batman, another Barry and an imprisoned kryptonian."
tt0498396,The Twits,2025,98.0,5.0,4623.0,https://www.imdb.com/title/tt0498396/,https://m.media-amazon.com/images/M/MV5BYTNmODkxN2MtMzJlNC00ODc4LWFhNjctMTIzZTk5ODc0MjExXkEyXkFqcGc@._V1_.jpg,Animation,"Animation, Adventure, Comedy, Family, Fantasy, Musical","Katie Shanahan, Phil Johnston, Todd Demong","Johnny Vegas, Margo Martindale, Emilia Clarke, Sami Amber, Alan Tudyk, Maitreyi Ramakrishnan, Ryan Anderson Lopez, Phil Johnston","Johnny Vegas, Margo Martindale, Emilia Clarke, Sami Amber, Alan Tudyk, Maitreyi Ramakrishnan, Ryan Anderson Lopez, Phil Johnston, Jason Mantzoukas, Riley King","Mr. and Mrs. Twit are the meanest, smelliest, nastiest people in the world who also happen to own and operate the most disgusting, most dangerous, most idiotic amusement park in the world, Twitlandia. But when the Twits rise to power in their town, two brave orphans and a family of magical animals are forced to become as tricky as the Twits in order to save the city."
tt0899043,The Amateur,2025,122.0,7.0,102929.0,https://www.imdb.com/title/tt0899043/,https://m.media-amazon.com/images/M/MV5BYjhkZjM3ZWYtMjUxMS00YzhlLTkxZWYtMzhkMzFhOTQ1NjRkXkEyXkFqcGc@._V1_.jpg,Action,"Action, Thriller",James Hawes,"Rami Malek, Rachel Brosnahan, Jon Bernthal, Evan Milton, Nick Mills, Tiffany Gray, Adrian Martinez, Kate Sumpter","Rami Malek, Rachel Brosnahan, Jon Bernthal, Evan Milton, Nick Mills, Tiffany Gray, Adrian Martinez, Kate Sumpter, David Mills, Anita Anand","When his supervisors at the CIA refuse to take action after his wife is killed in a London terrorist attack, a decoder takes matters into his own hands."
tt1001520,The Last Voyage of the Demeter,2023,118.0,6.0,71362.0,https://www.imdb.com/title/tt1001520/,https://m.media-amazon.com/images/M/MV5BZmRkMTFjNWMtNTVhNS00Y2EwLWJjYTAtMDRiMjA2MDJhOGI1XkEyXkFqcGc@._V1_.jpg,Fantasy,"Fantasy, Horror, Thriller",André Øvredal,"Corey Hawkins, Aisling Franciosi, Liam Cunningham, David Dastmalchian, Chris Walley, Jon Jon Briones, Stefan Kapicic, Martin Furulund","Corey Hawkins, Aisling Franciosi, Liam Cunningham, David Dastmalchian, Chris Walley, Jon Jon Briones, Stefan Kapicic, Martin Furulund, Nikolai Nikolaeff, Woody Norman","Based on a single chapter, the Captain's Log, from Bram Stoker's classic 1897 novel ""Dracula"", the story is set aboard the Russian schooner Demeter, which was chartered to carry private cargo - 24 unmarked wooden crates - from Carpathia to London. The film will detail the strange events that befell the doomed crew as they attempt to survive the ocean voyage, stalked each night by a terrifying presence on board the ship. When it finally arrived near Whitby Harbour, it was derelict. There was no trace of the crew."
tt10078772,Flight Risk,2025,91.0,5.0,46626.0,https://www.imdb.com/title/tt10078772/,https://m.media-amazon.com/images/M/MV5BOGZlZjAyYTItMDdjYy00OGZlLWI3NDAtYzM5ZjAwNjg0NWUxXkEyXkFqcGc@._V1_.jpg,Action,"Action, Crime, Drama, Thriller",Mel Gibson,"Michelle Dockery, Mark Wahlberg, Topher Grace, Leah Remini, Maaz Ali, Paul Ben-Victor, Eilise Patton, Senor Pablo","Michelle Dockery, Mark Wahlberg, Topher Grace, Leah Remini, Maaz Ali, Paul Ben-Victor, Eilise Patton, Senor Pablo, Savanah Joeckel, Mark Schotz","In this high-stakes suspense thriller, Academy Award® nominee Mark Wahlberg plays a pilot transporting an Air Marshal (Michelle Dockery) accompanying a fugitive (Topher Grace) to trial. As they cross the Alaskan wilderness, tensions soar and trust is tested, as not everyone on board is who they seem."
tt10098448,Jesus Revolution,2023,120.0,7.0,16913.0,https://www.imdb.com/title/tt10098448/,https://m.media-amazon.com/images/M/MV5BMzk5MTRjMDctNTAzMy00MmVmLWIxMGItODY5ZDdiZDk3YmUzXkEyXkFqcGc@._V1_.jpg,Biography,"Biography, Drama, History","Brent Mccorkle, Jon Erwin","Joel Courtney, Jonathan Roumie, Kimberly Williams-Paisley, Anna Grace Barlow, Kelsey Grammer, Nic Bishop, Jackson Robert Scott, Nicholas Cirillo","Joel Courtney, Jonathan Roumie, Kimberly Williams-Paisley, Anna Grace Barlow, Kelsey Grammer, Nic Bishop, Jackson Robert Scott, Nicholas Cirillo, Ally Ioannides, Julia Campbell","Tells the story of a young Greg Laurie (Joel Courtney) being raised by his struggling mother, Charlene (Kimberly Williams-Paisley) in the 1970s. Laurie and a sea of young people descend on sunny Southern California to redefine truth through all means of liberation. Inadvertently, Laurie meets Lonnie Frisbee (Jonathan Roumie), a charismatic hippie-street-preacher, and Pastor Chuck Smith (Kelsey Grammer) who have thrown open the doors of Smith's languishing church to a stream of wandering youth. What unfolds becomes the greatest spiritual awakening in American history. Rock and roll, newfound love, and a twist of faith lead to a JESUS REVOLUTION that turns one counterculture movement into a revival that changes the world."
tt10151854,Shazam! Fury of the Gods,2023,130.0,6.0,148174.0,https://www.imdb.com/title/tt10151854/,https://m.media-amazon.com/images/M/MV5BMjdlYzAwYTMtMWJlOC00OTQ5LWJhMmYtMDhjNGY4M2RhMGU4XkEyXkFqcGc@._V1_.jpg,Action,"Action, Adventure, Comedy, Fantasy, Sci-Fi",David F. Sandberg,"Zachary Levi, Asher Angel, Jack Dylan Grazer, Rachel Zegler, Adam Brody, Ross Butler, D.J. Cotrona, Grace Caroline Currey","Zachary Levi, Asher Angel, Jack Dylan Grazer, Rachel Zegler, Adam Brody, Ross Butler, D.J. Cotrona, Grace Caroline Currey, Meagan Good, Lucy Liu","Bestowed with the powers of the gods, Billy Batson and his fellow foster kids are still learning how to juggle teenage life with their adult superhero alter egos. When a vengeful trio of ancient gods arrives on Earth in search of the magic stolen from them long ago, Shazam and his allies get thrust into a battle for their superpowers, their lives, and the fate of the world."
tt10160976,The Nun II,2023,110.0,6.0,84149.0,https://www.imdb.com/title/tt10160976/,https://m.media-amazon.com/images/M/MV5BNmJkYWIyYWYtNWVhZi00ZTkyLWExMTktZWUzNGE1MjNlNjQ0XkEyXkFqcGc@._V1_.jpg,Horror,"Horror, Mystery, Thriller",Michael Chaves,"Taissa Farmiga, Jonas Bloquet, Storm Reid, Anna Popplewell, Bonnie Aarons, Katelyn Rose Downey, Suzanne Bertish, Léontine d'Oncieu","Taissa Farmiga, Jonas Bloquet, Storm Reid, Anna Popplewell, Bonnie Aarons, Katelyn Rose Downey, Suzanne Bertish, Léontine d'Oncieu, Anouk Darwin Homewood, Peter Hudson","A follow-up to the enigmatic gothic horror about a strong evil that haunts and causes supernatural harm to everybody it comes into contact with. After the events of the first film, the said powerful evil now begins to spread in 1956 throughout a town in France as word gets out that a priest has been violently murdered. A finished contemplative in her novitiate, Sister Irene, begins to investigate the murder, only to find a demon behind it -- the same evil that terrorized her in the original film as a nun -- Valak, whom she once again soon comes to encounter."
tt10171472,Goodrich,2024,110.0,6.0,8430.0,https://www.imdb.com/title/tt10171472/,https://m.media-amazon.com/images/M/MV5BMWVkNDNmYjEtNDZiYS00NjcyLWJiMWYtZTc2Y2FhMzc4NTE0XkEyXkFqcGc@._V1_.jpg,Comedy,"Comedy, Drama",Hallie Meyers-Shyer,"Michael Keaton, Mila Kunis, Danny Deferrari, Poorna Jagannathan, Kimberly Condict, Vivien Lyra Blair, Jacob Kopera, Noa Fisher","Michael Keaton, Mila Kunis, Danny Deferrari, Poorna Jagannathan, Kimberly Condict, Vivien Lyra Blair, Jacob Kopera, Noa Fisher, Jessica Heller, Nico Hiraga","Andy Goodrich's (Michael Keaton) life is upended when his wife and mother of their nine-year-old twins enters a 90-day rehab program, leaving him on his own with their young kids. Thrust into the world of modern parenthood, Goodrich leans on his daughter from his first marriage, Grace (Mila Kunis), as he ultimately evolves into the father Grace always wanted."
tt10172266,"Red, White & Royal Blue",2023,118.0,7.0,67558.0,https://www.imdb.com/title/tt10172266/,https://m.media-amazon.com/images/M/MV5BYzYyMzIyZjQtYzJkYi00M2E4LWI0YTUtOWVlNzk5NGI4YWY1XkEyXkFqcGc@._V1_.jpg,Comedy,"Comedy, Romance",Matthew López,"Jemma Redgrave, Thomas Flynn, Bridget Benstead, Nicholas Galitzine, Ellie Bamber, Taylor Zakhar Perez, Rachel Hilson, Michael Ayala-Cole","Jemma Redgrave, Thomas Flynn, Bridget Benstead, Nicholas Galitzine, Ellie Bamber, Taylor Zakhar Perez, Rachel Hilson, Michael Ayala-Cole, Uma Thurman, Sarah Shahi","Based on the novel of the same name, this story focuses on Alex Claremont-Diaz, the First Son of the president of the United States, and his rivalry with the young prince of England, Henry. After causing a major uproar at the prince's brother's wedding, the two are forced to avoid a national incident by playing up their non-existent friendship. Their rivalry soon turns into a forced friendship and then blossoms into something even more. The two try to keep their relationship a secret despite their highly public lives amid Alex's mother's re-election campaign as the first female President."
tt10243672,Joy,2024,115.0,7.0,12132.0,https://www.imdb.com/title/tt10243672/,https://m.media-amazon.com/images/M/MV5BZjY5ZjE0YmEtOWI2YS00OGFjLWI5ZjQtNmIzMmYyZjhiMjVhXkEyXkFqcGc@._V1_.jpg,Biography,"Biography, Drama, History",Ben Taylor,"Thomasin McKenzie, Rish Shah, James Norton, Nikolay Shulik, Adrian Lukis, Bill Nighy, Surinder Duhra, Toby Williams","Thomasin McKenzie, Rish Shah, James Norton, Nikolay Shulik, Adrian Lukis, Bill Nighy, Surinder Duhra, Toby Williams, Joanna Scanlan, Robert Wilfort","Spanning from 1968 to 1978, the film will follow three trailblazers facing opposition from the church, state, media and medical establishment, in their pursuit of the world's first 'test tube baby', Louise Joy Brown. The three figures are a young nurse, a visionary scientist and an innovative surgeon, played by Thomasin McKenzie, James Norton and Bill Nighy respectively."
tt10245072,Salem's Lot,2024,114.0,6.0,42671.0,https://www.imdb.com/title/tt10245072/,https://m.media-amazon.com/images/M/MV5BMTVhN2Y4NDAtYjFmMC00YjI3LTgyMTctYmNmZDhjZmU0MGQ0XkEyXkFqcGc@._V1_.jpg,Horror,"Horror, Thriller",Gary Dauberman,"Lewis Pullman, Makenzie Leigh, Jordan Preston Carter, Alfre Woodard, Bill Camp, John Benjamin Hickey, Nicholas Crovetti, Spencer Treat Clark","Lewis Pullman, Makenzie Leigh, Jordan Preston Carter, Alfre Woodard, Bill Camp, John Benjamin Hickey, Nicholas Crovetti, Spencer Treat Clark, Pilou Asbæk, Alexander Ward","Ben Mears, a writer who spent part of his childhood in Jerusalem's Lot, Maine, also known as 'Salem's Lot, has returned after 25 years to write a book about the long-abandoned Marsten House, where he had a bad experience as a child. He soon discovers that an ancient evil has also come to town and is turning the residents into vampires. He vows to stop the plague of undead and save the town."
tt10275534,To Catch a Killer,2023,119.0,7.0,57967.0,https://www.imdb.com/title/tt10275534/,https://m.media-amazon.com/images/M/MV5BZDk4YWM2YTktZGM4Zi00ZThkLTk4OWYtYzZjZjAxYjAzZThkXkEyXkFqcGc@._V1_.jpg,Action,"Action, Crime, Drama, Mystery, Thriller",Damián Szifron,"Shailene Woodley, Ben Mendelsohn, Jovan Adepo, Ralph Ineson, Richard Zeman, Dusan Dukic, Jason Cavalier, Nick Walker","Shailene Woodley, Ben Mendelsohn, Jovan Adepo, Ralph Ineson, Richard Zeman, Dusan Dukic, Jason Cavalier, Nick Walker, Darcy Laurie, Mark Camacho","New Year's Eve in Baltimore. People are partying on the streets, in the bars and at lofty heights on the rooftops. Suddenly all hell breaks loose. Everything ends in boundless panic. From a high-rise building in the middle of the city, a sniper kills numerous people from ambush. Terror alert. Various US authorities, including the FBI, are hunting the sniper. On the ground at the base, policewoman Eleanor Falco (Shailene Woodley), whose application was rejected by the FBI, investigates. Her boss Lammark (Ben Mendelsohn) firmly believes in her talent, but is himself put under pressure to succeed by the FBI and politicians. The attempt to use the media to put pressure on the perpetrator fails. Instead, there is another, this time unplanned, bloodbath in a mall. But an inconspicuous detail unexpectedly leads Eleanor to the culprit. Lammark wants to catch the culprit alone with Eleanor - a fatal mistake."
tt10279472,The Black Demon,2023,100.0,4.0,11645.0,https://www.imdb.com/title/tt10279472/,https://m.media-amazon.com/images/M/MV5BYjJjMTlkMDYtNTllNi00NWE2LWIyMzYtZjVhNmQwNzFhMTA2XkEyXkFqcGc@._V1_.jpg,Action,"Action, Drama, Horror, Sci-Fi, Thriller",Adrian Grunberg,"Omar Chaparro, Bolivar Sanchez, Carlos Solórzano, Josh Lucas, Fernanda Urrejola, Venus Ariel, Raúl Méndez, Arturo Duvergé","Omar Chaparro, Bolivar Sanchez, Carlos Solórzano, Josh Lucas, Fernanda Urrejola, Venus Ariel, Raúl Méndez, Arturo Duvergé, Luis del Valle, Omar Patin","Paul Sturges takes his family on a trip to Mexico to inspect an oil rig his company owns. Once they get out there, he finds the place almost abandoned with only a few terrified workers left who tell him that the rig has been repeatedly attacked by a monstrous shark that is part of a Mexican legend. With the rig sinking into the water and the shark hunting them, he must find a way to get his family to safety and stay alive."
tt10365912,Becoming Led Zeppelin,2025,122.0,8.0,9570.0,https://www.imdb.com/title/tt10365912/,https://m.media-amazon.com/images/M/MV5BNTBhMzliNzYtMjQwMy00MjdhLWIyOGYtYzdiY2FlNjk3YTkzXkEyXkFqcGc@._V1_.jpg,Documentary,"Documentary, Biography, History, Music",Bernard MacMahon,"Led Zeppelin, Jimmy Page, John Paul Jones, Robert Plant, John Bonham, James Page, Patricia Page, Joe Baldwin","Led Zeppelin, Jimmy Page, John Paul Jones, Robert Plant, John Bonham, James Page, Patricia Page, Joe Baldwin, Margie Castle, Maureen Jones","The film, which dives into the rise of the epochal rock group, is the only documentary of its kind that the band themselves have participated in. The documentary includes new interviews with Jimmy Page, Robert Plant and John Paul Jones, as well as rare archival interviews with the band's late drummer John Bonham."
tt10442352,Thelma the Unicorn,2024,93.0,6.0,3563.0,https://www.imdb.com/title/tt10442352/,https://m.media-amazon.com/images/M/MV5BMzY4Mjg2Y2MtZmQxMC00N2FjLTlmMzctYWMxNmRhYWY5Yjk3XkEyXkFqcGc@._V1_.jpg,Animation,"Animation, Adventure, Comedy, Family, Fantasy, Musical","Jared Hess, Lynn Wang","Brittany Howard, Will Forte, Jon Heder, Daran Norris, David Michie, Betsy Sodaro, Lynn Wang, Pam Coats","Brittany Howard, Will Forte, Jon Heder, Daran Norris, David Michie, Betsy Sodaro, Lynn Wang, Pam Coats, Michelle Jubilee Gonzalez, Shondrella Avery","Thelma dreams of being a glamorous unicorn. Then in a rare pink and glitter-filled moment of fate, Thelma's wish comes true. She rises to instant international stardom, but at an unexpected cost. After a while, Thelma realizes that she was happier as her ordinary, sparkle-free self. So she ditches her horn, scrubs off her sparkles, and returns home, where her best friend is waiting for her with a hug."
tt10545296,The Hunger Games: The Ballad of Songbirds & Snakes,2023,157.0,7.0,189810.0,https://www.imdb.com/title/tt10545296/,https://m.media-amazon.com/images/M/MV5BZDk2YjNhYzEtYzg2ZC00OWEwLWJhYzgtMGUzMWVjNDFmYzI5XkEyXkFqcGc@._V1_.jpg,Action,"Action, Adventure, Drama, Sci-Fi, Thriller, War",Francis Lawrence,"Dexter Sol Ansell, Rosa Gotzler, Clemens Schick, Fionnula Flanagan, Tom Blyth, Hunter Schafer, Ashley Liao, Athena Strates","Dexter Sol Ansell, Rosa Gotzler, Clemens Schick, Fionnula Flanagan, Tom Blyth, Hunter Schafer, Ashley Liao, Athena Strates, Viola Davis, Rachel Zegler","The story of Coriolanus Snow, years before he would become the tyrannical President of Panem. He is young, very determined and though the Snow family has fallen on hard times, Coriolanus sees a chance for a change in his fortunes when he is chosen to be a mentor for the 10th Hunger Games only to have his elation dashed when he is assigned to mentor a girl tribute named Lucy Gray Baird from the impoverished District 12."
tt10548174,28 Years Later,2025,115.0,7.0,226885.0,https://www.imdb.com/title/tt10548174/,https://m.media-amazon.com/images/M/MV5BNjgwYTI0YjctMWYzNS00MmI1LWI5YTctNmE1YjBkNDFlNWMxXkEyXkFqcGc@._V1_.jpg,Horror,"Horror, Sci-Fi, Thriller",Danny Boyle,"Rocco Haynes, Haley Flaherty, Harriet Taylor, Hannah Allan-Robertson, Annabelle Graham, Olivia Morley, Theadora Rawlings, Aaron Taylor-Johnson","Rocco Haynes, Haley Flaherty, Harriet Taylor, Hannah Allan-Robertson, Annabelle Graham, Olivia Morley, Theadora Rawlings, Aaron Taylor-Johnson, Jodie Comer, Ralph Fiennes","It's been almost three decades since the rage virus escaped a biological weapons laboratory, and now, still in a ruthlessly enforced quarantine, some have found ways to exist amidst the infected. One such group of survivors lives on a small island connected to the mainland by a single, heavily-defended causeway. When one of the group leaves the island on a mission into the dark heart of the mainland, he discovers secrets, wonders, and horrors that have mutated not only the infected but other survivors as well."
tt10655524,It Ends with Us,2024,130.0,6.0,105245.0,https://www.imdb.com/title/tt10655524/,https://m.media-amazon.com/images/M/MV5BYzM2NGMzNGQtZjNhMi00MTVkLTg2ZGQtN2M4OTllYzU1Y2Y0XkEyXkFqcGc@._V1_.jpg,Drama,"Drama, Romance",Justin Baldoni,"Blake Lively, Justin Baldoni, Jenny Slate, Brandon Sklenar, Hasan Minhaj, Kevin McKidd, Amy Morton, Alex Neustaedter","Blake Lively, Justin Baldoni, Jenny Slate, Brandon Sklenar, Hasan Minhaj, Kevin McKidd, Amy Morton, Alex Neustaedter, Isabela Ferrer, Robert Clohessy","IT ENDS WITH US, the first Colleen Hoover novel adapted for the big screen, tells the compelling story of Lily Bloom, a woman who overcomes a traumatic childhood to embark on a new life in Boston and chase a lifelong dream of opening her own business. A chance meeting with charming neurosurgeon Ryle Kincaid sparks an intense connection, but as the two fall deeply in love, Lily begins to see sides of Ryle that remind her of her parents' relationship. When Lily's first love, Atlas Corrigan, suddenly reenters her life, her relationship with Ryle is upended, and Lily realizes she must learn to rely on her own strength to make an impossible choice for her future."
tt10676048,The Marvels,2023,105.0,5.0,170686.0,https://www.imdb.com/title/tt10676048/,https://m.media-amazon.com/images/M/MV5BYzczOWM4MzItMWMyOS00ZDczLWIxMzctNzBmYTgzOTI1MzI3XkEyXkFqcGc@._V1_.jpg,Action,"Action, Adventure, Sci-Fi",Nia DaCosta,"Brie Larson, Teyonah Parris, Iman Vellani, Samuel L. Jackson, Zawe Ashton, Gary Lewis, Park Seo-joon, Zenobia Shroff","Brie Larson, Teyonah Parris, Iman Vellani, Samuel L. Jackson, Zawe Ashton, Gary Lewis, Park Seo-joon, Zenobia Shroff, Mohan Kapur, Saagar Shaikh","Carol Danvers AKA Captain Marvel has reclaimed her identity from the tyrannical Kree and taken revenge on the Supreme Intelligence. But unintended consequences see Carol shouldering the burden of a destabilized universe. When her duties send her to an anomalous wormhole linked to a Kree revolutionary, her powers become entangled with that of Jersey City super-fan Kamala Khan, aka Ms. Marvel, and Carol's estranged niece, now S.A.B.E.R. astronaut Captain Monica Rambeau."
tt10676052,The Fantastic Four: First Steps,2025,115.0,7.0,289905.0,https://www.imdb.com/title/tt10676052/,https://m.media-amazon.com/images/M/MV5BOGM5MzA3MDAtYmEwMi00ZDNiLTg4MDgtMTZjOTc0ZGMyNTIwXkEyXkFqcGc@._V1_.jpg,Action,"Action, Adventure, Sci-Fi",Matt Shakman,"Pedro Pascal, Vanessa Kirby, Ebon Moss-Bachrach, Joseph Quinn, Ralph Ineson, Julia Garner, Natasha Lyonne, Paul Walter Hauser","Pedro Pascal, Vanessa Kirby, Ebon Moss-Bachrach, Joseph Quinn, Ralph Ineson, Julia Garner, Natasha Lyonne, Paul Walter Hauser, Sarah Niles, Mark Gatiss","Set against the vibrant backdrop of a 1960s-inspired, retro-futuristic world, Reed Richards, Sue Storm, Johnny Storm and Ben Grimm face their most daunting challenge yet. Forced to balance their roles as heroes with the strength of their family bond, they must defend Earth from a ravenous space god called Galactus and his enigmatic herald, then Silver Surfer. And if Galactus' plan to devour the entire planet and everyone on it weren't bad enough, it suddenly gets very personal."
tt10720352,Arthur the King,2024,107.0,7.0,41539.0,https://www.imdb.com/title/tt10720352/,https://m.media-amazon.com/images/M/MV5BNDIyN2JjOTQtYTY3MS00OTQwLWJmNjAtYzVmNTU1MWNjNzYyXkEyXkFqcGc@._V1_.jpg,Adventure,"Adventure, Drama, Sport",Simon Cellan Jones,"Mark Wahlberg, Simu Liu, Juliet Rylance, Nathalie Emmanuel, Ali Suliman, Bear Grylls, Paul Guilfoyle, Rob Collins","Mark Wahlberg, Simu Liu, Juliet Rylance, Nathalie Emmanuel, Ali Suliman, Bear Grylls, Paul Guilfoyle, Rob Collins, Alani Ilongwe, Cece Valentina",An adventure racer adopts a stray dog named Arthur to join him in an epic endurance race.
tt10954600,Ant-Man and the Wasp: Quantumania,2023,124.0,6.0,278598.0,https://www.imdb.com/title/tt10954600/,https://m.media-amazon.com/images/M/MV5BMThkYWY5ZjQtYjJlMS00MDFmLWFkYzEtODEzZjg5YWFmMGY4XkEyXkFqcGc@._V1_.jpg,Action,"Action, Adventure, Comedy, Sci-Fi",Peyton Reed,"Paul Rudd, Evangeline Lilly, Michael Douglas, Michelle Pfeiffer, Jonathan Majors, Kathryn Newton, Corey Stoll, Bill Murray","Paul Rudd, Evangeline Lilly, Michael Douglas, Michelle Pfeiffer, Jonathan Majors, Kathryn Newton, Corey Stoll, Bill Murray, Katy O'Brian, William Jackson Harper","When Scott Lang and Hope van Dyne, along with Hope's parents, Hank Pym and Janet van Dyne, and Scott's daughter, Cassie, are accidentally sent to the Quantum Realm, they soon find themselves exploring the Realm, interacting with strange new creatures"
tt10954718,Dog Man,2025,89.0,6.0,14608.0,https://www.imdb.com/title/tt10954718/,https://m.media-amazon.com/images/M/MV5BNDVlZGQyM2MtNjA2OS00MjdkLThiNDQtZTYzMTA1MGU3M2M0XkEyXkFqcGc@._V1_.jpg,Animation,"Animation, Action, Adventure, Comedy, Crime, Family, Fantasy, Sci-Fi",Peter Hastings,"Pete Davidson, Poppy Liu, Lil Rel Howery, Isla Fisher, Billy Boyd, Rahnuma Panthaky, Maggie Wheeler, Peter Hastings","Pete Davidson, Poppy Liu, Lil Rel Howery, Isla Fisher, Billy Boyd, Rahnuma Panthaky, Maggie Wheeler, Peter Hastings, Luenell, Melissa Villaseñor","After a policeman and his police dog are fused together to turn into Dog Man, he must stop the villainous Petey the Cat from cloning himself and creating an evil kitten, doubling his evil abilities."
tt11057302,Madame Web,2024,116.0,4.0,118261.0,https://www.imdb.com/title/tt11057302/,https://m.media-amazon.com/images/M/MV5BODViOTZiOTQtOTc4ZC00ZjUxLWEzMjItY2ExMmNlNDliNjE4XkEyXkFqcGc@._V1_.jpg,Action,"Action, Thriller",S.J. Clarkson,"Dakota Johnson, Sydney Sweeney, Isabela Merced, Celeste O'Connor, Tahar Rahim, Mike Epps, Emma Roberts, Adam Scott","Dakota Johnson, Sydney Sweeney, Isabela Merced, Celeste O'Connor, Tahar Rahim, Mike Epps, Emma Roberts, Adam Scott, Kerry Bishé, Zosia Mamet","In a switch from the typical genre, Madame Web tells the standalone origin story of one of Marvel publishing's most enigmatic heroines. The suspense-driven thriller stars Dakota Johnson as Cassandra Webb, a paramedic in Manhattan who develops the power to see the future... and realizes she can use that insight to change it. Forced to confront revelations about her past, she forges a relationship with three young women bound for powerful destinies...if they can all survive a deadly present."
tt11068094,White Bird,2023,121.0,7.0,9102.0,https://www.imdb.com/title/tt11068094/,https://m.media-amazon.com/images/M/MV5BMWJlNzBjNDctMzkxYi00NjRlLWE4MTUtYjU4NDc3OWY4ZjI2XkEyXkFqcGc@._V1_.jpg,Biography,"Biography, Drama, Family, War",Marc Forster,"Bryce Gheisar, Priya Ghotane, Kevan Van Thompson, Helen Mirren, Laura Hudeckova, Ishai Golan, Olivia Ross, Ariella Glaser","Bryce Gheisar, Priya Ghotane, Kevan Van Thompson, Helen Mirren, Laura Hudeckova, Ishai Golan, Olivia Ross, Ariella Glaser, Orlando Schwerdt, Gillian Anderson","In R. J. Palacio's bestselling collection of stories Auggie and Me, which expands on characters in Wonder, readers were introduced to Julian's grandmother, Grandmère. Here, Palacio makes her graphic novel debut with Grandmère's heartrending story: how she, a young Jewish girl, was hidden by a family in a Nazi-occupied French village during World War II; how the boy she and her classmates once shunned became her savior and best friend."
tt11092020,Shadow Force,2025,104.0,5.0,5995.0,https://www.imdb.com/title/tt11092020/,https://m.media-amazon.com/images/M/MV5BMTUyZTUyOTMtOGU5OC00MmM1LTk0NWUtMjNlMTU4ZTkwMDRjXkEyXkFqcGc@._V1_.jpg,Action,"Action, Drama, Thriller",Joe Carnahan,"Kerry Washington, Omar Sy, Jahleel Kamara, Mark Strong, Da'Vine Joy Randolph, Method Man, Marshall Cook, Ed Quinn","Kerry Washington, Omar Sy, Jahleel Kamara, Mark Strong, Da'Vine Joy Randolph, Method Man, Marshall Cook, Ed Quinn, Marvin Jones III, Jénel Stevens","An estranged couple with a bounty on their heads must go on the run with their son to avoid their former employer, a unit of shadow ops that has been sent to kill them."
tt11097384,Spaceman,2024,107.0,6.0,48558.0,https://www.imdb.com/title/tt11097384/,https://m.media-amazon.com/images/M/MV5BNGY0NDk5YjYtMTI0Zi00ZDc4LTk3NzEtYmUyNDNlN2U1ZmYwXkEyXkFqcGc@._V1_.jpg,Adventure,"Adventure, Drama, Romance, Sci-Fi",Johan Renck,"Adam Sandler, Carey Mulligan, Paul Dano, Kunal Nayyar, Isabella Rossellini, Lena Olin, Petr Papánek, Marian Roden","Adam Sandler, Carey Mulligan, Paul Dano, Kunal Nayyar, Isabella Rossellini, Lena Olin, Petr Papánek, Marian Roden, Zuzana Stivínová, Sinead Phelps","An intergalactic odyssey of love, ambition, and self-discovery. Orphaned as a boy, raised in the Czech countryside by his doting grandparents, Jakub Procházka has risen from small-time scientist to become the country's first astronaut. When a dangerous solo mission to Jupiter offers him both the chance at heroism he's dreamt of and a way to atone for his father's sins as a Communist informer, he ventures boldly into the vast unknown. But in so doing, he leaves behind his devoted wife, Lenka, whose love, he realizes too late, he has sacrificed on the altar of his ambitions. Alone in Deep Space, Jakub discovers a possibly imaginary giant alien spider, who becomes his unlikely companion. Over philosophical conversations about the nature of love, life and death, and the deliciousness of hazelnut spread, the pair form an intense and emotional bond."
tt1121948,The Killer,2024,126.0,6.0,18936.0,https://www.imdb.com/title/tt1121948/,https://m.media-amazon.com/images/M/MV5BYjQ1MWNkNGQtMzI2ZC00OTJiLTljZDMtZTUxNDljNTI1MTk0XkEyXkFqcGc@._V1_.jpg,Action,"Action, Crime, Drama, Thriller",John Woo,"Nathalie Emmanuel, Omar Sy, Sam Worthington, Diana Silvers, Saïd Taghmaoui, Angeles Woo, Éric Cantona, Tchéky Karyo","Nathalie Emmanuel, Omar Sy, Sam Worthington, Diana Silvers, Saïd Taghmaoui, Angeles Woo, Éric Cantona, Tchéky Karyo, Grégory Montel, Hugo Diego Garcia","The kinetic action thriller follows Zee, a mysterious and infamous assassin known, and feared, in the Parisian underworld as the Queen of the Dead. But when, during an assignment from her shadowy mentor and handler, Zee refuses to kill a blinded young woman in a Paris nightclub, the decision will disintegrate Zee's alliances, attract the attention of a savvy police investigator and plunge her into a sinister criminal conspiracy that will set her on a collision course with her own past."
tt11301886,Rebel Ridge,2024,131.0,7.0,105805.0,https://www.imdb.com/title/tt11301886/,https://m.media-amazon.com/images/M/MV5BYTE4ZDE5ZTktZWZkMC00MGY4LWFkZDUtZTc5YWU3NzM2YmM3XkEyXkFqcGc@._V1_.jpg,Action,"Action, Crime, Drama, Thriller",Jeremy Saulnier,"Aaron Pierre, David Denman, Emory Cohen, Oscar Gale, AnnaSophia Robb, Reid Williams, Steve Zissis, Daniel H. Chung","Aaron Pierre, David Denman, Emory Cohen, Oscar Gale, AnnaSophia Robb, Reid Williams, Steve Zissis, Daniel H. Chung, Dana Lee, Don Johnson",An ex Marine on his way to bail out his cousin from jail finds himself pushed against the wall by a high handed and corrupt chief of police. He then has no option but to confront the cop and despite strong resistance he finds allies in surprising places.
tt11304740,Wish,2023,95.0,6.0,51400.0,https://www.imdb.com/title/tt11304740/,https://m.media-amazon.com/images/M/MV5BN2UyZTAxZDctODI5Mi00MDczLWI4OWMtNTliZjEyMmEyN2FkXkEyXkFqcGc@._V1_.jpg,Animation,"Animation, Adventure, Comedy, Family, Fantasy, Musical","Chris Buck, Fawn Veerasunthorn","Ariana DeBose, Chris Pine, Alan Tudyk, Angelique Cabral, Victor Garber, Natasha Rothwell, Jennifer Kumiyama, Harvey Guillén","Ariana DeBose, Chris Pine, Alan Tudyk, Angelique Cabral, Victor Garber, Natasha Rothwell, Jennifer Kumiyama, Harvey Guillén, Niko Vargas, Evan Peters",A young girl wishes on a star and gets a more direct answer than she bargained for when a trouble-making star comes down from the sky to join her.
tt11315808,Joker: Folie à Deux,2024,138.0,5.0,188321.0,https://www.imdb.com/title/tt11315808/,https://m.media-amazon.com/images/M/MV5BNTRlNmU1NzEtODNkNC00ZGM3LWFmNzQtMjBlMWRiYTcyMGRhXkEyXkFqcGc@._V1_.jpg,Drama,"Drama, Musical, Thriller",Todd Phillips,"Joaquin Phoenix, Lady Gaga, Brendan Gleeson, Catherine Keener, Zazie Beetz, Steve Coogan, Harry Lawtey, Leigh Gill","Joaquin Phoenix, Lady Gaga, Brendan Gleeson, Catherine Keener, Zazie Beetz, Steve Coogan, Harry Lawtey, Leigh Gill, Ken Leung, Jacob Lofland","Arthur Fleck, now incarcerated at Arkham State Hospital, who encounters Harleen Quinzel, a fellow patient who becomes dangerously obsessed with his Joker persona. Their shared psychosis fuels a destructive and increasingly chaotic relationship, blurring the lines between reality and fantasy. The film delves deeper into Arthur's mental state, exploring the complexities of his condition and the enduring power of his iconic villainous persona."
tt1136617,The Killer,2023,118.0,7.0,227519.0,https://www.imdb.com/title/tt1136617/,https://m.media-amazon.com/images/M/MV5BYzU2MTlkMTctNWI3MC00ODUzLTlmYzQtMzZjYjVmMmYwZGU0XkEyXkFqcGc@._V1_.jpg,Action,"Action, Adventure, Crime, Drama, Thriller",David Fincher,"Michael Fassbender, Tilda Swinton, Charles Parnell, Arliss Howard, Kerry O'Malley, Sophie Charlotte, Emiliano Pernía, Gabriel Polanco","Michael Fassbender, Tilda Swinton, Charles Parnell, Arliss Howard, Kerry O'Malley, Sophie Charlotte, Emiliano Pernía, Gabriel Polanco, Sala Baker, Endre Hules","A man solitary and cold, methodical and unencumbered by scruples or regrets, the killer waits in the shadows, watching for his next target. And yet the longer he waits, the more he thinks he's losing his mind, if not his cool. A brutal, bloody and stylish noir story of a professional assassin lost in a world without a moral compass, this is a case study of a man alone, armed to the teeth and slowly losing his mind."
tt11389872,Kingdom of the Planet of the Apes,2024,145.0,7.0,172223.0,https://www.imdb.com/title/tt11389872/,https://m.media-amazon.com/images/M/MV5BZDRlZTc3YTItOTk3Yi00NmU4LWFiOGUtNjgwMDZjNjIzNTU1XkEyXkFqcGc@._V1_.jpg,Action,"Action, Adventure, Drama, Sci-Fi, Thriller",Wes Ball,"Owen Teague, Freya Allan, Kevin Durand, Peter Macon, William H. Macy, Eka Darville, Travis Jeffery, Lydia Peckham","Owen Teague, Freya Allan, Kevin Durand, Peter Macon, William H. Macy, Eka Darville, Travis Jeffery, Lydia Peckham, Neil Sandilands, Ras-Samuel","The new Apes movie is set many years after the conclusion of 2017's War for the Planet of the Apes. Many apes societies have grown from when the Moses-like Caesar brought his people to an oasis, while humans have been reduced to a feral-like existence. Some ape groups have never heard of Caesar, while others have contorted his teaching to build burgeoning empires. In this setting, one ape leader begins to enslave other groups to find human technology, while another ape, who watched his clan be taken, embarks on a journey to find freedom. A young human woman becomes key to the latter's quest, although she has plans of her own."
tt11563598,A Complete Unknown,2024,141.0,7.0,122247.0,https://www.imdb.com/title/tt11563598/,https://m.media-amazon.com/images/M/MV5BYTA2NTA5NDYtMzlkOC00MTQxLWI0NDQtMzk2M2YzMGE4MTkxXkEyXkFqcGc@._V1_.jpg,Biography,"Biography, Drama, Music",James Mangold,"Timothée Chalamet, Joe Tippett, Edward Norton, Eriko Hatsune, Peter Gray Lewis, Peter Gerety, Lenny Grossman, David Wenzel","Timothée Chalamet, Joe Tippett, Edward Norton, Eriko Hatsune, Peter Gray Lewis, Peter Gerety, Lenny Grossman, David Wenzel, Monica Barbaro, Elle Fanning","Set in the influential New York City music scene of the early 1960s, ""A Complete Unknown"" follows 19-year-old Minnesota musician Bob Dylan's meteoric rise as a folk singer to concert halls and the top of the charts as his songs and his mystique become a worldwide sensation that culminates in his groundbreaking electric rock-and-roll performance at the Newport Folk Festival in 1965."
tt11655566,Lilo & Stitch,2025,108.0,7.0,98469.0,https://www.imdb.com/title/tt11655566/,https://m.media-amazon.com/images/M/MV5BYmFmZjM1ZTEtYzQ5ZS00MTRmLTkzMDktYWMxNTg2NGE3YjY4XkEyXkFqcGc@._V1_.jpg,Action,"Action, Adventure, Comedy, Drama, Family, Fantasy, Sci-Fi",Dean Fleischer Camp,"Maia Kealoha, Sydney Agudong, Chris Sanders, Zach Galifianakis, Billy Magnussen, Courtney B. Vance, Amy Hill, Tia Carrere","Maia Kealoha, Sydney Agudong, Chris Sanders, Zach Galifianakis, Billy Magnussen, Courtney B. Vance, Amy Hill, Tia Carrere, Kaipo Dudoit, Hannah Waddingham","A lonely Hawaiian girl befriends a runaway alien, helping to mend her fragmented family."
tt11724920,Dead Sea,2024,88.0,5.0,6413.0,https://www.imdb.com/title/tt11724920/,https://m.media-amazon.com/images/M/MV5BNGZiOGFhZDUtNDUyMi00ODhjLWIwZGQtNzQyMmQwNGMzMWZiXkEyXkFqcGc@._V1_.jpg,Crime,"Crime, Thriller",Phil Volken,"Isabel Gravitt, Genneya Walton, Koa Tom, Garrett Wareing, Alexander Wraith, Dean Cameron, Brian Silverman, Phoenix Volken","Isabel Gravitt, Genneya Walton, Koa Tom, Garrett Wareing, Alexander Wraith, Dean Cameron, Brian Silverman, Phoenix Volken, Audri Volken, Einar Haraldsson","After a tragic jet ski collision leaves her and her friends stranded in the open ocean, Kaya Adams is relieved when they are rescued by a passing fishing trawler. However, that relief is short-lived when she discovers that the ship's captain and his crew are running a sinister, illicit organ-trafficking operation. With her friends targeted as the next victims of the harvest, Kaya must rely on her resourcefulness to navigate the treacherous vessel, outwit the captors, and fight to survive a nightmarish ordeal at sea."
tt11773426,Kingdom,2025,158.0,6.0,5636.0,https://www.imdb.com/title/tt11773426/,https://m.media-amazon.com/images/M/MV5BMGJhMDAxYzktNDQ2ZC00ZTRjLThhOGQtZTk1ODEwZWZhNjZhXkEyXkFqcGc@._V1_.jpg,Action,"Action, Crime, Drama, Thriller",Gowtam Tinnanuri,"Vijay Deverakonda, Satyadev Kancharana, Bhagyashri Borse, Manish Chaudhari, Ayyappa P. Sharma, Rohini, Venkitesh V.P., Baburaj","Vijay Deverakonda, Satyadev Kancharana, Bhagyashri Borse, Manish Chaudhari, Ayyappa P. Sharma, Rohini, Venkitesh V.P., Baburaj, Ajith Koshy, Bhoomi Shetty","A cop haunted by his brother's disappearance accepts a covert mission to infiltrate a crime syndicate, but discovers its leader is a man from his past."
tt11908172,The Kill Room,2023,98.0,6.0,10251.0,https://www.imdb.com/title/tt11908172/,https://m.media-amazon.com/images/M/MV5BYjhmMzQ1NzEtMTlmYS00MjQzLWJlOGUtNGYzN2NhMzc0MGZjXkEyXkFqcGc@._V1_.jpg,Comedy,"Comedy, Thriller",Nicol Paone,"Alexis Linkletter, Joe Manganiello, Danny Plaza, Amy Keum, Neal Davidson, Uma Thurman, Maya Hawke, Zora Casebere","Alexis Linkletter, Joe Manganiello, Danny Plaza, Amy Keum, Neal Davidson, Uma Thurman, Maya Hawke, Zora Casebere, Ethan Herschenfeld, Ariel Eliaz","Patrice, an aging art dealer who's had one face lift too many, is in the middle of a tough period. With no art sales in sight, the chance that her gallery could go out of business is looming ever closer. Desperate to settle her debt with her drug supplier Nate, Patrice offers up a painting in place of cash. The painting catches the attention of Nate's boss, Gordon, who operates an underground criminal enterprise from a Jewish bakery. Gordon sees the potential to use Patrice's gallery as a money laundering operation since the value of art is highly subjective. Patrice, while clearly uncomfortable with the plan, reluctantly agrees. For the money laundering ruse to work properly, Gordon knows they need more art pieces. To achieve this, he enlists the help of Reggie, a professional assassin who goes by the alias ""The Bagman"". What begins as a desperate attempt to save her gallery quickly spirals out of control. The artwork that Reggie produces brings about a strange turn of events and causes turmoil in the art world. Even though she feels pressure from all sides, Patrice does her best to manage the situation."
tt11951276,The Other Zoey,2023,91.0,6.0,14595.0,https://www.imdb.com/title/tt11951276/,https://m.media-amazon.com/images/M/MV5BZjNhYzI1ZmMtMjYyYy00YzA5LTliMDUtYzdjMGJlZGM0YWM1XkEyXkFqcGc@._V1_.jpg,Comedy,"Comedy, Drama, Romance",Sara Zandieh,"Josephine Langford, Drew Starkey, Archie Renaux, Mallori Johnson, Andie MacDowell, Patrick Fabian, Heather Graham, Olive Abercrombie","Josephine Langford, Drew Starkey, Archie Renaux, Mallori Johnson, Andie MacDowell, Patrick Fabian, Heather Graham, Olive Abercrombie, Amalia Yoo, Maggie Thurmon","Zoey Miller (Josephine Langford), a super-smart college student who is uninterested in romantic love, has her life turned upside-down when Zach (Drew Starkey), the captain of the boys' soccer team, gets amnesia and mistakes her for his girlfriend. In an attempt to get closer to Zach's cousin Miles (Archie Renaux), a grad student who shares her intellectual interests, she joins his family on a ski trip for the weekend pretending to be Zach's girlfriend. Caught between the two men while maintaining the girlfriend facade, her determination to look for compatibility as opposed to romantic love begins to falter."
tt12001534,The Thursday Murder Club,2025,118.0,7.0,92502.0,https://www.imdb.com/title/tt12001534/,https://m.media-amazon.com/images/M/MV5BYmQ4NWVjN2EtN2U3NC00YzZhLWIzYmMtNjQ0ZjNiN2MzNDI0XkEyXkFqcGc@._V1_.jpg,Comedy,"Comedy, Crime, Mystery, Thriller",Chris Columbus,"Helen Mirren, Pierce Brosnan, Ben Kingsley, Celia Imrie, Naomi Ackie, Daniel Mays, Henry Lloyd-Hughes, Tom Ellis","Helen Mirren, Pierce Brosnan, Ben Kingsley, Celia Imrie, Naomi Ackie, Daniel Mays, Henry Lloyd-Hughes, Tom Ellis, Jonathan Pryce, David Tennant","Four irrepressible retirees spend their time solving cold case murders for fun, but their casual sleuthing takes a thrilling turn when they find themselves with a real whodunit on their hands."
tt1200263,The Color Purple,2023,141.0,7.0,20822.0,https://www.imdb.com/title/tt1200263/,https://m.media-amazon.com/images/M/MV5BYzg2ZGEzZjItZWY3Ni00MTFjLTk3ZmEtZTE1OGFmOTkzM2I4XkEyXkFqcGc@._V1_.jpg,Drama,"Drama, Musical",Blitz Bazawule,"Fantasia Barrino, Taraji P. Henson, Danielle Brooks, Colman Domingo, Corey Hawkins, Phylicia Pearl Mpasi, Halle Bailey, Ciara","Fantasia Barrino, Taraji P. Henson, Danielle Brooks, Colman Domingo, Corey Hawkins, Phylicia Pearl Mpasi, Halle Bailey, Ciara, H.E.R., David Alan Grier",In 1909 Celie a black American girl is given away in marriage by her abusive father to a local farmer Albert who treats her cruelly. Celie is God fearing and deliverance comes in the form of jazz singer who takes her away to another city far away from her misery. She now gets her long due happiness.
tt12037194,Furiosa: A Mad Max Saga,2024,148.0,7.0,327285.0,https://www.imdb.com/title/tt12037194/,https://m.media-amazon.com/images/M/MV5BNTcwYWE1NTYtOWNiYy00NzY3LWIwY2MtNjJmZDkxNDNmOWE1XkEyXkFqcGc@._V1_.jpg,Action,"Action, Adventure, Sci-Fi",George Miller,"Anya Taylor-Joy, Chris Hemsworth, Tom Burke, Alyla Browne, George Shevtsov, Lachy Hulme, John Howard, Angus Sampson","Anya Taylor-Joy, Chris Hemsworth, Tom Burke, Alyla Browne, George Shevtsov, Lachy Hulme, John Howard, Angus Sampson, Charlee Fraser, Elsa Pataky","As the world fell, young Furiosa is snatched from the Green Place of Many Mothers and falls into the hands of a great Biker Horde led by the Warlord Dementus. Sweeping through the Wasteland they come across the Citadel presided over by The Immortan Joe. While the two Tyrants war for dominance, Furiosa must survive many trials as she puts together the means to find her way home."
tt12226632,Big George Foreman,2023,129.0,7.0,13013.0,https://www.imdb.com/title/tt12226632/,https://m.media-amazon.com/images/M/MV5BZWM3N2JiYzMtOTY0NS00OWY2LWJmMjktZTU1YWEyYWY2OTg3XkEyXkFqcGc@._V1_.jpg,Biography,"Biography, Drama, Sport",George Tillman Jr.,"Khris Davis, Jasmine Mathews, Sullivan Jones, Lawrence Gilliard Jr., John Magaro, Sam Trammell, Sonja Sohn, Forest Whitaker","Khris Davis, Jasmine Mathews, Sullivan Jones, Lawrence Gilliard Jr., John Magaro, Sam Trammell, Sonja Sohn, Forest Whitaker, Shein Mompremier, Robert Cicchini","Follow the remarkable life and times of Foreman, from Olympic Gold medalist to World Heavyweight champion, from the Rumble in the Jungle fight with Muhammad Ali in Zaire to finding his faith, retiring, and becoming a preacher. When financial hardship hits his family and church, he steps back into the ring and regains the championship at age 45, becoming the oldest heavyweight champion in boxing history."
tt12261776,65,2023,93.0,5.0,108512.0,https://www.imdb.com/title/tt12261776/,https://m.media-amazon.com/images/M/MV5BZWQ2NjUyNWMtNDhlYy00Y2Y3LThlZTYtNzI3ODhiYjQ5YmFjXkEyXkFqcGc@._V1_.jpg,Action,"Action, Adventure, Sci-Fi, Thriller","Bryan Woods, Scott Beck","Adam Driver, Ariana Greenblatt, Chloe Coleman, Nika King, Brian Dare","Adam Driver, Ariana Greenblatt, Chloe Coleman, Nika King, Brian Dare","After a catastrophic crash, pilot Mills quickly discovers he's actually stranded on an unknown planet. Now, with only one chance at rescue, Mills must make his way across an unknown terrain riddled with dangerous prehistoric creatures in an epic fight to survive. From the writers of A Quiet Place comes 65, a sci-fi thriller produced by Sam Raimi, Deborah Liebling, Zainab Azizi, Scott Beck and Bryan Woods."
tt12263384,Extraction 2,2023,122.0,7.0,176375.0,https://www.imdb.com/title/tt12263384/,https://m.media-amazon.com/images/M/MV5BZGQwNDdhODAtY2Y0Ni00YzFhLTk1OGUtY2RkMDAzNzBmZjAxXkEyXkFqcGc@._V1_.jpg,Action,"Action, Crime, Thriller",Sam Hargrave,"Chris Hemsworth, Golshifteh Farahani, Adam Bessa, Tornike Gogrichiani, Demetre Kavelashvili, Tornike Bziava, Giga Shavadze, Tinatin Dalakishvili","Chris Hemsworth, Golshifteh Farahani, Adam Bessa, Tornike Gogrichiani, Demetre Kavelashvili, Tornike Bziava, Giga Shavadze, Tinatin Dalakishvili, Andro Japaridze, Mariami Kovziashvili",Mercenary Tyler Rake has accepted his next mission which is a challenging one. He has to rescue the family of a crime syndicate leader from a prison complex .With the help of his two associates Tyler launches the rescue operation overcoming strong resistance from adversaries.
tt12299608,Mickey 17,2025,137.0,7.0,262277.0,https://www.imdb.com/title/tt12299608/,https://m.media-amazon.com/images/M/MV5BZGQwYmEzMzktYzBmMy00NmVmLTkyYTUtOTYyZjliZDNhZGVkXkEyXkFqcGc@._V1_.jpg,Adventure,"Adventure, Comedy, Fantasy, Sci-Fi",Bong Joon Ho,"Robert Pattinson, Steven Yeun, Michael Monroe, Patsy Ferran, Cameron Britton, Christian Patterson, Lloyd Hutchinson, Samuel Blenkin","Robert Pattinson, Steven Yeun, Michael Monroe, Patsy Ferran, Cameron Britton, Christian Patterson, Lloyd Hutchinson, Samuel Blenkin, Ian Hanmore, Sabet Choudhury","During a human expedition to colonize space, Mickey 17, a so-called ""expendable"" employee, is sent to explore an ice planet."
tt12300742,Bugonia,2025,118.0,7.0,223993.0,https://www.imdb.com/title/tt12300742/,https://m.media-amazon.com/images/M/MV5BNzIzNWQxMjEtZmQ3MS00OTk2LWFlZjktZDUyYWRkM2M3NWVlXkEyXkFqcGc@._V1_.jpg,Comedy,"Comedy, Crime, Sci-Fi, Thriller",Yorgos Lanthimos,"Jesse Plemons, Aidan Delbis, Emma Stone, J. Carmen Galindez Barrera, Marc T. Lewis, Vanessa Eng, Cedric Dumornay, Alicia Silverstone","Jesse Plemons, Aidan Delbis, Emma Stone, J. Carmen Galindez Barrera, Marc T. Lewis, Vanessa Eng, Cedric Dumornay, Alicia Silverstone, Stavros Halkias, Momma Cherri","Strange beliefs and unfounded convictions have shaped conspiracy theorist Teddy Gatz into the man he is today. And haunted by the crazy idea that malevolent extraterrestrials live among us, Teddy has embarked on a quixotic crusade to rid humankind of the otherworldly menace. His latest target is Michelle Fuller, the high-profile CEO of Auxolith Biomedical, and Teddy is determined to beat a confession out of her. All he needs is courage. Now, reason won't cut it, and Fuller's intricate mind games won't save her skin, unless she comes clean about her sinister hidden agenda. However, Michelle is such a lovely person--perhaps a bit cold, but still a living, breathing human being. Then again, what if Gatz is onto something?"
tt12573480,Hold Your Breath,2024,94.0,5.0,10264.0,https://www.imdb.com/title/tt12573480/,https://m.media-amazon.com/images/M/MV5BYzc4ZjUyOWItOGQ4My00YzM2LTg3YTUtMGM0MmFlYWNhMWZiXkEyXkFqcGc@._V1_.jpg,Drama,"Drama, Horror, Mystery, Thriller","Karrie Crouse, William Joines","Sarah Paulson, Amiah Miller, Alona Jane Robbins, Annaleigh Ashford, Ebon Moss-Bachrach, Arron Shiver, Bill Heck, Frances Lee McCain","Sarah Paulson, Amiah Miller, Alona Jane Robbins, Annaleigh Ashford, Ebon Moss-Bachrach, Arron Shiver, Bill Heck, Frances Lee McCain, Courtney Cunningham, James Healy Jr.","In 1930s Oklahoma amid the region's horrific dust storms, a woman is convinced that a sinister presence is threatening her family."
tt12584954,Twisters,2024,122.0,7.0,200301.0,https://www.imdb.com/title/tt12584954/,https://m.media-amazon.com/images/M/MV5BNjM4MWEwMTEtNTcwYi00ZDI4LWEwMzUtNDMzODBhZmI5MWE1XkEyXkFqcGc@._V1_.jpg,Action,"Action, Adventure, Thriller",Lee Isaac Chung,"Daisy Edgar-Jones, Glen Powell, Anthony Ramos, Brandon Perea, Maura Tierney, Harry Hadden-Paton, Sasha Lane, Daryl McCormack","Daisy Edgar-Jones, Glen Powell, Anthony Ramos, Brandon Perea, Maura Tierney, Harry Hadden-Paton, Sasha Lane, Daryl McCormack, Kiernan Shipka, Nik Dodani","As storm season intensifies, the paths of former storm chaser Kate Carter, lured back to the open plains after a devastating encounter years prior, and reckless social-media superstar Tyler Owens collide when terrifying phenomena never seen before are unleashed. The pair and their competing teams find themselves squarely in the paths of multiple storm systems converging over central Oklahoma in the fight of their lives."
tt12610390,The Union,2024,107.0,6.0,59309.0,https://www.imdb.com/title/tt12610390/,https://m.media-amazon.com/images/M/MV5BY2I0YmNiNmEtNWI2My00NDU5LWIwZWItNWNkNjFmYWJjNTMxXkEyXkFqcGc@._V1_.jpg,Action,"Action, Comedy, Thriller",Julian Farino,"Mark Wahlberg, Halle Berry, J.K. Simmons, Mike Colter, Alice Lee, Jessica De Gouw, Adewale Akinnuoye-Agbaje, Jackie Earle Haley","Mark Wahlberg, Halle Berry, J.K. Simmons, Mike Colter, Alice Lee, Jessica De Gouw, Adewale Akinnuoye-Agbaje, Jackie Earle Haley, Lucy Cork, Patch Darragh","Construction worker Mike is thrust into the world of espionage when his high school sweetheart, Roxanne, recruits him for a high-stakes intelligence mission."
tt12619462,The Man in My Basement,2025,115.0,5.0,4102.0,https://www.imdb.com/title/tt12619462/,https://m.media-amazon.com/images/M/MV5BZGE0MTFjMDAtNDhkOC00MWUyLWEyYWEtNDY4MzJhMWZjZWFlXkEyXkFqcGc@._V1_.jpg,Mystery,"Mystery, Thriller",Nadia Latif,"Corey Hawkins, Willem Dafoe, Anna Diop, Jonathan Ajayi, Gershwyn Eustache Jnr, Pamela Nomvete, Tamara Lawrance, Brian Bovell","Corey Hawkins, Willem Dafoe, Anna Diop, Jonathan Ajayi, Gershwyn Eustache Jnr, Pamela Nomvete, Tamara Lawrance, Brian Bovell, Lizzie Lomas, Mark Arnold","Charles Blakey, a man living in Sag Harbor, is stuck in a rut, out of luck and about to lose his ancestral home when a peculiar businessman offers to rent his basement for the summer."
tt1262426,Wicked,2024,160.0,7.0,257267.0,https://www.imdb.com/title/tt1262426/,https://m.media-amazon.com/images/M/MV5BOWMwYjYzYmMtMWQ2Ni00NWUwLTg2MzAtYzkzMDBiZDIwOTMwXkEyXkFqcGc@._V1_.jpg,Fantasy,"Fantasy, Musical, Romance",Jon M. Chu,"Cynthia Erivo, Ariana Grande, Jeff Goldblum, Michelle Yeoh, Jonathan Bailey, Ethan Slater, Marissa Bode, Peter Dinklage","Cynthia Erivo, Ariana Grande, Jeff Goldblum, Michelle Yeoh, Jonathan Bailey, Ethan Slater, Marissa Bode, Peter Dinklage, Andy Nyman, Courtney Mae-Briggs","Elphaba, a young woman with green skin, navigates life at Shiz University and forms an unlikely friendship with the popular Galinda. Their bond deepens as they encounter the Wizard of Oz, leading to a series of events that ultimately shape their destinies and transform them into the Wicked Witch of the West and Glinda the Good."
tt12672536,Les trois mousquetaires: D'Artagnan,2023,121.0,7.0,27560.0,https://www.imdb.com/title/tt12672536/,https://m.media-amazon.com/images/M/MV5BY2FlN2ZiYTItNzBlMi00OWY5LWFlNzMtMTgzMTJlNTVkNGJiXkEyXkFqcGc@._V1_.jpg,Action,"Action, Adventure, History",Martin Bourboulon,"François Civil, Vincent Cassel, Romain Duris, Pio Marmaï, Eva Green, Louis Garrel, Vicky Krieps, Lyna Khoudri","François Civil, Vincent Cassel, Romain Duris, Pio Marmaï, Eva Green, Louis Garrel, Vicky Krieps, Lyna Khoudri, Jacob Fortune-Lloyd, Eric Ruf","D'Artagnan, a spirited young boy, is left for dead after trying to save a young woman from being kidnapped. When he arrives in Paris, he tries by all means to find his attackers. He is unaware that his quest will lead him to the heart of a real war where the future of France is at stake. Allied with Athos, Porthos and Aramis, three musketeers of the King with a dangerous temerity, D'Artagnan faces the dark machinations of the Cardinal of Richelieu. But it is when he falls madly in love with Constance Bonacieux, the Queen's confidante, that d'Artagnan truly puts himself in danger. For it is this passion that leads him into the wake of the one who becomes his mortal enemy: Milady de Winter."
tt12672620,Les trois mousquetaires: Milady,2023,115.0,6.0,13139.0,https://www.imdb.com/title/tt12672620/,https://m.media-amazon.com/images/M/MV5BN2MyY2EzNmMtODMxYS00YzNjLWI2NzUtNDgwMjk5NDM4ZmQzXkEyXkFqcGc@._V1_.jpg,Action,"Action, Adventure, Drama, History",Martin Bourboulon,"François Civil, Vincent Cassel, Romain Duris, Pio Marmaï, Eva Green, Louis Garrel, Vicky Krieps, Lyna Khoudri","François Civil, Vincent Cassel, Romain Duris, Pio Marmaï, Eva Green, Louis Garrel, Vicky Krieps, Lyna Khoudri, Jacob Fortune-Lloyd, Eric Ruf","D'Artagnan finds himself in a perilous situation after Constance Bonacieux is kidnapped. To save her, he must form an unlikely alliance with the enigmatic Milady Dee Winter. As war erupts and Athos, Porthos, and Aramis join the front lines, a dark secret from the past threatens to shatter old alliances. D'Artagnan and Milady must navigate a treacherous path, facing danger and betrayal, to rescue Constance and protect the kingdom."
tt12736014,CTRL,2024,99.0,6.0,7066.0,https://www.imdb.com/title/tt12736014/,https://m.media-amazon.com/images/M/MV5BNDc4ODRjZTMtMGUyMS00ODcwLWFhNzgtZDdkMTNiN2EwZDc3XkEyXkFqcGc@._V1_.jpg,Drama,"Drama, Thriller",Vikramaditya Motwane,"Ananya Panday, Vihaan Samat, Devika Vatsa, Kamakshi Bhat, Aparshakti Khurana, Samit Gambhir, Ravish Desai, Suchita Trivedi","Ananya Panday, Vihaan Samat, Devika Vatsa, Kamakshi Bhat, Aparshakti Khurana, Samit Gambhir, Ravish Desai, Suchita Trivedi, Tanmay Bhat, Rohan Joshi","CTRL (the keyboard shortcut for control) revolves around a couple Nella (Ananya Panday) and Joe (Vihaan Samat), who meet as teenagers and hit it off. The cute relationship wins over the internet, and both turn influencers, vlogging important moments from their daily lives. It soon becomes almost a transactional relationship, where earning money gains a lot of importance. Until one day Nella accidentally livestreams Joe cheating on her and breaks up with him. She is advised by a follower to use the CTRL app and erase Joe forever from her life. CTRL is an AI assistant, who promises to remove all digital footprint of Joe. As the process might take a longer time, the app innocuously asks for permission to gain administrative control over her computer. Things (of course) go south immediately."
tt12810074,Nightbitch,2024,99.0,6.0,25786.0,https://www.imdb.com/title/tt12810074/,https://m.media-amazon.com/images/M/MV5BNjI2NzNjMDAtMjI3NC00YzJhLWIyYTktNzZhMzg0MmRkNDM3XkEyXkFqcGc@._V1_.jpg,Comedy,"Comedy, Drama, Fantasy, Horror",Marielle Heller,"Amy Adams, Scoot McNairy, Arleigh Snowden, Emmett Snowden, Jessica Harper, Zoë Chao, Mary Holland, Archana Rajan","Amy Adams, Scoot McNairy, Arleigh Snowden, Emmett Snowden, Jessica Harper, Zoë Chao, Mary Holland, Archana Rajan, Nate Heller, Darius De La Cruz","A woman, thrown into the stay-at-home routine of raising a toddler in the suburbs, slowly embraces the feral power deeply rooted in motherhood, as she becomes increasingly aware of the bizarre and undeniable signs that she may be turning into a dog."
tt12930350,My Spy: The Eternal City,2024,112.0,6.0,12994.0,https://www.imdb.com/title/tt12930350/,https://m.media-amazon.com/images/M/MV5BMjVhMTBlN2QtMWJmOS00OTliLWEwZTUtZjI3NWM2NjdmZjI3XkEyXkFqcGc@._V1_.jpg,Action,"Action, Comedy",Peter Segal,"Dave Bautista, Chloe Coleman, Kristen Schaal, Ken Jeong, Anna Faris, Flula Borg, Taeho K, Billy Barratt","Dave Bautista, Chloe Coleman, Kristen Schaal, Ken Jeong, Anna Faris, Flula Borg, Taeho K, Billy Barratt, Craig Robinson, Tamer Burjaq","JJ, a veteran CIA agent, reunites with his protégé Sophie, in order to prevent a catastrophic nuclear scheme threatening Vatican City, which disrupts a high school choir trip to Italy."
tt12964320,Role Play,2024,100.0,6.0,21062.0,https://www.imdb.com/title/tt12964320/,https://m.media-amazon.com/images/M/MV5BYmEwNzllZTEtZmY4Yy00OTYxLWJhZmEtMGQzYzJjZDM1OGM4XkEyXkFqcGc@._V1_.jpg,Action,"Action, Comedy, Romance",Thomas Vincent,"Kaley Cuoco, David Oyelowo, Bill Nighy, Connie Nielsen, Rudi Dharmalingam, Lucia Aliu, Regan Bryan-Gudgeon, Simon Delaney","Kaley Cuoco, David Oyelowo, Bill Nighy, Connie Nielsen, Rudi Dharmalingam, Lucia Aliu, Regan Bryan-Gudgeon, Simon Delaney, Sonita Henry, Jade-Eleena Dregorius","Dave (David Oyelowo) and Emma (Kaley Cuoco) have the seemingly perfect life - two kids, suburban house, good jobs - but they just want a little more fun. In fact, they need it. Looking to shake things up, they decide to ROLE PLAY. The rules are simple - they meet as strangers for one night to rekindle their relationship. While waiting for her 'stranger' at a hotel bar in New York, Emma attracts the attention of a mysterious older man (Bill Nighy), who stays to buy her and Dave drinks long into the night. 24 hours later, the man is found dead and a murder investigation is launched. Emma and Dave's role play game now becomes a case of mistaken identity that leads to Emma disappearing and Dave being questioned by the police for murder. As disguises unravel, Dave uncovers the unbelievable truth: his wife Emma is a professional assassin who has been living a double life for years."
tt12965390,Perfect Addiction,2023,97.0,6.0,5084.0,https://www.imdb.com/title/tt12965390/,https://m.media-amazon.com/images/M/MV5BOTJiOWI0ZDEtMDA4ZS00YmI5LWE0YmQtNjU0OTkwNzVjMDZhXkEyXkFqcGc@._V1_.jpg,Action,"Action, Drama, Romance, Sport",Castille Landon,"Kiana Madeira, Ross Butler, Matthew Noszka, Manu Bennett, Briana Albrektsen, Nicholas Duvernay, Poppy Gilbert, Ryan Bown","Kiana Madeira, Ross Butler, Matthew Noszka, Manu Bennett, Briana Albrektsen, Nicholas Duvernay, Poppy Gilbert, Ryan Bown, Cecilia Diesch, Alex Czerwinski","The story centers on successful boxing trainer Sienna Lane, who discovers that her boyfriend Jax, the reigning champion, has been cheating on her with her own sister. She sets out to get revenge by training the one man capable of dethroning him: his arch-nemesis Kayden."
tt12972134,Hounds of War,2024,95.0,5.0,2581.0,https://www.imdb.com/title/tt12972134/,https://m.media-amazon.com/images/M/MV5BMGM4NTYxMjktOTIxMS00NTQ0LWI1ZjAtY2JmODM1YjgyNTUzXkEyXkFqcGc@._V1_.jpg,Action,"Action, Drama",Isaac Florentine,"Frank Grillo, Robert Patrick, Rhona Mitra, Leeshon Alexander, Urs Rechn, Matthew Marsh, Steven Elder, Victor Solé","Frank Grillo, Robert Patrick, Rhona Mitra, Leeshon Alexander, Urs Rechn, Matthew Marsh, Steven Elder, Victor Solé, Seydina Baldé, Marc Hoang","Ryder and his professional, ruthless elite team have been on covert missions for the US government, overthrowing regimes and neutralizing targets for their country. But their knowledge makes them a threat and a presidential order demands their annihilation. They are sent to Libya on a false mission, where they walk into a trap set by their own contact and are brutally annihilated."
tt13098590,Fear Below,2025,85.0,5.0,2672.0,https://www.imdb.com/title/tt13098590/,https://m.media-amazon.com/images/M/MV5BNmU3NzE4MjgtZDc3MS00OTYxLTk5MWEtZmFkYzE1Yjc2ODA4XkEyXkFqcGc@._V1_.jpg,Action,"Action, Adventure, Horror, Western",Matthew Holmes,"Hermione Corfield, Jake Ryan, Josh McConville, Jacob Junior Nayinggul, Arthur Angel, Maximillian Johnson, Clayton Watson, Kevin Dee","Hermione Corfield, Jake Ryan, Josh McConville, Jacob Junior Nayinggul, Arthur Angel, Maximillian Johnson, Clayton Watson, Kevin Dee, Will Fletcher, Sam Parsonson","A team of professional divers in 1940's Australia hired to locate a sunken car in a river whose efforts are thwarted by a deadly bull shark hunting in the waters. When the divers discover they are working for ruthless criminals trying to recover their stolen gold bullion, the bank robbers prove to be as treacherous as what lurks beneath the surface."
tt1312221,Frankenstein,2025,149.0,7.0,336779.0,https://www.imdb.com/title/tt1312221/,https://m.media-amazon.com/images/M/MV5BYzYzNDYxMTQtMTU4OS00MTdlLThhMTQtZjI4NGJmMTZmNmRiXkEyXkFqcGc@._V1_.jpg,Drama,"Drama, Fantasy, Horror, Sci-Fi",Guillermo del Toro,"Oscar Isaac, Jacob Elordi, Christoph Waltz, Mia Goth, Felix Kammerer, Charles Dance, David Bradley, Lars Mikkelsen","Oscar Isaac, Jacob Elordi, Christoph Waltz, Mia Goth, Felix Kammerer, Charles Dance, David Bradley, Lars Mikkelsen, Christian Convery, Nikolaj Lie Kaas","Oscar-winning director Guillermo del Toro adapts Mary Shelley's classic tale of Victor Frankenstein, a brilliant but egotistical scientist who brings a creature to life in a monstrous experiment that ultimately leads to the undoing of both the creator and his tragic creation."
tt13186306,War of the Worlds,2025,91.0,3.0,34663.0,https://www.imdb.com/title/tt13186306/,https://m.media-amazon.com/images/M/MV5BOWVlZDUzNTgtYzcxNC00OTYyLThlZjYtZDc1MTM2ZmI1Y2IzXkEyXkFqcGc@._V1_.jpg,Action,"Action, Adventure, Sci-Fi, Thriller",Rich Lee,"Ice Cube, Eva Longoria, Iman Benson, Henry Hunter Hall, Devon Bostick, Andrea Savage, Clark Gregg, Nicole Pulliam","Ice Cube, Eva Longoria, Iman Benson, Henry Hunter Hall, Devon Bostick, Andrea Savage, Clark Gregg, Nicole Pulliam, Michael O'Neill, Jim Meskimen","A colossal invasion of Earth is coming in this off-kilter take on the legendary novel of the same name, filled with present-day themes of technology, government surveillance, and privacy."
tt13186482,Mufasa: The Lion King,2024,118.0,7.0,84696.0,https://www.imdb.com/title/tt13186482/,https://m.media-amazon.com/images/M/MV5BYjBkOWUwODYtYWI3YS00N2I0LWEyYTktOTJjM2YzOTc3ZDNlXkEyXkFqcGc@._V1_.jpg,Animation,"Animation, Adventure, Drama, Family, Musical",Barry Jenkins,"Aaron Pierre, Kelvin Harrison Jr., Tiffany Boone, Kagiso Lediga, Preston Nyman, Blue Ivy Carter, John Kani, Mads Mikkelsen","Aaron Pierre, Kelvin Harrison Jr., Tiffany Boone, Kagiso Lediga, Preston Nyman, Blue Ivy Carter, John Kani, Mads Mikkelsen, Seth Rogen, Billy Eichner","Mufasa, a young lion cub separated from his parents by a flood, finds himself rescued by another cub named Taka. They form a strong bond despite their differing backgrounds, but their friendship is tested when a threat to their pride forces them to confront their pasts and determine their true loyalties."
tt13274016,Reptile,2023,134.0,7.0,111969.0,https://www.imdb.com/title/tt13274016/,https://m.media-amazon.com/images/M/MV5BN2ZkOGI0ZDgtMTJlZi00Y2QyLTg2YWEtNmI2MzcwYWIwYzUwXkEyXkFqcGc@._V1_.jpg,Crime,"Crime, Drama, Mystery, Thriller",Grant Singer,"Benicio Del Toro, Justin Timberlake, Eric Bogosian, Alicia Silverstone, Domenick Lombardozzi, Frances Fisher, Ato Essandoh, Michael Pitt","Benicio Del Toro, Justin Timberlake, Eric Bogosian, Alicia Silverstone, Domenick Lombardozzi, Frances Fisher, Ato Essandoh, Michael Pitt, Karl Glusman, Mike Pniewski","Detective Tom Nichols arrives at a brutal crime scene after real estate agent Summer Elswick is murdered inside a vacant property. As Tom and Detective Dan Cleary investigate, suspicion falls on Summer's boyfriend Will Grady, her estranged husband Sam Gifford, and local troublemaker Eli Phillips. Evidence appears to point toward a straightforward solution, yet Tom remains unconvinced. With support from his wife Judy, he continues pulling at loose threads that connect powerful figures, hidden business interests, and troubling inconsistencies. Each discovery increases the pressure on Tom as the case expands beyond a single homicide and into something far larger."
tt13345606,Evil Dead Rise,2023,96.0,7.0,177329.0,https://www.imdb.com/title/tt13345606/,https://m.media-amazon.com/images/M/MV5BMjM1ZmViMmYtOGYzZC00YzhmLWE0MTMtMzNjYzcyNjEwYWRkXkEyXkFqcGc@._V1_.jpg,Horror,Horror,Lee Cronin,"Mirabai Pease, Richard Crouchley, Anna-Maree Thomas, Lily Sullivan, Noah Paul, Alyssa Sutherland, Gabrielle Echols, Morgan Davies","Mirabai Pease, Richard Crouchley, Anna-Maree Thomas, Lily Sullivan, Noah Paul, Alyssa Sutherland, Gabrielle Echols, Morgan Davies, Nell Fisher, Billy Reynolds-McCarthy","Moving the action out of the woods and into the city, ""Evil Dead Rise"" tells a twisted tale of two estranged sisters, played by Sutherland and Sullivan, whose reunion is cut short by the rise of flesh possessing demons, thrusting them into a primal battle for survival as they face the most nightmarish version of family imaginable."
tt13357520,Heads of State,2025,116.0,6.0,72266.0,https://www.imdb.com/title/tt13357520/,https://m.media-amazon.com/images/M/MV5BYWFmNjg0ZGMtZmI5OC00YTAwLWFiMmMtOWRkNzQ0OTE1YWEwXkEyXkFqcGc@._V1_.jpg,Action,"Action, Adventure, Comedy, Thriller",Ilya Naishuller,"Idris Elba, John Cena, Priyanka Chopra Jonas, Paddy Considine, Carla Gugino, Stephen Root, Jack Quaid, Sarah Niles","Idris Elba, John Cena, Priyanka Chopra Jonas, Paddy Considine, Carla Gugino, Stephen Root, Jack Quaid, Sarah Niles, Richard Coyle, Alexander Kuznetsov","When the U.K. Prime Minister and U.S. President become the targets of a foreign adversary, they are forced to rely on each other to thwart a global conspiracy."
tt13375076,The Pope's Exorcist,2023,103.0,6.0,103796.0,https://www.imdb.com/title/tt13375076/,https://m.media-amazon.com/images/M/MV5BMWFhZGRiNjItNjAzNC00NjdlLTk5YWUtOTNkNzYwMTE4YzA3XkEyXkFqcGc@._V1_.jpg,Horror,"Horror, Thriller",Julius Avery,"Russell Crowe, Daniel Zovatto, Alexandra Essoe, Franco Nero, Peter DeSouza-Feighoney, Laurel Marsden, Cornell John, Ryan O'Grady","Russell Crowe, Daniel Zovatto, Alexandra Essoe, Franco Nero, Peter DeSouza-Feighoney, Laurel Marsden, Cornell John, Ryan O'Grady, Bianca Bardoe, Santi Bayón","Inspired by the actual files of Father Gabriele Amorth, Chief Exorcist of the Vatican, The Pope's Exorcist follows Amorth as he investigates a young boy's terrifying possession and ends up uncovering a centuries-old conspiracy the Vatican has desperately tried to keep hidden."
tt13429870,Robot Dreams,2023,103.0,8.0,25837.0,https://www.imdb.com/title/tt13429870/,https://m.media-amazon.com/images/M/MV5BNjVhYWRkZjAtNTA1Mi00NDVkLWI2NjAtNzQxOTJlMWRjMDQ1XkEyXkFqcGc@._V1_.jpg,Animation,"Animation, Comedy, Drama, Family",Pablo Berger,Ivan Labanda,Ivan Labanda,"DOG lives in Manhattan and he's tired of being alone. One day he decides to build himself a robot, a companion. Their friendship blossoms, until they become inseparable, to the rhythm of 80's NYC. One summer night, DOG, with great sadness, is forced to abandon ROBOT at the beach. Will they ever meet again?"
tt13452446,Damsel,2024,110.0,6.0,122326.0,https://www.imdb.com/title/tt13452446/,https://m.media-amazon.com/images/M/MV5BZTAzODc1ZjUtNGQwZS00YTc2LTliNzQtMDdlNzllNmU5Yzk4XkEyXkFqcGc@._V1_.jpg,Action,"Action, Adventure, Fantasy",Juan Carlos Fresnadillo,"Millie Bobby Brown, Ray Winstone, Angela Bassett, Brooke Carter, Nick Robinson, Robin Wright, Milo Twomey, Nicole Joseph","Millie Bobby Brown, Ray Winstone, Angela Bassett, Brooke Carter, Nick Robinson, Robin Wright, Milo Twomey, Nicole Joseph, Patrice Naiambana, Ulli Ackermann","A young woman, Elodie, meets a handsome prince and they fall in love. At their wedding it is revealed that the prince had more sinister reasons for courting her: she is to be sacrificed to a dragon that has been terrorising the kingdom. Elodie now has to fight for her survival."
tt13521006,Beau Is Afraid,2023,179.0,7.0,80265.0,https://www.imdb.com/title/tt13521006/,https://m.media-amazon.com/images/M/MV5BMTdmYmQ5MjctYzU3NS00N2I0LTkwYTYtZWMxNTVhOTRkODA1XkEyXkFqcGc@._V1_.jpg,Comedy,"Comedy, Drama, Horror, Thriller",Ari Aster,"Joaquin Phoenix, Patti LuPone, Amy Ryan, Nathan Lane, Kylie Rogers, Denis Ménochet, Parker Posey, Zoe Lister-Jones","Joaquin Phoenix, Patti LuPone, Amy Ryan, Nathan Lane, Kylie Rogers, Denis Ménochet, Parker Posey, Zoe Lister-Jones, Armen Nahapetian, Julia Antonelli","With his mother's gloomy spectre looming over his entire life, grizzled outcast Beau has never made sense of his miserable existence. And perpetually baffled by reality and his conflicting urgent needs, the neurotic New Yorker gets a hearty slice of crippling anxiety and sheer paranoia when he sets foot in a strangely familiar war zone: his neighbourhood. But as the pill-popping hermit reluctantly embarks on a Sisyphean quest for answers, determined to reunite with his estranged mum at all costs, Beau must summon every last ounce of courage to confront everything that has kept him in the dark. To have a fighting chance of deciphering the sinister secrets that continue to rule his life, Beau must grapple with deep-seated phobias, deal with heavy guilt, and face the menacing parent. Because, in his case, love was a fiendish trap--the labyrinthine depths of maternal affection were only the means to an end. Now, the drugs don't work, and Beau is afraid. As the universe conspires against his conquest and the end draws near, will Beau be able to fight his inner demons for a change?"
tt13622970,Moana 2,2024,100.0,6.0,129954.0,https://www.imdb.com/title/tt13622970/,https://m.media-amazon.com/images/M/MV5BZDUxNThhYTUtYjgxNy00MGQ4LTgzOTEtZjg1YTU5NTcwNThlXkEyXkFqcGc@._V1_.jpg,Animation,"Animation, Adventure, Comedy, Family, Fantasy, Musical","Dana Ledoux Miller, David G. Derrick Jr., Jason Hand","Auli'i Cravalho, Dwayne Johnson, Hualālai Chung, Rose Matafeo, David Fane, Awhimai Fraser, Khaleesi Lambert-Tsuda, Temuera Morrison","Auli'i Cravalho, Dwayne Johnson, Hualālai Chung, Rose Matafeo, David Fane, Awhimai Fraser, Khaleesi Lambert-Tsuda, Temuera Morrison, Nicole Scherzinger, Rachel House","After receiving an unexpected call from her wayfinding ancestors, Moana must journey to the far seas of Oceania and into dangerous, long-lost waters for an adventure unlike anything she's ever faced."
tt13650700,A Big Bold Beautiful Journey,2025,109.0,6.0,23743.0,https://www.imdb.com/title/tt13650700/,https://m.media-amazon.com/images/M/MV5BMzMwZWJiYjEtM2RkMi00ZDhjLTk4ZmMtZDQ2NDY2YTJkOTE5XkEyXkFqcGc@._V1_.jpg,Drama,"Drama, Fantasy, Romance",Kogonada,"Colin Farrell, Margot Robbie, Jennifer Grant, Hamish Linklater, Phoebe Waller-Bridge, Kevin Kline, Jodie Turner-Smith, Lucy Thomas","Colin Farrell, Margot Robbie, Jennifer Grant, Hamish Linklater, Phoebe Waller-Bridge, Kevin Kline, Jodie Turner-Smith, Lucy Thomas, Mike Meldman, Brandon Perea","In this tale, David heads to a wedding in his old car with a unique GPS. He meets Sarah, and together, they embark on a journey suggested by the GPS. Along the way, they confront their pasts and explore painted landscapes, leading to a deeper connection. As they contemplate their future, they face a crucial decision about their relationship."
tt13650742,Suncoast,2024,109.0,7.0,8647.0,https://www.imdb.com/title/tt13650742/,https://m.media-amazon.com/images/M/MV5BYmU1ZTliMWItODJkOC00ZWFhLTlkYmItMGIxNTdkOGYyNDk1XkEyXkFqcGc@._V1_.jpg,Drama,Drama,Laura Chinn,"Nico Parker, Laura Linney, Woody Harrelson, Daniella Taylor, Ella Anderson, Amarr, Ariel Martin, Keyla Monterroso Mejia","Nico Parker, Laura Linney, Woody Harrelson, Daniella Taylor, Ella Anderson, Amarr, Ariel Martin, Keyla Monterroso Mejia, Pam Dougherty, Jason Burkey","SUNCOAST, inspired by Chinn's life experience from the early 2000s, follows a teenager (Nico Parker) living with her strong-willed mother (Laura Linney), who must take her brother (Cree Kawa) to live at a specialized facility. There, she strikes up an unlikely friendship with an eccentric activist (Woody Harrelson) amidst protests surrounding one of the most landmark medical cases of all time."
tt13650814,Borderline,2025,94.0,6.0,10779.0,https://www.imdb.com/title/tt13650814/,https://m.media-amazon.com/images/M/MV5BNzEwODNiNjItNTZhNi00OWVkLWFhMmUtMjUxZThlYzFhNjY5XkEyXkFqcGc@._V1_.jpg,Comedy,"Comedy, Horror, Thriller",Jimmy Warden,"Samara Weaving, Ray Nicholson, Eric Dane, Jimmie Fails, Alba Baptista, Patrick Cox, Yasmeen Kelders, Catherine Lough Haggquist","Samara Weaving, Ray Nicholson, Eric Dane, Jimmie Fails, Alba Baptista, Patrick Cox, Yasmeen Kelders, Catherine Lough Haggquist, Terence Kelly, April Cameron","A world-famous pop star is taken hostage in her Los Angeles home by an obsessed fan who believes they are destined to marry. As he transforms her house into a twisted wedding venue, she must rely on her bodyguard to escape before it's too late."
tt13651794,May December,2023,117.0,7.0,74018.0,https://www.imdb.com/title/tt13651794/,https://m.media-amazon.com/images/M/MV5BMjA0ODViOWUtYzFjYy00ZDZlLWFlMmMtMjU2NzFmNWNlZmFhXkEyXkFqcGc@._V1_.jpg,Comedy,"Comedy, Drama",Todd Haynes,"Natalie Portman, Chris Tenzis, Charles Melton, Julianne Moore, Andrea Frankle, Gabriel Barbosa, Mikenzie Taylor, Jocelyn Shelfo","Natalie Portman, Chris Tenzis, Charles Melton, Julianne Moore, Andrea Frankle, Gabriel Barbosa, Mikenzie Taylor, Jocelyn Shelfo, Elizabeth Yu, Mike Lopez","Middle aged Gracie lives a happy, well settled life with her husband. Some years ago she was involved in an unsavory scandal but for her it is all in the past. Movie actress Elizabeth is on a visit to this home and she is on a mission. This visit is a part of her preparation to play the role of Gracie in a movie being made. As she goes about talking to the family members Gracie wonders whether Elizabeth will uncover some secrets from her past and will some skeletons be revealed."
tt13652286,Fight or Flight,2024,102.0,6.0,28597.0,https://www.imdb.com/title/tt13652286/,https://m.media-amazon.com/images/M/MV5BMmE4YTQxMjctMWFlZC00OTY5LWJiNTctZjFhNTJlMmIxMmViXkEyXkFqcGc@._V1_.jpg,Action,"Action, Comedy",James Madigan,"Josh Hartnett, Charithra Chandran, Katee Sackhoff, Julian Kostov, Marko Zaror, JuJu Chan Szeto, Danny Ashok, Hughie O'Donnell","Josh Hartnett, Charithra Chandran, Katee Sackhoff, Julian Kostov, Marko Zaror, JuJu Chan Szeto, Danny Ashok, Hughie O'Donnell, Jyuddah Jaymes, Willem van der Vegt",A mercenary takes on the job of tracking down a target on a plane but must protect that target when they're surrounded by people trying to kill both of them.
tt13654226,The Gorge,2025,128.0,7.0,180207.0,https://www.imdb.com/title/tt13654226/,https://m.media-amazon.com/images/M/MV5BOTQ5Y2QyYTktYmFmZi00NWJlLWE0MzgtYTA4M2I0ZjQwZjcxXkEyXkFqcGc@._V1_.jpg,Action,"Action, Adventure, Horror, Romance, Sci-Fi",Scott Derrickson,"Miles Teller, Anya Taylor-Joy, Sigourney Weaver, Sope Dirisu, William Houston, Kobna Holdbrook-Smith, James Marlowe, Julianna Kurokawa","Miles Teller, Anya Taylor-Joy, Sigourney Weaver, Sope Dirisu, William Houston, Kobna Holdbrook-Smith, James Marlowe, Julianna Kurokawa, Ruta Gedmintas, Oliver Trevena","Two highly-trained operatives are appointed to posts in guard towers on opposite sides of a vast and highly classified gorge, protecting the world from an undisclosed, mysterious evil that lurks within. They bond from a distance while trying to stay vigilant in defending against an unseen enemy. When the cataclysmic threat to humanity is revealed to them, they must work together in a test of both their physical and mental strength to keep the secret in the gorge before it's too late."
tt13818368,Fighter,2024,166.0,6.0,54605.0,https://www.imdb.com/title/tt13818368/,https://m.media-amazon.com/images/M/MV5BMzlmOGU5MDYtODVhZC00ZGEzLThjNmEtNTgyYjQ2ZTQwNWYzXkEyXkFqcGc@._V1_.jpg,Action,"Action, Drama",Siddharth Anand,"Hrithik Roshan, Deepika Padukone, Anil Kapoor, Akshay Oberoi, Karan Singh Grover, Ramon Chibb, Rishabh Sawhney, Sanjeeda Sheikh","Hrithik Roshan, Deepika Padukone, Anil Kapoor, Akshay Oberoi, Karan Singh Grover, Ramon Chibb, Rishabh Sawhney, Sanjeeda Sheikh, Ashutosh Rana, Sanjiv Chopra","Group Captain Rakesh Jai Singh (Rocky) is assigned for a team of fighter pilots called Air Dragons.Which consists of Meenal Rathore (Minni),Sartaj Gill (Taj),Basheer Khan (Bash) and the best fighter pilot Shamsher Pathania (Patty).Rocky and Patty share a grief as he believes a co pilot Naina (Enjay) died due to his negligence and old habits die soon. Patty and Mini come close to each other during their mission and fall in love. On the other end Azhar Akthar an international terrorist plans an attack with Pakistan on Indian Army Base leading to major losses of lives.Patty and his team then backfire and destroy the Pakistani air base leading to tensions between the two countries.Pakistani's launch another attack on Indian army where Patty,Taj and Bash cross the LOC without instructions of Rocky.During this attack Bash and Taj plane crashes and both are termed dead. Rocky then raises and inquiry on Patty for not following his orders.But proves him not guilty and gets him demoted to Hyderabad Air Force Academy as an instructor."
tt13866866,Puan,2023,109.0,7.0,2016.0,https://www.imdb.com/title/tt13866866/,https://m.media-amazon.com/images/M/MV5BZTVmZmNlMWEtMGFiYy00MzczLThmYzktZmRiYjFjZGI4MzcwXkEyXkFqcGc@._V1_.jpg,Comedy,"Comedy, Drama","Benjamín Naishtat, María Alché","Ricardo Truppel, Marcelo Subiotto, Blanca Margarita Persincola, Sacha Amaral, Valentina Posleman, Susana Figuerosa, Gustavo Slep, Leonardo Sbaraglia","Ricardo Truppel, Marcelo Subiotto, Blanca Margarita Persincola, Sacha Amaral, Valentina Posleman, Susana Figuerosa, Gustavo Slep, Leonardo Sbaraglia, Cristina Banegas, Juan Luppi","Marcelo has devoted his life to teaching philosophy at the Public University of Buenos Aires. When his mentor Professor Caselli dies unexpectedly, Marcelo expects to become the new head of Department. However, his plans turn upside down with the unexpected arrival of Rafael Sujarchuk. Charismatic and seductive, Rafael returns from his pedestal in European universities to claim the vacant position for himself. Marcelo's clumsy efforts to prove he is the right candidate will trigger a philosophical duel, while his life -and the country- enter a spiral of chaos."
tt13964390,Sous la Seine,2024,104.0,5.0,40622.0,https://www.imdb.com/title/tt13964390/,https://m.media-amazon.com/images/M/MV5BMDM5ODBiN2ItOTk4Yi00NzgyLWE2YTktYzhjYTc2ODE4ZTE4XkEyXkFqcGc@._V1_.jpg,Action,"Action, Horror, Sci-Fi, Thriller",Xavier Gens,"Bérénice Bejo, Nassim Lyes, Léa Léviant, Sandra Parfait, Aksel Ustun, Aurélia Petit, Marvin Dubart, Daouda Keita","Bérénice Bejo, Nassim Lyes, Léa Léviant, Sandra Parfait, Aksel Ustun, Aurélia Petit, Marvin Dubart, Daouda Keita, Ibrahima Ba, Anne Marivin","Summer 2024. Paris is hosting the World Triathlon Championships on the Seine for the first time. Sophia, a brilliant scientist, learns from Mika, a young environmental activist, that a large shark is swimming deep in the river. To avoid a bloodbath at the heart of the city, they have no choice but to join forces with Adil, the Seine river police commander."
tt13964560,The Astronaut,2025,90.0,5.0,12006.0,https://www.imdb.com/title/tt13964560/,https://m.media-amazon.com/images/M/MV5BZGRlMDA5NGYtOWNmYy00YWI3LWFlMzMtYjlhMTkxZmI1NDRjXkEyXkFqcGc@._V1_.jpg,Horror,"Horror, Sci-Fi, Thriller",Jess Varley,"Kate Mara, Laurence Fishburne, Gabriel Luna, Ivana Milicevic, Macy Gray, Scarlett Holmes, Reza Diako, Daniel Quirke","Kate Mara, Laurence Fishburne, Gabriel Luna, Ivana Milicevic, Macy Gray, Scarlett Holmes, Reza Diako, Daniel Quirke, Daiana Madeira, Christine Abernathy","After returning from her first space mission, astronaut Sam Walker is placed under NASA's care at a high security house for rehabilitation and medical testing. However, when disturbing occurrences begin happening around the property, she fears that something extraterrestrial has followed her back to Earth."
tt13978520,Spy Kids: Armageddon,2023,97.0,4.0,4732.0,https://www.imdb.com/title/tt13978520/,https://m.media-amazon.com/images/M/MV5BNDI1MDQ2MmQtNjgyZC00N2NmLThmMzMtMWI5ZDlkMTU0Y2I2XkEyXkFqcGc@._V1_.jpg,Action,"Action, Adventure, Comedy, Family, Mystery, Sci-Fi",Robert Rodriguez,"Connor Esterson, Everly Carganilla, Zachary Levi, Gina Rodriguez, Billy Magnussen, D.J. Cotrona, Joe Schilling, Solar","Connor Esterson, Everly Carganilla, Zachary Levi, Gina Rodriguez, Billy Magnussen, D.J. Cotrona, Joe Schilling, Solar, Nicholas James Ortiz, Brody Stowers","Based on the ""Spy Kids"" original film by Robert Rodriguez comes an all-new sequel for the whole family. Patty and Tony, the children of two top secret spies, accidentally help a game developer unleash his game. Now, it's up to them to save the world - and their parents too."
tt14034294,Svaniti nella notte,2024,92.0,5.0,5354.0,https://www.imdb.com/title/tt14034294/,https://m.media-amazon.com/images/M/MV5BMjM4NjEwNDctYTZkZS00YzU1LTg2MzctN2JjMDI0YWRhNGZlXkEyXkFqcGc@._V1_.jpg,Drama,"Drama, Thriller",Renato De Maria,"Riccardo Scamarcio, Annabelle Wallis, Massimiliano Gallo, Gaia Coletti, Lorenzo Ferrante, Giordano Agrusta, Arturo Alessandri, Martina Colaninno","Riccardo Scamarcio, Annabelle Wallis, Massimiliano Gallo, Gaia Coletti, Lorenzo Ferrante, Giordano Agrusta, Arturo Alessandri, Martina Colaninno, Giandomenico Cupaiuolo, Carmine D'Ippolito","A father, immersed in a difficult divorce process, embarks on a dangerous mission when his children disappear from their isolated country house."
tt14088510,Tarot,2024,92.0,5.0,41118.0,https://www.imdb.com/title/tt14088510/,https://m.media-amazon.com/images/M/MV5BNjY3NTkxMjQtZWNjNy00NGU2LTlhOTMtMmRhZGEwNzRmMDcyXkEyXkFqcGc@._V1_.jpg,Horror,Horror,"Anna Halberg, Spenser Cohen","Harriet Slater, Adain Bradley, Jacob Batalon, Avantika, Humberly González, Wolfgang Novogratz, Larsen Thompson, Olwen Fouéré","Harriet Slater, Adain Bradley, Jacob Batalon, Avantika, Humberly González, Wolfgang Novogratz, Larsen Thompson, Olwen Fouéré, Suncica Milanovic, Alan Wells","When a group of friends recklessly violates the sacred rule of Tarot readings - never use someone else's deck - they unknowingly unleash an unspeakable evil trapped within the cursed cards. One by one, they come face to face with fate and end up in a race against death to escape the future foretold in their readings."
tt14107334,The Running Man,2025,133.0,6.0,123680.0,https://www.imdb.com/title/tt14107334/,https://m.media-amazon.com/images/M/MV5BMTk5NjU4OTAtNTEyMS00ZjBiLTg0ZjMtOGJiMGJhNjQ3MzYxXkEyXkFqcGc@._V1_.jpg,Action,"Action, Adventure, Sci-Fi, Thriller",Edgar Wright,"Glen Powell, Alyssa Benn, Sienna Benn, David Zayas, Greg Townley, Karl Glusman, Joey Ansah, James Frecheville","Glen Powell, Alyssa Benn, Sienna Benn, David Zayas, Greg Townley, Karl Glusman, Joey Ansah, James Frecheville, Alex Hoeffler, Lee Pace","A desperate contestant enters a globally broadcast death game where hired killers track participants across international borders. Cameras document every chase, every near miss, every kill. Audiences vote, sponsors intervene, and survival becomes performance art. The hunted runs while the world watches, entertains itself, and waits for the inevitable collapse of flesh against choreography."
tt14123284,Havoc,2025,107.0,6.0,71399.0,https://www.imdb.com/title/tt14123284/,https://m.media-amazon.com/images/M/MV5BZWJjMjdhNGEtZjEyMi00OTg2LTllMzQtN2JlZWNjYzI4YzFhXkEyXkFqcGc@._V1_.jpg,Action,"Action, Crime, Drama, Mystery, Thriller",Gareth Evans,"Tom Hardy, Lockhart Ogilvie, Quelin Sepulveda, Justin Cornwell, Jim Caesar, Xelia Mendes-Jones, Richard Harrington, Serhat Metin","Tom Hardy, Lockhart Ogilvie, Quelin Sepulveda, Justin Cornwell, Jim Caesar, Xelia Mendes-Jones, Richard Harrington, Serhat Metin, Timothy Olyphant, Jessie Mei Li","The story is set after a drug deal gone wrong, when a bruised detective must fight his way through a criminal underworld to rescue a politician's estranged son, while unraveling a deep web of corruption and conspiracy that ensnares his entire city."
tt14142060,Rental Family,2025,109.0,8.0,66008.0,https://www.imdb.com/title/tt14142060/,https://m.media-amazon.com/images/M/MV5BMzFiNTViOTQtOTUxNi00ODczLWI0MTgtNDE1ZWU5YmIzMjY2XkEyXkFqcGc@._V1_.jpg,Comedy,"Comedy, Drama",Hikari,"Brendan Fraser, Paolo Andrea Di Pietro, Shinji Ozeki, Takao Kin, Risa Kameda, Yuma Sonan, Kana Kitty, Gan Furukawa","Brendan Fraser, Paolo Andrea Di Pietro, Shinji Ozeki, Takao Kin, Risa Kameda, Yuma Sonan, Kana Kitty, Gan Furukawa, Takehiro Hira, Mari Yamamoto","Set in modern-day Tokyo, ""Rental Family"" follows an American actor (Brendan Fraser) who struggles to find purpose until he lands an unusual gig: working for a Japanese ""rental family"" agency, playing stand-in roles for strangers. As he immerses himself in his clients' worlds, he begins to form genuine bonds that blur the lines between performance and reality. Confronting the moral complexities of his work, he rediscovers purpose, belonging, and the quiet beauty of human connection."
tt14181714,The Bluff,2026,103.0,6.0,19636.0,https://www.imdb.com/title/tt14181714/,https://m.media-amazon.com/images/M/MV5BZDVlYWM2YjAtZTUxMS00OWEwLWI4YWMtNmFhMjU3MDY4OGJkXkEyXkFqcGc@._V1_.jpg,Action,"Action, Adventure, Drama, History, Thriller",Frank E. Flowers,"Priyanka Chopra Jonas, Karl Urban, Safia Oakley-Green, Ismael Cruz Cordova, Temuera Morrison, Vedanten Naidoo, David Field, Greg Hatton","Priyanka Chopra Jonas, Karl Urban, Safia Oakley-Green, Ismael Cruz Cordova, Temuera Morrison, Vedanten Naidoo, David Field, Greg Hatton, Pacharo Mzembe, Gideon Mzembe",A Caribbean woman gets her secret past revealed when her island is invaded by vicious buccaneers.
tt14205554,K-Pop Demon Hunters,2025,95.0,7.0,142779.0,https://www.imdb.com/title/tt14205554/,https://m.media-amazon.com/images/M/MV5BNTBiYWJlMjQtOTIyMy00NTY4LWFhOWItOWZhNzc3NGMyMjc2XkEyXkFqcGc@._V1_.jpg,Animation,"Animation, Action, Adventure, Comedy, Family, Fantasy, Music, Musical","Chris Appelhans, Maggie Kang","Arden Cho, May Hong, Ji-young Yoo, Ahn Hyo-seop, Yunjin Kim, Ken Jeong, Lee Byung-hun, Daniel Dae Kim","Arden Cho, May Hong, Ji-young Yoo, Ahn Hyo-seop, Yunjin Kim, Ken Jeong, Lee Byung-hun, Daniel Dae Kim, Rumi Oak, Joel Kim Booster","A world-renowned K-pop girl group balances their lives in the spotlight with their secret identities as bad-ass demon hunters, set against a colorful backdrop of fashion, food, style, and the most popular music movement of the current generation. When they aren't selling out stadiums, K-pop superstars Rumi, Mira and Zoey use their secret identities as bad-ass demon hunters to protect their fans from an ever-present supernatural threat. Together, they must face their biggest enemy yet - an irresistible rival boy band of demons in disguise."
tt14225838,Io capitano,2023,121.0,8.0,18399.0,https://www.imdb.com/title/tt14225838/,https://m.media-amazon.com/images/M/MV5BZGI1OTg3MGMtZTFhMy00ZjFkLTk5YmEtY2MzMDIzNTA3MzdiXkEyXkFqcGc@._V1_.jpg,Adventure,"Adventure, Drama",Matteo Garrone,"Seydou Sarr, Moustapha Fall, Issaka Sawadogo, Hichem Yacoubi, Doodou Sagna, Ndeye Khady Sy, Venus Gueye, Oumar Diaw","Seydou Sarr, Moustapha Fall, Issaka Sawadogo, Hichem Yacoubi, Doodou Sagna, Ndeye Khady Sy, Venus Gueye, Oumar Diaw, Joe Lassana, Mamadou Sani","Seydou, a teenage boy who, together with his cousin Moussa, decides to leave Dakar in Senegal and make his way to Europe. A contemporary Odyssey through the dangers of the desert, the horrors of the detention centers in Libya and the perils of the sea."
tt14227048,Family Switch,2023,106.0,6.0,33969.0,https://www.imdb.com/title/tt14227048/,https://m.media-amazon.com/images/M/MV5BYjYwNWMyNzgtYzZiNS00MjA3LWJmYTQtZGFlN2I5NzBhZDM4XkEyXkFqcGc@._V1_.jpg,Comedy,"Comedy, Family, Fantasy",McG,"Jennifer Garner, Ed Helms, Emma Myers, Brady Noon, Lincoln Sykes, Theodore Sykes, Rita Moreno, Matthias Schweighöfer","Jennifer Garner, Ed Helms, Emma Myers, Brady Noon, Lincoln Sykes, Theodore Sykes, Rita Moreno, Matthias Schweighöfer, Vanessa Carrasco, Cyrus Arnold","The Walkers are a nuclear family of five: Mom Jess, Dad Bill, 16 year old daughter CC, 14 year old son WYATT, and 2 year old son Miles. But when a mysterious event occurs at the Griffith Park Planetarium, the nuclear elements split and recombine; Jess's mind is in CC's body (and vice versa), while Bill's mind is in WYATT's body (and vice versa). While CC and Wyatt try to navigate the impossibly complicated world that is adulthood (responsibilities, skills, fears, ambitions), Jess and Bill must work their way through the insanely intricate network of rites of passage (bullying, soccer games, music, parties, romance) that comes with being a teenager, while all four scramble to undo the spell that catastrophically recombined their personalities."
tt14338246,Ustaad Bhagat Singh,2026,150.0,4.0,2395.0,https://www.imdb.com/title/tt14338246/,https://m.media-amazon.com/images/M/MV5BMjQ5MGJhODUtYTJiZC00MDI3LWFhMDItMGUyODI1ZGU3ZmI4XkEyXkFqcGc@._V1_.jpg,Action,"Action, Comedy, Drama",Harish Shankar,"Ashutosh Rana, Gautami, K.S. Ravikumar, Nawab Shah, Pawan Kalyan, Raashi Khanna, Ramki, Sakshi Vaidya","Ashutosh Rana, Gautami, K.S. Ravikumar, Nawab Shah, Pawan Kalyan, Raashi Khanna, Ramki, Sakshi Vaidya, Sreeleela, Temper Vamsi","Inspired by his teacher, who named him Bhagat Singh and shaped his values, a tribal boy grows up rooted in strong morals and unwavering courage. Standing firm against injustice, he takes on evil forces despite overwhelming odds."
tt14351082,Cabrini,2024,142.0,7.0,10309.0,https://www.imdb.com/title/tt14351082/,https://m.media-amazon.com/images/M/MV5BNzMxZjNjNWQtZTFlMS00OTUzLWFhMjgtNmRlNzZjNjFjYzY5XkEyXkFqcGc@._V1_.jpg,Biography,"Biography, Drama, History",Alejandro Monteverde,"Cristiana Dell'Anna, David Morse, Romana Maggiora Vergano, Federico Ielapi, Patch Darragh, Liam Campora, Jeremy Bobb, Mina Severino","Cristiana Dell'Anna, David Morse, Romana Maggiora Vergano, Federico Ielapi, Patch Darragh, Liam Campora, Jeremy Bobb, Mina Severino, John Lithgow, Giancarlo Giannini","From Alejandro Monteverde, award-winning director of Sound of Freedom, comes the powerful epic of Francesca Cabrini, an Italian immigrant who arrives in New York City in 1889 and is greeted by disease, crime, and impoverished children. Cabrini sets off on a daring mission to convince the hostile mayor to secure housing and healthcare for society's most vulnerable. With broken English and poor health, Cabrini uses her entrepreneurial mind to build an empire of hope unlike anything the world had ever seen."
tt14362112,Trolls Band Together,2023,91.0,6.0,20501.0,https://www.imdb.com/title/tt14362112/,https://m.media-amazon.com/images/M/MV5BY2EzNTY0N2MtMTAyZS00ZTIwLTk5MmUtNWJhMmIwYmM5OWFiXkEyXkFqcGc@._V1_.jpg,Animation,"Animation, Adventure, Comedy, Family, Fantasy, Musical",Walt Dohrn,"Anna Kendrick, Justin Timberlake, Kenan Thompson, Walt Dohrn, Anderson .Paak, Ron Funches, Kunal Nayyar, David Fynn","Anna Kendrick, Justin Timberlake, Kenan Thompson, Walt Dohrn, Anderson .Paak, Ron Funches, Kunal Nayyar, David Fynn, Kevin Michael Richardson, Eric André","As they grow closer, Poppy discovers that Branch was once part of her favorite boy band phenomenon, BroZone, with his four brothers. When one of them, Floyd, is kidnapped by villains, Branch and Poppy embark on a journey to rescue him."
tt14364480,Wake Up Dead Man,2025,144.0,7.0,259291.0,https://www.imdb.com/title/tt14364480/,https://m.media-amazon.com/images/M/MV5BY2Q0OTA5MTEtNWU4NC00ZWFmLTg5NmYtNDFmODViYWUxZmJkXkEyXkFqcGc@._V1_.jpg,Comedy,"Comedy, Crime, Drama, Mystery, Thriller",Rian Johnson,"Daniel Craig, Josh O'Connor, Glenn Close, Josh Brolin, Mila Kunis, Jeremy Renner, Kerry Washington, Andrew Scott","Daniel Craig, Josh O'Connor, Glenn Close, Josh Brolin, Mila Kunis, Jeremy Renner, Kerry Washington, Andrew Scott, Cailee Spaeny, Daryl McCormack","Temptation, greed, and death under suspicious circumstances have crept into Monsignor Jefferson Wicks' unpopular parish of Our Lady of Perpetual Fortitude. And now, someone who claims innocence is about to suffer for the sins of others. But they swear to God that their conscience is clear. To separate the wheat from the chaff, private detective Benoit Blanc steps in, believing he has all the answers to the knotty mystery. Instead, for the first time in a long while, the esteemed investigator second-guesses himself. After all, everyone in town is convinced that they have the culprit. However, they are all lying, including Wicks' flock of devotees; in this den of vipers, they all know how to cover their tracks. Still, an impossible crime demands a solution. Will Blanc uncover the truth and set them free?"
tt14371878,Lift,2024,107.0,6.0,53682.0,https://www.imdb.com/title/tt14371878/,https://m.media-amazon.com/images/M/MV5BOWRkYmNiNDUtYTY0OC00YTZlLTlmMTYtMTJhMTU4OTBkMDY5XkEyXkFqcGc@._V1_.jpg,Action,"Action, Comedy, Crime, Drama, Thriller",F. Gary Gray,"Kevin Hart, Gugu Mbatha-Raw, Sam Worthington, Vincent D'Onofrio, Úrsula Corberó, Billy Magnussen, Yun Jee Kim, Viveik Kalra","Kevin Hart, Gugu Mbatha-Raw, Sam Worthington, Vincent D'Onofrio, Úrsula Corberó, Billy Magnussen, Yun Jee Kim, Viveik Kalra, Jean Reno, Jacob Batalon","Cyrus, an international thief and his crew specialize in stealing extremely costly art pieces and resort to kidnapping if necessary. Cyrus's ex girlfriend Abby, an Interpol agent convinces him to steal a huge consignment of gold being sent by plane from London to Zurich in return for immunity from arrest . Cyrus knows this is an almost impossible task but decides to go ahead since it means freedom for him and his crew not to speak of his getting together with Abby again."
tt14400246,Bird Box: Barcelona,2023,112.0,5.0,29889.0,https://www.imdb.com/title/tt14400246/,https://m.media-amazon.com/images/M/MV5BZmFjMjU1MTctZTY0Zi00YTcxLWJlNDUtOTI2ZjMwYzU3MzBjXkEyXkFqcGc@._V1_.jpg,Horror,"Horror, Mystery, Sci-Fi, Thriller","Àlex Pastor, David Pastor","Mario Casas, Georgina Campbell, Diego Calva, Naila Schuberth, Alejandra Howard, Patrick Criado, Celia Freijeiro, Lola Dueñas","Mario Casas, Georgina Campbell, Diego Calva, Naila Schuberth, Alejandra Howard, Patrick Criado, Celia Freijeiro, Lola Dueñas, Gonzalo de Castro, Michelle Jenner","After a mysterious force decimates the world's population by causing all who see it to take their lives, Sebastian and his young daughter Anna must navigate their own journey of survival through the desolate streets of Barcelona. But as they form an uneasy alliance with other survivors and make their way toward a safe haven, a threat more sinister than the unseen creatures grows."
tt14463514,Eres tú,2023,96.0,6.0,3571.0,https://www.imdb.com/title/tt14463514/,https://m.media-amazon.com/images/M/MV5BNWZhMTJhZDktY2UyYi00M2ZiLTgxNzUtZTM4NjljYTNjYWQ5XkEyXkFqcGc@._V1_.jpg,Comedy,"Comedy, Romance",Alauda Ruiz de Azúa,"Álvaro Cervantes, Silvia Alonso, Susana Abaitua, Gorka Otxoa, Pilar Castro, Fabia Castro, Ninton Sánchez, Lara Oliete","Álvaro Cervantes, Silvia Alonso, Susana Abaitua, Gorka Otxoa, Pilar Castro, Fabia Castro, Ninton Sánchez, Lara Oliete, Mauro Muñiz, Adrián Fernández",Follow the story of a 16-year-old who finds he can see the whole future of a romantic relationship when he kisses a girl for the first time.
tt14509110,No One Will Save You,2023,93.0,6.0,81400.0,https://www.imdb.com/title/tt14509110/,https://m.media-amazon.com/images/M/MV5BZjJhYzMwMjItYTI4MC00N2MxLThhN2UtNjY1MjNiOTE5N2JkXkEyXkFqcGc@._V1_.jpg,Horror,"Horror, Mystery, Sci-Fi, Thriller",Brian Duffield,"Kaitlyn Dever, Elizabeth Kaluev, Zack Duhame, Lauren L. Murray, Geraldine Singer, Dane Rhodes, Daniel Rigamer, Evangeline Rose","Kaitlyn Dever, Elizabeth Kaluev, Zack Duhame, Lauren L. Murray, Geraldine Singer, Dane Rhodes, Daniel Rigamer, Evangeline Rose, Dari Lynn Griffin, Gabrielle Bordlee","With haunting guilt and crushing sadness as her only companions, Brynn, an unloved and friendless dressmaker, has learned to find solace in her intricate everyday routine. And isolated within her eerily vacant childhood home, Brynn expects no visitors. Then, a blood-chilling noise in the dead of night awakens her. As the sheer terror of a home invasion demands a clear mind to fight back, Brynn must brace herself for a long, unimaginable ordeal. After all, the eccentric recluse is about to discover that not all housebreakings are the same, especially when the dangerous intruder is something other than human."
tt14513804,Captain America: Brave New World,2025,118.0,6.0,192458.0,https://www.imdb.com/title/tt14513804/,https://m.media-amazon.com/images/M/MV5BNDRjY2E0ZmEtN2QwNi00NTEwLWI3MWItODNkMGYwYWFjNGE0XkEyXkFqcGc@._V1_.jpg,Action,"Action, Adventure, Sci-Fi",Julius Onah,"Anthony Mackie, Harrison Ford, Danny Ramirez, Shira Haas, Carl Lumbly, Tim Blake Nelson, Giancarlo Esposito, Liv Tyler","Anthony Mackie, Harrison Ford, Danny Ramirez, Shira Haas, Carl Lumbly, Tim Blake Nelson, Giancarlo Esposito, Liv Tyler, Xosha Roquemore, Jóhannes Haukur Jóhannesson","Some time after the events of The Falcon and the Winter Soldier, Sam Wilson has now fully embraced his title as the new Captain America. Now Sam is summoned to the White House as the new president Ross wants to work with him on rebuilding the Avengers. But trouble ensues when Sam's friend Isaiah Bradley uncontrollably tries to assassinate the president and is framed for the attempt. Now Sam and his partner Joaquin Torres must race against time to uncover the true culprit and foil an evil plot that unwittingly involves President Ross"
tt14537248,Nefarious,2023,97.0,6.0,40457.0,https://www.imdb.com/title/tt14537248/,https://m.media-amazon.com/images/M/MV5BM2Q3M2EwMTItYjVjOS00MjdjLWExMTItMjA4MmRhOTAxNzI3XkEyXkFqcGc@._V1_.jpg,Drama,"Drama, Horror, Thriller","Cary Solomon, Chuck Konzelman","Sean Patrick Flanery, Jordan Belfi, Tom Ohmer, Glenn Beck, Daniel Martin Berkey, Mark De Alessandro, Cameron Arnett, James Healy Jr.","Sean Patrick Flanery, Jordan Belfi, Tom Ohmer, Glenn Beck, Daniel Martin Berkey, Mark De Alessandro, Cameron Arnett, James Healy Jr., Sarah Hernandez, Jarret LeMaster","A notorious serial killer, Edward Brady, is facing execution at 11pm. Dr. James Martin is brought in to replace Dr. Alan Fischer who committed suicide after interviewing Edward. Edward's fate now depends on Martin's diagnosis. If Martin decides that Edward is sane, he will be executed, but if he declares him to be insane, Edward will be spared. ""Edward"" claims that he is possessed by a demon named ""Nefariamus"", and also says that Martin will commit three murders by day's end. Martin initially dismisses Edward's claims, but as the demon's knowledge of Martin's life proves uncannily and disturbingly accurate, Martin's skepticism begins to fade. The weight of Nefarious' claims both frighten him and fill him with self doubts. With Edward's fate hanging in the balance, Martin must make a fateful decision based on his professional diagnosis, while grappling with his personal feelings of fear and disgust, and the conflict of interest they create."
tt14539740,Godzilla x Kong: The New Empire,2024,115.0,6.0,138688.0,https://www.imdb.com/title/tt14539740/,https://m.media-amazon.com/images/M/MV5BMTY0N2MzODctY2ExYy00OWYxLTkyNDItMTVhZGIxZjliZjU5XkEyXkFqcGc@._V1_.jpg,Action,"Action, Adventure, Fantasy, Sci-Fi, Thriller",Adam Wingard,"Rebecca Hall, Brian Tyree Henry, Dan Stevens, Kaylee Hottle, Alex Ferns, Fala Chen, Rachel House, Ron Smyck","Rebecca Hall, Brian Tyree Henry, Dan Stevens, Kaylee Hottle, Alex Ferns, Fala Chen, Rachel House, Ron Smyck, Chantelle Jamieson, Greg Hatton","The new installment in the Monsterverse puts the mighty Kong and the fearsome Godzilla against a colossal deadly threat hidden within our world that threatens the existence of their species and our very own, as well as diving deep into the mysteries of Skull Island and beyond. Delving straight into the origins of Hollow Earth, this film will explore the ancient Titan battle that brought man and monster together forever."
tt14542504,La Gran Seducción,2023,94.0,7.0,1908.0,https://www.imdb.com/title/tt14542504/,https://m.media-amazon.com/images/M/MV5BYjJmNzFhZDgtMzdjNC00N2Q4LTg3YmMtZDRjYjAyOGI5NjAyXkEyXkFqcGc@._V1_.jpg,Comedy,Comedy,Celso R. García,"Héctor Jiménez, Joaquín Cosio, Julio Casado, Memo Villegas, Mercedes Hernández, Paola Flores, Pierre Louis, Sandra Aguilar","Héctor Jiménez, Joaquín Cosio, Julio Casado, Memo Villegas, Mercedes Hernández, Paola Flores, Pierre Louis, Sandra Aguilar, Tete Espinoza, Yalitza Aparicio","After industrialization ended economic activity and filled the inhabitants of the fishing island of Santa María del Mar with disappointment, their destiny is about to take a turn with the opportunity for a fish packing company to settle in the town. The only requirement: convince a doctor to move there."
tt14570440,Radical,2023,125.0,8.0,7992.0,https://www.imdb.com/title/tt14570440/,https://m.media-amazon.com/images/M/MV5BNGNhNjVhNzgtMjcxZS00ZDE0LWE5ZTEtODA5MDdkYjM3YjUzXkEyXkFqcGc@._V1_.jpg,Drama,Drama,Christopher Zalla,"Eugenio Derbez, Daniel Haddad, Jennifer Trejo, Mia Fernanda Solis, Danilo Guardiola, Gilberto Barraza, Victor Estrada, Manuel Márquez","Eugenio Derbez, Daniel Haddad, Jennifer Trejo, Mia Fernanda Solis, Danilo Guardiola, Gilberto Barraza, Victor Estrada, Manuel Márquez, Christian González, Xochiquetzal Martínez","Who will the sixth grade students at Jose Urbina Lopez Elementary in Matamoros become? They are among the worst performing students in Mexico, the world they know is one of violence and hardship, and their classrooms are dominated by an atmosphere of overbearing discipline, not possibility. It might seem like a dead end... but it is also the perfect place for new teacher Sergio Juarez to try something different. There's just one problem: Sergio (played by an amazing Eugenio Derbez) has no idea what he's doing."
tt14577874,It's What's Inside,2024,103.0,7.0,54020.0,https://www.imdb.com/title/tt14577874/,https://m.media-amazon.com/images/M/MV5BNDkxOTZmZTYtYTNmNS00MDk3LWE0MDAtMzY5M2Y5YmU1MmI2XkEyXkFqcGc@._V1_.jpg,Comedy,"Comedy, Mystery, Sci-Fi, Thriller",Greg Jardin,"Brittany O'Grady, James Morosini, Gavin Leatherwood, Nina Bloomgarden, Alycia Debnam-Carey, Reina Hardesty, Devon Terrell, David Thompson","Brittany O'Grady, James Morosini, Gavin Leatherwood, Nina Bloomgarden, Alycia Debnam-Carey, Reina Hardesty, Devon Terrell, David Thompson, Madison Davenport, Myhraliza Aala","A group of friends gather for a pre-wedding party that descends into an existential nightmare when an estranged friend arrives with a mysterious game that awakens long-hidden secrets, desires and grudges."
tt14603848,Overlord Sei Oukoku-hen,2024,135.0,7.0,2397.0,https://www.imdb.com/title/tt14603848/,https://m.media-amazon.com/images/M/MV5BOWI0ZjQ3ZTYtZGU5NC00NmU1LTlkMzMtMmY1OGM4NjRiZDljXkEyXkFqcGc@._V1_.jpg,Animation,"Animation, Action, Adventure, Fantasy",Naoyuki Itô,"Satoshi Hino, Yumi Hara, Masayuki Katô, Asami Seto, Yoshino Aoyama, Hitomi Nabatame, Saori Hayami, Haruka Tomatsu","Satoshi Hino, Yumi Hara, Masayuki Katô, Asami Seto, Yoshino Aoyama, Hitomi Nabatame, Saori Hayami, Haruka Tomatsu, Brandon Acosta, T.J. Anthony","After twelve years of playing his favorite MMORPG game, Momonga logs in for the last time only to find himself transported into its world playing it indefinitely. Throughout his adventures, his avatar ascends to the title of Sorcerer King Ains Ooal Gown. Once prosperous but now on the brink of ruin, the Sacred Kingdom enjoyed years of peace after construction of an enormous wall protecting them from neighboring invasions. But one day this comes to an end when the Demon Emperor Jaldabaoth arrives with an army of villainous demi-humans. Fearing invasion of their own lands, the neighboring territory of the Slane Theocracy is forced to beg their enemies at the Sorcerer Kingdom for help. Heeding the call, Momonga, now known as the Sorcerer King Ains Ooal Gown, rallies the Sorcerer Kingdom and its undead army to join the fight alongside the Sacred Kingdom and the Slane Theocracy in hopes to defeat the Demon Emperor."
tt1462764,Indiana Jones and the Dial of Destiny,2023,154.0,7.0,236728.0,https://www.imdb.com/title/tt1462764/,https://m.media-amazon.com/images/M/MV5BYWJlOWE2ZjEtZGRhOC00M2YzLWFkZGEtYzIzZWI2Zjg3NWYxXkEyXkFqcGc@._V1_.jpg,Action,"Action, Adventure, Sci-Fi",James Mangold,"Harrison Ford, Phoebe Waller-Bridge, Antonio Banderas, Karen Allen, John Rhys-Davies, Shaunette Renée Wilson, Thomas Kretschmann, Toby Jones","Harrison Ford, Phoebe Waller-Bridge, Antonio Banderas, Karen Allen, John Rhys-Davies, Shaunette Renée Wilson, Thomas Kretschmann, Toby Jones, Boyd Holbrook, Olivier Richters","Experience the return of legendary hero, Indiana Jones, in the fifth installment of this beloved swashbuckling series of films. Finding himself in a new era, approaching retirement, Indy wrestles with fitting into a world that seems to have outgrown him. But as the tentacles of an all-too-familiar evil return in the form of an old rival, Indy must don his hat and pick up his whip once more to make sure an ancient and powerful artifact doesn't fall into the wrong hands."
tt14633464,Desperation Road,2023,112.0,6.0,5928.0,https://www.imdb.com/title/tt14633464/,https://m.media-amazon.com/images/M/MV5BNjRjYjZlNWUtMjQ1NS00NWUwLTg5NTUtNDVjNDY4YWQ4YTljXkEyXkFqcGc@._V1_.jpg,Action,"Action, Crime, Drama, Thriller",Nadine Crocker,"Garrett Hedlund, Willa Fitzgerald, Ryan Hurst, Woody McClain, Mel Gibson, Pyper Braun, Bonita Elery, Katy Bodenhamer","Garrett Hedlund, Willa Fitzgerald, Ryan Hurst, Woody McClain, Mel Gibson, Pyper Braun, Bonita Elery, Katy Bodenhamer, Paulina Gálvez, Shiloh Fernandez","Two seemingly separate stories are told which eventually intersect. In the first, single mother Maben and her adolescent daughter Analee are homeless, everything Maben doing in the goal of giving the two of them a life together, foremost in her mind for Analee's good in not wanting Analee ever to feel that she was unwanted. However, Maben's choices have led to their current less than perfect life, which has them living out of a plastic bag, they needing to steal things to live, and Maben falling to the oldest profession as that last resort for money. In their recent move to Mississippi for reasons personal to Maben, Maben faces arguably the biggest problem in keeping their life together. In the second, Russell has just been released from prison. In his Mississippi hometown, he does have some support in the form of his recently widowed father Mitchell, and his best friend, Boyd. Boyd being a police officer has its own complications for Russell as Russell tries to evade brothers Larry and Walt, Larry in particular who feels that Russell's time in prison was not enough penance. When Russell and Maben eventually do meet under less than ideal circumstances for both, he comes to feel a need to provide assistance to her which is only strengthened when he discovers their shared history, he likening their joint life as being tied together with an invisible string."
tt14670094,Ruthless,2023,92.0,5.0,3359.0,https://www.imdb.com/title/tt14670094/,https://m.media-amazon.com/images/M/MV5BN2Q4Nzc4MDQtMjQ2OS00MGMzLThmOTQtNGFhYmI4MzZiNDFkXkEyXkFqcGc@._V1_.jpg,Action,"Action, Adventure, Thriller",Art Camacho,"Dermot Mulroney, Jeff Fahey, Mauricio Mendoza, Kesia Elwin, Tonantzin Esparza, Melissa Diaz, Texas Battle, Manu Intiraymi","Dermot Mulroney, Jeff Fahey, Mauricio Mendoza, Kesia Elwin, Tonantzin Esparza, Melissa Diaz, Texas Battle, Manu Intiraymi, Hani Al Naimi, Peter Nikkos","Harry, a high school wrestling coach who becomes concerned about one of his students, a young girl named Catia who is being abused at home. Harry takes it upon himself to protect Catia and provide her with a safe haven, but his actions soon attract the attention of a dangerous human trafficking ring. When Catia is kidnapped by the traffickers, Harry embarks on a dangerous mission to rescue her and bring the traffickers to justice. As Harry delves deeper into the world of human trafficking, he discovers that the problem is much larger and more insidious than he ever imagined."
tt14764464,Code 8 Part II,2024,100.0,6.0,17556.0,https://www.imdb.com/title/tt14764464/,https://m.media-amazon.com/images/M/MV5BM2M3N2JhNmQtMjc0OS00OGM1LWJjYjYtZmRhODBmYzM0N2M1XkEyXkFqcGc@._V1_.jpg,Action,"Action, Crime, Drama, Sci-Fi, Thriller",Jeff Chan,"Robbie Amell, Stephen Amell, Alex Mallari Jr., Sirena Gulamgaus, Aaron Abrams, Moe Jeudy-Lamour, Akiel Julien, Natalie Liconti","Robbie Amell, Stephen Amell, Alex Mallari Jr., Sirena Gulamgaus, Aaron Abrams, Moe Jeudy-Lamour, Akiel Julien, Natalie Liconti, Nneka Elliott, Sammy Azero","After witnessing the murder of her brother and subsequent cover up, a teenage girl with abnormal abilities seeks the help of an ex-con (Robbie Amell) and his former partner-in-crime (Stephen Amell). Together, they face a unit of corrupt police officers who deploy advanced robotic technology to prevent themselves from being exposed."
tt14824600,The Lord of the Rings: The War of the Rohirrim,2024,134.0,6.0,41878.0,https://www.imdb.com/title/tt14824600/,https://m.media-amazon.com/images/M/MV5BZWVlODY4ZGUtN2IxNS00ZTNiLWI5MDctOGI0YjBlYmFjMjg0XkEyXkFqcGc@._V1_.jpg,Animation,"Animation, Action, Adventure, Drama, Fantasy",Kenji Kamiyama,"Brian Cox, Gaia Wise, Miranda Otto, Luca Pasqualino, Lorraine Ashbourne, Shaun Dooley, Benjamin Wainwright, Yazdan Qafouri","Brian Cox, Gaia Wise, Miranda Otto, Luca Pasqualino, Lorraine Ashbourne, Shaun Dooley, Benjamin Wainwright, Yazdan Qafouri, Laurence Ubong Williams, Michael Wildman","Set 183 years before the events chronicled in the original trilogy of films, it tells the fate of the House of Helm Hammerhand, the legendary King of Rohan. A sudden attack by Wulf, a clever and ruthless lord of Rohan, with dubious ancestry, having many ties to Dunland, he seeks vengeance for the death of his father, forces Helm and his people to make a daring last stand in the ancient stronghold of the Hornburg-a mighty fortress that will later come to be known as Helm's Deep. Finding herself in an increasingly desperate situation, Héra, the daughter of Helm, must summon the will to lead the resistance against a deadly enemy intent on their total destruction."
tt14826022,You People,2023,117.0,6.0,68010.0,https://www.imdb.com/title/tt14826022/,https://m.media-amazon.com/images/M/MV5BYmQ4MjY2YmYtNDhjZi00ODZmLWFkYmItZmY3YTRmZGMzZjJiXkEyXkFqcGc@._V1_.jpg,Comedy,"Comedy, Romance",Kenya Barris,"Jonah Hill, Lauren London, Eddie Murphy, Julia Louis-Dreyfus, Sam Jay, Nia Long, Travis Bennett, David Duchovny","Jonah Hill, Lauren London, Eddie Murphy, Julia Louis-Dreyfus, Sam Jay, Nia Long, Travis Bennett, David Duchovny, Molly Gordon, Deon Cole","A couple in love try to merge their families, only to discover that good intentions, generational baggage, and the desperate need to seem ""aware"" have turned basic human interaction into a minefield of awkward performance. Everyone means well. That's the problem."
tt14833464,Players,2024,105.0,6.0,13387.0,https://www.imdb.com/title/tt14833464/,https://m.media-amazon.com/images/M/MV5BODE0ZjhhY2UtYjcxZi00ZWVlLTlkYTAtM2RmOTIyMjM1ZGQ5XkEyXkFqcGc@._V1_.jpg,Comedy,"Comedy, Romance",Trish Sie,"Gina Rodriguez, Damon Wayans Jr., Tom Ellis, Augustus Prew, Joel Courtney, Liza Koshy, Ego Nwodim, Marin Hinkle","Gina Rodriguez, Damon Wayans Jr., Tom Ellis, Augustus Prew, Joel Courtney, Liza Koshy, Ego Nwodim, Marin Hinkle, Brock O'Hurn, Sarah Dacey-Charles","New York sportswriter Mack (Gina Rodriguez) has spent years devising successful hook-up ""plays"" with best friend Adam (Damon Wayans Jr.) and their crew. While it has led to countless one-night stands over the years, following their playbook comes with a strict set of ground rules - chief among them: you can't build a relationship from a play. When Mack unexpectedly falls for her latest target, charming war correspondent Nick (Tom Ellis), she begins to rethink the game entirely. As the lines between work, fun, friendship, and romance begin to blur, Mack must learn what it takes to go from simply scoring to playing for keeps."
tt14855468,That Christmas,2024,91.0,7.0,20759.0,https://www.imdb.com/title/tt14855468/,https://m.media-amazon.com/images/M/MV5BZWRkZjQwNDctOWY2Yy00ZTczLTg2ZTMtMDBlYTVhNGE1OGYzXkEyXkFqcGc@._V1_.jpg,Animation,"Animation, Adventure, Comedy, Family, Fantasy",Simon Otto,"Bill Nighy, Brian Cox, Guz Khan, Jack Wisniewski, Zazie Hayhurst, India Brown, Fiona Shaw, Jodie Whittaker","Bill Nighy, Brian Cox, Guz Khan, Jack Wisniewski, Zazie Hayhurst, India Brown, Fiona Shaw, Jodie Whittaker, Freddie Spry, Ava Talbot","It's an unforgettable Christmas for the townsfolk of Wellington-on-Sea when the worst snowstorm in history alters everyone's plans, including Santa's."
tt14856980,Atlas,2024,118.0,6.0,60866.0,https://www.imdb.com/title/tt14856980/,https://m.media-amazon.com/images/M/MV5BNDUwNTFkNzYtMGM5NS00NTc4LWEwMDUtMmE5MzgyMjcwOWM4XkEyXkFqcGc@._V1_.jpg,Action,"Action, Adventure, Drama, Sci-Fi, Thriller",Brad Peyton,"Jennifer Lopez, Simu Liu, Sterling K. Brown, Greg Cohan, Abraham Popoola, Lana Parrilla, Mark Strong, Briella Guiza","Jennifer Lopez, Simu Liu, Sterling K. Brown, Greg Cohan, Abraham Popoola, Lana Parrilla, Mark Strong, Briella Guiza, Adia Smith-Eriksson, Logan Hunt","Atlas Shepherd (Lopez), a brilliant but misanthropic data analyst with a deep distrust of artificial intelligence, joins a mission to capture a renegade robot with whom she shares a mysterious past. But when plans go awry, her only hope of saving the future of humanity from AI is to trust it."
tt14857528,Time Cut,2024,91.0,5.0,23532.0,https://www.imdb.com/title/tt14857528/,https://m.media-amazon.com/images/M/MV5BOTNjMzM0YzItOTZjMS00YjE4LTgyOGQtMGYzNWQwNTRlZjMxXkEyXkFqcGc@._V1_.jpg,Horror,"Horror, Mystery, Sci-Fi, Thriller",Hannah Macpherson,"Madison Bailey, Antonia Gentry, Michael Shanks, Griffin Gluck, Megan Best, Samuel Braun, Sydney Sabiston, Kataem O'Connor","Madison Bailey, Antonia Gentry, Michael Shanks, Griffin Gluck, Megan Best, Samuel Braun, Sydney Sabiston, Kataem O'Connor, Rachael Crawford, David Lawrence Brown","Lucy, a modern high school senior and amateur inventor, accidentally finds a time machine and travels back to 2003, the year her sister was murdered by an unknown serial killer. Now torn between solving the mystery that has undone her parents and her hometown, saving the sister that she never knew, and irreparably altering the future - and her own existence - Lucy must decide how to stop the slasher, save her family, and blend into 2003."
tt14865406,Deep Fear,2023,84.0,4.0,16328.0,https://www.imdb.com/title/tt14865406/,https://m.media-amazon.com/images/M/MV5BZGNmNjI2ZGMtOTU3My00NzFhLTg0NjUtYmM0ODk2MTBiNzQyXkEyXkFqcGc@._V1_.jpg,Action,"Action, Horror, Thriller",Marcus Adams,"Mãdãlina Ghenea, Ed Westwick, Macarena Gómez, Stany Coppet, Ibrahima Gueye, David Leguesse, Mariana Garradas, Marco Canadea","Mãdãlina Ghenea, Ed Westwick, Macarena Gómez, Stany Coppet, Ibrahima Gueye, David Leguesse, Mariana Garradas, Marco Canadea, John-Paul Pace, Tenika Mahoney","Set in the Caribbean, Deep Fear is an intense and visceral survival thriller with furious action throughout. Madalina Ghenea stars as Naomi, an accomplished round-the-world yachtswoman, who sets out on a solo trip to meet her boyfriend, Jackson - played by Ed Westwick - in Grenada. Her tranquil three-day sail aboard 47-foot yacht 'The Serenity' takes an unexpectedly dark turn when a storm forces her off the plotted course. Circumnavigating an uninhabited reef-fringed island, she responds to a distress signal to aid a sinking vessel where she finds three survivors clinging to the shattered remains of a boat. Events soon take a malevolent twist when it transpires the survivors are drug traffickers who force Naomi to dive down into the hull of the sunken wreck to retrieve 850 kilos of cocaine. The plan is thwarted when Naomi finds herself surrounded by a frenzy of man-eating white sharks - lured by the dead bodies in the wreck. In a tense and deadly undersea attack, Naomi must use her wits and determination to survive."
tt14874302,At Midnight,2023,100.0,6.0,1942.0,https://www.imdb.com/title/tt14874302/,https://m.media-amazon.com/images/M/MV5BMTJkYTVkYWQtYjkwOS00MjI1LWFkOWMtM2QyNTM3NjA5MTMyXkEyXkFqcGc@._V1_.jpg,Comedy,"Comedy, Romance",Jonah Feingold,"Monica Barbaro, Anders Holm, Jon Rudnitsky, Natalia Boneta, Ariadna Gutiérrez-Arévalo, Whitney Cummings, Giovanni M. Porta, Catherine Cohen","Monica Barbaro, Anders Holm, Jon Rudnitsky, Natalia Boneta, Ariadna Gutiérrez-Arévalo, Whitney Cummings, Giovanni M. Porta, Catherine Cohen, Casey Thomas Brown, Diego Boneta","Two people who do their best not to fall in love. It's centered on Alejandro, who lives a predictable life according to plan, and Sophie, a beautiful rising movie star with an unreliable celebrity boyfriend. During a visit to Mexico's beach to shoot scenes for her new movie, Super Society, Sophie falls in love with the hotel manager. Neither of them will be able to avoid falling in love and going against all odds."
tt14923260,Chupa,2023,95.0,6.0,8253.0,https://www.imdb.com/title/tt14923260/,https://m.media-amazon.com/images/M/MV5BZGI0YWNiYmUtNzRlYi00YWI1LTk1MmEtNzcyOTQzNDM5MTUxXkEyXkFqcGc@._V1_.jpg,Action,"Action, Adventure, Drama, Family, Fantasy",Jonás Cuarón,"Demián Bichir, Christian Slater, Evan Whitten, Ashley Ciarra, Nickolas Verdugo, Adriana Paz, Alex Knight, Julio Cesar Cedillo","Demián Bichir, Christian Slater, Evan Whitten, Ashley Ciarra, Nickolas Verdugo, Adriana Paz, Alex Knight, Julio Cesar Cedillo, Gerardo Taracena, Michael Kostroff","Shy 13-year-old Alex (Evan Whitten) flies from Kansas City to Mexico to meet his extended family for the first time. There, he meets his grandfather and former lucha libre champion Chava (Demián Bichir), energetic, wrestling-obsessed cousin Memo (Nickolas Verdugo), and fearless, hip cousin Luna (Ashley Ciarra). But, just as Alex begins to get his bearings, he discovers a mythical creature living under his grandfather's shed: a young chupacabra cub, which he recognizes from stories of the feared, full-grown chupacabra, fabled to feed on farmers' livestock. Alex soon learns that his new friend Chupa has a secret history with his family, and that dogged, dangerous scientist Richard Quinn (Christian Slater) is hunting the misunderstood creature to try to harness his powers. To protect Chupa from impending danger, Alex sets off on the adventure of a lifetime."
tt1493274,Caught Stealing,2025,107.0,7.0,90237.0,https://www.imdb.com/title/tt1493274/,https://m.media-amazon.com/images/M/MV5BYTk0YTIyYmMtMTJjOC00NmNiLTkxMTktYTU0ZDFhNjJlMTJiXkEyXkFqcGc@._V1_.jpg,Comedy,"Comedy, Crime, Thriller",Darren Aronofsky,"Austin Butler, Griffin Dunne, Dominique Silver, Shaun O'Hagan, Action Bronson, Jake Bentley Young, Zoë Kravitz, Kitty Lawrence","Austin Butler, Griffin Dunne, Dominique Silver, Shaun O'Hagan, Action Bronson, Jake Bentley Young, Zoë Kravitz, Kitty Lawrence, Matt Smith, Regina King","When a man (Austin Butler) reluctantly agrees to cat-sit for his neighbour, his life unravels amid dangerous events: rival gangsters hunt him down for money he knows nothing about, endangering the life of his girlfriend (Zoë Kravitz) and everyone else he loves."
tt14935892,Alice to Therese no Maboroshi Koujou,2023,111.0,6.0,3069.0,https://www.imdb.com/title/tt14935892/,https://m.media-amazon.com/images/M/MV5BNTk5NWVhM2QtMDhlOS00NGJhLTgwNDAtMWUwMjY4MjZjMmE4XkEyXkFqcGc@._V1_.jpg,Animation,"Animation, Drama, Fantasy, Romance","Mari Okada, Seimei Kidokoro","Jun'ya Enoki, Reina Ueda, Misaki Kuno, Kanon Amane, Kosuke Echigoya, Masaya Fukunishi, Nodoka Hasegawa, Saeko Akiho","Jun'ya Enoki, Reina Ueda, Misaki Kuno, Kanon Amane, Kosuke Echigoya, Masaya Fukunishi, Nodoka Hasegawa, Saeko Akiho, Tasuku Hatanaka, Yukiyo Fujii","Third-year middle school student Masamune, who lives in a town where time has stopped because a sudden explosion at a steelworks factory has sealed off all exits to the town. In order to hopefully one day return to normal, the residents of the town are forbidden from changing, and they live out their gloomy everyday lives. Masamune's enigmatic classmate Atsumi leads him one day to the fifth blast furnace of the steelworks factory, and there they meet a girl who is wild like a wolf and who cannot talk. The meeting of Masamune and these two girls upsets the balance of the world. The unstoppable ""love impulse"" of the boys and girls who are tired of their everyday lives begins to destroy the world."
tt14948432,Red One,2024,123.0,6.0,161808.0,https://www.imdb.com/title/tt14948432/,https://m.media-amazon.com/images/M/MV5BZmFkMjE4NjQtZTVmZS00MDZjLWE2ZmEtZTkzODljNjhlNWUxXkEyXkFqcGc@._V1_.jpg,Action,"Action, Adventure, Comedy, Fantasy, Mystery",Jake Kasdan,"Dwayne Johnson, Chris Evans, Lucy Liu, J.K. Simmons, Bonnie Hunt, Kristofer Hivju, Kiernan Shipka, Mary Elizabeth Ellis","Dwayne Johnson, Chris Evans, Lucy Liu, J.K. Simmons, Bonnie Hunt, Kristofer Hivju, Kiernan Shipka, Mary Elizabeth Ellis, Wesley Kimmel, Nick Kroll","After Santa Claus -- Code Name: RED ONE -- is kidnapped, the North Pole's Head of Security (Dwayne Johnson) must team up with the world's most infamous bounty hunter and notorious hacker (Chris Evans) in a globe-trotting, action-packed mission to save Christmas."
tt14961624,The Old Guard 2,2025,107.0,5.0,48362.0,https://www.imdb.com/title/tt14961624/,https://m.media-amazon.com/images/M/MV5BZmFhNWY1MjEtZTkyZS00ZWIzLTk4ZWItMDM0MzliNmE1ZGZhXkEyXkFqcGc@._V1_.jpg,Action,"Action, Adventure, Fantasy, Thriller",Victoria Mahoney,"Charlize Theron, KiKi Layne, Matthias Schoenaerts, Marwan Kenzari, Luca Marinelli, Chiwetel Ejiofor, Veronica Ngo, Henry Golding","Charlize Theron, KiKi Layne, Matthias Schoenaerts, Marwan Kenzari, Luca Marinelli, Chiwetel Ejiofor, Veronica Ngo, Henry Golding, Uma Thurman, Kamil Nożyński","Andy and her team of immortal warriors continue their mission to protect humanity. This time, they have to face off against a formidable new foe who threatens the very fabric of the Old Guard, while also dealing with the return of an immortal who was thought to be long lost."
tt14998742,Rebel Moon - Part One: A Child of Fire,2023,133.0,6.0,142351.0,https://www.imdb.com/title/tt14998742/,https://m.media-amazon.com/images/M/MV5BYTRmOTk2ZDYtY2Q3Mi00MGYwLWFjNDQtYTliODc3NzM1ZjBlXkEyXkFqcGc@._V1_.jpg,Action,"Action, Adventure, Drama, Fantasy, Sci-Fi",Zack Snyder,"Sofia Boutella, Djimon Hounsou, Ed Skrein, Michiel Huisman, Bae Doona, Ray Fisher, Charlie Hunnam, Anthony Hopkins","Sofia Boutella, Djimon Hounsou, Ed Skrein, Michiel Huisman, Bae Doona, Ray Fisher, Charlie Hunnam, Anthony Hopkins, Staz Nair, Fra Fee","When a peaceful settlement on the edge of a distant moon finds itself threatened by the armies of a tyrannical ruling force, Kora (Sofia Boutella), a mysterious stranger living among the villagers, becomes their best hope for survival. Tasked with finding trained fighters who will unite with her in making an impossible stand against the Mother World, Kora assembles a small band of warriors - outsiders, insurgents, peasants and orphans of war from different worlds who share a common need for redemption and revenge. As the shadow of an entire Realm bears down on the unlikeliest of moons, a battle over the fate of a galaxy is waged, and in the process, a new army of heroes is formed."
tt14999684,Shelby Oaks,2024,91.0,5.0,15959.0,https://www.imdb.com/title/tt14999684/,https://m.media-amazon.com/images/M/MV5BOWQ1MjA5YzItMmE2NC00YWZkLWEwZjMtOTIxMDgyYmU2MTRmXkEyXkFqcGc@._V1_.jpg,Horror,"Horror, Mystery, Thriller",Chris Stuckmann,"Sarah Durn, Mason Heidger, Joe Quinn, Mariah Burks, Rebecca DeMarco, C.L. Simpson, Camille Sullivan, Sloane Burkett","Sarah Durn, Mason Heidger, Joe Quinn, Mariah Burks, Rebecca DeMarco, C.L. Simpson, Camille Sullivan, Sloane Burkett, Michael Beach, Brendan Sexton III","The Paranormal Paranoids, a team of paranormal investigators, uncover a dark legacy and the far-reaching effects their investigation has as Mia searches for her sister Riley, the lead paranormal investigator, twelve years later. As Mia uncovers new and disturbing leads related to Riley's disappearance, she uncovers evidence of a hidden supernatural evil, dating all the way back to her and Riley's childhood."
tt15010692,The Damned,2024,89.0,6.0,9867.0,https://www.imdb.com/title/tt15010692/,https://m.media-amazon.com/images/M/MV5BMTRhZTdlNjEtNTk0NC00NWI3LThkYmEtY2YyMzdjODg1M2ZkXkEyXkFqcGc@._V1_.jpg,Drama,"Drama, Horror, Mystery",Þórður Pálsson,"Odessa Young, Joe Cole, Siobhan Finneran, Rory McCann, Turlough Convery, Lewis Gribben, Francis Magee, Mícheál Óg Lane","Odessa Young, Joe Cole, Siobhan Finneran, Rory McCann, Turlough Convery, Lewis Gribben, Francis Magee, Mícheál Óg Lane, Andrean Sigurgeirsson, Guillermo Uria","Eva, a 19th-century widow is tasked with making an impossible choice when, in the middle of an especially cruel winter, a ship sinks off the coast of her isolated fishing post. Eva and her crew must choose to either rescue the shipwrecked or survive the winter with their last remaining food. Facing the consequences of their choice and tormented by their guilt, the inhabitants wrestle with a mounting sense of dread and begin to believe they are all being punished for their choices."
tt15042300,On Swift Horses,2024,119.0,6.0,7039.0,https://www.imdb.com/title/tt15042300/,https://m.media-amazon.com/images/M/MV5BOWFiNTA2MzItNzY1Mi00YzRlLTljY2MtMTQ2MDJhMmUzOTM3XkEyXkFqcGc@._V1_.jpg,Drama,"Drama, Romance",Daniel Minahan,"Jacob Elordi, Daisy Edgar-Jones, Will Poulter, Jason Kravits, Dan Martin, Andrew Keenan-Bolger, Dwayne Grady, Chad Coe","Jacob Elordi, Daisy Edgar-Jones, Will Poulter, Jason Kravits, Dan Martin, Andrew Keenan-Bolger, Dwayne Grady, Chad Coe, Boone Platt, Ted Barton","Muriel and her husband Lee are about to begin a bright new life, which is upended by the arrival of Lee's brother. Muriel embarks on a secret life, gambling on racehorses and discovering a love she never thought possible."
tt15153532,Strays,2023,93.0,6.0,38524.0,https://www.imdb.com/title/tt15153532/,https://m.media-amazon.com/images/M/MV5BMDZjN2E2MDYtZWY4ZS00NGMxLWE3MjktYTQ3MzY2ZmNlMTY5XkEyXkFqcGc@._V1_.jpg,Adventure,"Adventure, Comedy",Josh Greenbaum,"Will Ferrell, Jamie Foxx, Isla Fisher, Randall Park, Will Forte, Brett Gelman, Rob Riggle, Josh Gad","Will Ferrell, Jamie Foxx, Isla Fisher, Randall Park, Will Forte, Brett Gelman, Rob Riggle, Josh Gad, Sofía Vergara, Jamie Demetriou","Young dog Reggie lives in the home of Doug, an angry and vile man who hates his pet and does everything he can to get rid of him. When Reggie becomes homeless, he meets Bug, an experienced street dog who is ready to become his new friend's guide through the world of dogs surviving without human support."
tt1517268,Barbie,2023,114.0,7.0,705144.0,https://www.imdb.com/title/tt1517268/,https://m.media-amazon.com/images/M/MV5BYjI3NDU0ZGYtYjA2YS00Y2RlLTgwZDAtYTE2YTM5ZjE1M2JlXkEyXkFqcGc@._V1_.jpg,Adventure,"Adventure, Comedy, Fantasy",Greta Gerwig,"Margot Robbie, Issa Rae, Kate McKinnon, Alexandra Shipp, Emma Mackey, Hari Nef, Sharon Rooney, Ana Cruz Kayne","Margot Robbie, Issa Rae, Kate McKinnon, Alexandra Shipp, Emma Mackey, Hari Nef, Sharon Rooney, Ana Cruz Kayne, Ritu Arya, Ryan Gosling","Barbie the Doll lives in bliss in the matriarchal society of Barbieland feeling good about her role in the world in the various iterations of Barbies over the years showing girls that play with her that they can be whatever and whoever they want. On the flip side, Ken, who also lives in Barbieland, is unnoticed except in relation to Barbie, which is however one step above any other doll in Barbieland, such as Allan. One day, Stereotypical Barbie begins to have feelings which she's never experienced which leads to her world seemingly falling apart. Weird Barbie determines that there is something happening in the real world with someone playing with her being unhappy leading to Stereotypical Barbie reluctantly heading to the real world to rectify what is happening with that person, she first needing to find this person. Much to Barbie's chagrin, the original Ken, Beach Ken, tags along with her to the real world in he needing to survive in her presence. Beyond their mission to find this person, Barbie and Ken will find the real world unlike anything they know in Barbieland, especially in it being a male dominated society. While Barbie still has to find out what's going on that made her come to the real world, Ken is finding a newfound control which he wants to bring back to Barbieland. If he is able to do so, the role of Barbie in the real world may be forever changed. On top of everything, executives at Mattel, primarily white men, discover that a ""real life"" Barbie and Ken doll have infiltrated the real world, their mission to capture the pair, but especially Barbie, to put them/her back in their/her place, namely in a manufacturer's sealed box."
tt15181360,Rez Ball,2024,111.0,6.0,3118.0,https://www.imdb.com/title/tt15181360/,https://m.media-amazon.com/images/M/MV5BMzAxZDVlYjItYTE4Mi00ZWEwLWJkNDktOGU2NTA1ZTAxNGM4XkEyXkFqcGc@._V1_.jpg,Drama,"Drama, Sport",Sydney Freeland,"Kauchani Bratt, Jessica Matten, Devin Sampson-Craig, Amber Midthunder, Julia Jones, River Rayne Thomas, Jojo Jackson, Avery Hale","Kauchani Bratt, Jessica Matten, Devin Sampson-Craig, Amber Midthunder, Julia Jones, River Rayne Thomas, Jojo Jackson, Avery Hale, Hunter Redhorse Arthur, Henry Wilson Jr.","In the heart of Chuska, New Mexico, the Chuska Warriors, a high school basketball team rich in Native American heritage, face their greatest challenge. After the loss of their star player, the team must unite like never before to keep their dreams of a state championship alive."
tt15239678,Dune: Part Two,2024,166.0,8.0,791798.0,https://www.imdb.com/title/tt15239678/,https://m.media-amazon.com/images/M/MV5BNTc0YmQxMjEtODI5MC00NjFiLTlkMWUtOGQ5NjFmYWUyZGJhXkEyXkFqcGc@._V1_.jpg,Action,"Action, Adventure, Drama, Sci-Fi",Denis Villeneuve,"Timothée Chalamet, Zendaya, Rebecca Ferguson, Javier Bardem, Josh Brolin, Austin Butler, Florence Pugh, Dave Bautista","Timothée Chalamet, Zendaya, Rebecca Ferguson, Javier Bardem, Josh Brolin, Austin Butler, Florence Pugh, Dave Bautista, Christopher Walken, Léa Seydoux","Paul Atreides unites with Chani and the Fremen while on a warpath of revenge against the conspirators who destroyed his family. Facing a choice between the love of his life and the fate of the known universe, he endeavors to prevent a terrible future only he can foresee."
tt15245240,The Buckingham Murders,2023,107.0,6.0,11331.0,https://www.imdb.com/title/tt15245240/,https://m.media-amazon.com/images/M/MV5BOTQwMWE3ZTEtMWRiYi00NDE3LTllMGEtZWNmYzhlOGI3YmNlXkEyXkFqcGc@._V1_.jpg,Crime,"Crime, Drama, Mystery, Thriller",Hansal Mehta,"Kareena Kapoor, Ash Tandon, Ranveer Brar, Keith Allen, Adwoa Akoto, Prabhleen Sandhu, Kapil Redekar, Darren Kemp","Kareena Kapoor, Ash Tandon, Ranveer Brar, Keith Allen, Adwoa Akoto, Prabhleen Sandhu, Kapil Redekar, Darren Kemp, Jonathan Nyati, Rukku Nahar","Jasmeet Bhamra, a British detective of Indian origin who has recently lost her son, is assigned the murder case of Ten-year-old boy in Buckinghamshire. During the course of investigation she finds that the murder is connected to a drug angle which shocks the victim's parents. While Jasmeet goes deep into the case, her senior Hardy tries to underestimate her, leading to a scuffle between the two and Jasmeet getting reduced to a desk job. But Jasmeet does not give up and pressures her senior officers to let her be on the case which has a lot of loopholes."
tt15255288,Murder Mystery 2,2023,89.0,6.0,86097.0,https://www.imdb.com/title/tt15255288/,https://m.media-amazon.com/images/M/MV5BMWU3OWYwNjAtNWExZS00ODY4LTgwMGQtNzliMzM2MjEyNDBkXkEyXkFqcGc@._V1_.jpg,Action,"Action, Adventure, Comedy, Crime, Mystery, Romance",Jeremy Garelick,"Adam Sandler, Jennifer Aniston, Mark Strong, Mélanie Laurent, Jodie Turner-Smith, John Kani, Kuhoo Verma, Dany Boon","Adam Sandler, Jennifer Aniston, Mark Strong, Mélanie Laurent, Jodie Turner-Smith, John Kani, Kuhoo Verma, Dany Boon, Adeel Akhtar, Enrique Arce",Full-time detectives Nick and Audrey are struggling to get their private eye agency off the ground. They find themselves at the center of international abduction when their friend Maharaja is kidnapped at his own lavish wedding.
tt15282148,A Beautiful Life,2023,98.0,6.0,9678.0,https://www.imdb.com/title/tt15282148/,https://m.media-amazon.com/images/M/MV5BYTQ1YTI2NTctMTQwOC00MmI2LTk5ZWYtZjBlYzg3YjQwMzYxXkEyXkFqcGc@._V1_.jpg,Drama,"Drama, Music, Romance",Mehdi Avaz,"Ardalan Esmaili, Christine Albeck Børge, Christopher Nissen, David Blue, Ian Burns, Inga Ibsdotter Lilleaas, Marie Askehave, Paw Henriksen","Ardalan Esmaili, Christine Albeck Børge, Christopher Nissen, David Blue, Ian Burns, Inga Ibsdotter Lilleaas, Marie Askehave, Paw Henriksen, Sebastian Jessen, Ted Evans","Elliott, a young fisherman with an extraordinary voice, gets the chance of a lifetime when he is discovered by successful high-profile music manager Suzanne, who pairs him with Lily, her music producer and estranged daughter. On his way to becoming a star, struggles from the past threaten not only his big breakthrough but also his budding romance with Lily."
tt15314262,The Beekeeper,2024,105.0,6.0,186004.0,https://www.imdb.com/title/tt15314262/,https://m.media-amazon.com/images/M/MV5BNzg3YjVmZGYtOTc5MC00MDdiLTllOTYtZWQ0ODQ1MmMyNTExXkEyXkFqcGc@._V1_.jpg,Action,"Action, Crime, Thriller",David Ayer,"Jason Statham, Emmy Raver-Lampman, Bobby Naderi, Josh Hutcherson, Jeremy Irons, David Witts, Michael Epp, Taylor James","Jason Statham, Emmy Raver-Lampman, Bobby Naderi, Josh Hutcherson, Jeremy Irons, David Witts, Michael Epp, Taylor James, Phylicia Rashad, Jemma Redgrave","Adam Clay is a beekeeper, but someone very important to him is scammed and driven to harm. However, what these power and money hungry scammers don't know, is that Clay is an agent in a classified program called Beekeepers, and they underestimate how much of a threat he is. Adam sets out on a quest of vengeance, where he hunts and kills those responsible for the incident."
tt15320066,ClearMind,2024,85.0,4.0,2350.0,https://www.imdb.com/title/tt15320066/,https://m.media-amazon.com/images/M/MV5BY2QzNGFjYjUtMzcxMS00NjE2LThlZmMtZjNlOTE1M2FhMzNkXkEyXkFqcGc@._V1_.jpg,Comedy,"Comedy, Mystery, Thriller",Rebecca Eskreis,"Rebecca Creskoff, Toks Olagundoye, Jenn Lyon, Kadeem Hardison, Matt Peters, Rob Benedict, Seana Kofoed, Jessica Meraz","Rebecca Creskoff, Toks Olagundoye, Jenn Lyon, Kadeem Hardison, Matt Peters, Rob Benedict, Seana Kofoed, Jessica Meraz, Alec Mapa, Sadie Glassner",A comedic thriller about virtual reality-gone-wrong.
tt15333984,Somebody I Used to Know,2023,106.0,6.0,10057.0,https://www.imdb.com/title/tt15333984/,https://m.media-amazon.com/images/M/MV5BNjc2MTAzMjYtMDc0Yy00NjliLWEyYzQtN2IwMTJiODIxYThjXkEyXkFqcGc@._V1_.jpg,Comedy,"Comedy, Romance",Dave Franco,"Alison Brie, Jay Ellis, Kiersey Clemons, Danny Pudi, Olga Merediz, Haley Joel Osment, Julie Hagerty, Ayden Mayeri","Alison Brie, Jay Ellis, Kiersey Clemons, Danny Pudi, Olga Merediz, Haley Joel Osment, Julie Hagerty, Ayden Mayeri, Fabi Reyna, Marian Li-Pino","On a trip to her hometown, workaholic Ally reminisces with her ex Sean and starts to question everything about the person she's become. Things only get more confusing when she meets Cassidy, who reminds her of the person she used to be."
tt15334430,Dog Gone,2023,95.0,6.0,7298.0,https://www.imdb.com/title/tt15334430/,https://m.media-amazon.com/images/M/MV5BMzUxMWJjMDgtOGRhZC00NjA5LWI3OWQtYzM1NzI4ZmVkOGYyXkEyXkFqcGc@._V1_.jpg,Biography,"Biography, Drama, Family",Stephen Herek,"Rob Lowe, Johnny Berchtold, Kimberly Williams-Paisley, Nick Peine, Savannah Bruffey, Brian Brightman, Holly A. Morris, Caroline Skye","Rob Lowe, Johnny Berchtold, Kimberly Williams-Paisley, Nick Peine, Savannah Bruffey, Brian Brightman, Holly A. Morris, Caroline Skye, Soji Arai, Annabella Didion",Based on the true story of a father and son who repair their fractured relationship during a forced hike of the Appalachian trail to find their beloved lost dog.
tt15334488,After Everything,2023,93.0,5.0,12672.0,https://www.imdb.com/title/tt15334488/,https://m.media-amazon.com/images/M/MV5BNTMyNzY0NDMtNGUyYi00NmVhLWJiZTAtNDA2MzMzNzliNzk0XkEyXkFqcGc@._V1_.jpg,Drama,"Drama, Romance",Castille Landon,"Hero Fiennes Tiffin, Josephine Langford, Mimi Keene, Stephen Moyer, Louise Lombard, Arielle Kebbel, Carter Jenkins, Kiana Madeira","Hero Fiennes Tiffin, Josephine Langford, Mimi Keene, Stephen Moyer, Louise Lombard, Arielle Kebbel, Carter Jenkins, Kiana Madeira, Rob Estes, Frances Turner","The fifth and final installment of the AFTER franchise finds Hardin struggling to move forward. He travels to Portugal in search of a woman he wronged in the past - and in hopes of finding himself. Hoping to win back Tessa, he realizes he needs to change before he can make the ultimate commitment."
tt15351980,Vacation Friends 2,2023,106.0,5.0,11281.0,https://www.imdb.com/title/tt15351980/,https://m.media-amazon.com/images/M/MV5BZTZhYzliYzktNGQxNC00YTliLWFhNzMtMDY5Y2ZmOTI4ZjNiXkEyXkFqcGc@._V1_.jpg,Action,"Action, Adventure, Comedy, Crime",Clay Tarver,"Lil Rel Howery, Yvonne Orji, John Cena, Meredith Hagner, Steve Buscemi, Carlos Santos, Ronny Chieng, Arnold Y. Kim","Lil Rel Howery, Yvonne Orji, John Cena, Meredith Hagner, Steve Buscemi, Carlos Santos, Ronny Chieng, Arnold Y. Kim, Jamie Hector, Lovensky Jean-Baptiste",A couple who meets up with another couple while on vacation in Mexico sees their friendship take an awkward turn when they get back home.
tt15353574,Hard Miles,2023,108.0,6.0,1614.0,https://www.imdb.com/title/tt15353574/,https://m.media-amazon.com/images/M/MV5BNGQ0OWUzNTQtNzBjZS00OTQ3LWFmNzItZGY5ZTZjOGVjMDgyXkEyXkFqcGc@._V1_.jpg,Drama,"Drama, Sport",R.J. Daniel Hanna,"Matthew Modine, Cynthia Kaye McWilliams, Jahking Guillory, Jackson Kelly, Zachary T. Robbins, Damien Diaz, Leslie David Baker, Sean Astin","Matthew Modine, Cynthia Kaye McWilliams, Jahking Guillory, Jackson Kelly, Zachary T. Robbins, Damien Diaz, Leslie David Baker, Sean Astin, Emily Kincaid, Jenna Doolittle",A strong-willed social worker at a youth prison assembles a cycling team of teenage convicts and takes them on a transformative 1000-mile ride. Inspired by the life of Greg Townsend and the Ridgeview Academy Cycling Team. This is the story of how these troubled young men found another gear.
tt15398776,Oppenheimer,2023,180.0,8.0,1096074.0,https://www.imdb.com/title/tt15398776/,https://m.media-amazon.com/images/M/MV5BN2JkMDc5MGQtZjg3YS00NmFiLWIyZmQtZTJmNTM5MjVmYTQ4XkEyXkFqcGc@._V1_.jpg,Biography,"Biography, Drama, History",Christopher Nolan,"Cillian Murphy, Emily Blunt, Robert Downey Jr., Alden Ehrenreich, Scott Grimes, Jason Clarke, Kurt Koehler, Tony Goldwyn","Cillian Murphy, Emily Blunt, Robert Downey Jr., Alden Ehrenreich, Scott Grimes, Jason Clarke, Kurt Koehler, Tony Goldwyn, John Gowans, Matt Damon","A dramatization of the life story of J. Robert Oppenheimer, the physicist who had a large hand in the development of the atomic bomb, thus helping end World War 2. We see his life from university days all the way to post-WW2, where his fame saw him embroiled in political machinations."
tt15428940,Jules,2023,87.0,7.0,19794.0,https://www.imdb.com/title/tt15428940/,https://m.media-amazon.com/images/M/MV5BYTU4OWVhZDAtZTA3Ny00NTllLWI3MDktN2FhOWZkZDhlZWZlXkEyXkFqcGc@._V1_.jpg,Comedy,"Comedy, Drama, Sci-Fi",Marc Turtletaub,"Ben Kingsley, Harriet Sansom Harris, Jane Curtin, Teddy Cañez, Narea Kang, Edward James Hyland, Blair Baker, Joshua Moore","Ben Kingsley, Harriet Sansom Harris, Jane Curtin, Teddy Cañez, Narea Kang, Edward James Hyland, Blair Baker, Joshua Moore, John Skelley, Christopher Kelly","Jules follows Milton (Kingsley) who lives a quiet life of routine in a small western Pennsylvania town, but finds his day upended when a UFO and its extra-terrestrial passenger crash land in his backyard. Before long, Milton develops a close relationship with the extra-terrestrial he calls ""Jules."" Things become complicated when two neighbors (Harris and Curtin) discover Jules and the government quickly closes in. What follows is a funny, wildly inventive ride as the three neighbors find meaning and connection later in life - thanks to this unlikely stranger."
tt15430628,Long ma jing shen,2023,126.0,6.0,7884.0,https://www.imdb.com/title/tt15430628/,https://m.media-amazon.com/images/M/MV5BMjVmNzIyNDMtNWIyZi00ZGYxLThlZjYtMWQ2MDVkNTNhMDM1XkEyXkFqcGc@._V1_.jpg,Action,"Action, Comedy, Drama, Family",Larry Yang,"Jackie Chan, Haocun Liu, Kevin Guo, Yueting Lang, Andy On, Hang Su, Jing Wu, Shenyang Xiao","Jackie Chan, Haocun Liu, Kevin Guo, Yueting Lang, Andy On, Hang Su, Jing Wu, Shenyang Xiao, Xing Yu, Ailei Yu","Washed-up stuntman Luo can barely make ends meet let alone take care of his beloved stunt horse, Red Hare. Luo reluctantly seeks help from his estranged daughter and her lawyer boyfriend when notified that the horse may be auctioned off to cover his debts. Unexpectedly, Luo and Red Hare become an overnight media sensation when their real-life fight with debt collectors goes viral. And Luo gets a second chance to choose between his stunt career and his family."
tt15460036,La Virgen de la Tosquera,2025,93.0,6.0,1793.0,https://www.imdb.com/title/tt15460036/,https://m.media-amazon.com/images/M/MV5BNTQ4YWQwYTMtZmY2Ny00ZTdjLTlhNDUtZTdmMGEwMjk1N2Y1XkEyXkFqcGc@._V1_.jpg,Horror,"Horror, Thriller",Laura Casabe,"Dolores Oliverio, Isabel Bracamonte, Candela Flores, Fernanda Echevarría, Agustin Sosa, Luisa Merelas, Dady Brieva, Mariano Grasso","Dolores Oliverio, Isabel Bracamonte, Candela Flores, Fernanda Echevarría, Agustin Sosa, Luisa Merelas, Dady Brieva, Mariano Grasso",Follows a jealous girl who enlists the help of magic to interfere with a relationship involving the apple of her eye.
tt15495150,The Witcher: Sirens of the Deep,2025,91.0,6.0,11637.0,https://www.imdb.com/title/tt15495150/,https://m.media-amazon.com/images/M/MV5BODJhNWI4NTQtOWVlOS00MWQyLWI2MTktYzRiNzk4Yzg2YjQyXkEyXkFqcGc@._V1_.jpg,Animation,"Animation, Action, Adventure, Drama, Fantasy, Mystery",Heechul Kang,"Doug Cockle, Joey Batey, Anya Chalotra, Christina Wren, Emily Carey, Camrus Johnson, Simon Templeman, Ray Chase","Doug Cockle, Joey Batey, Anya Chalotra, Christina Wren, Emily Carey, Camrus Johnson, Simon Templeman, Ray Chase, Mallory Jansen, Cynthia Kaye McWilliams","Hired to probe seaside village attacks, mutant monster hunter Geralt unravels an age-old conflict between humans and sea people that threatens war between kingdoms. Aided by allies, he must solve the mystery before hostilities escalate."
tt15509244,Happiness for Beginners,2023,103.0,6.0,22922.0,https://www.imdb.com/title/tt15509244/,https://m.media-amazon.com/images/M/MV5BYTEzYTFkMDctNzY0ZS00MGZhLTg3MGItZmY0ZTc0NTFiYjk3XkEyXkFqcGc@._V1_.jpg,Comedy,"Comedy, Drama, Romance",Vicky Wight,"Ellie Kemper, Luke Grimes, Nico Santos, Blythe Danner, Ben Cook, Shayvawn Webster, Julia Shiplett, Gus Birney","Ellie Kemper, Luke Grimes, Nico Santos, Blythe Danner, Ben Cook, Shayvawn Webster, Julia Shiplett, Gus Birney, Esteban Benito, Alexander Koch","A year after getting divorced, Helen Carpenter, thirty-two, lets her annoying, ten years younger brother talk her into signing up for a wilderness survival course. It's supposed to be a chance for her to pull herself together again, but when she discovers that her brother's even-more-annoying best friend is also coming on the trip, she can't imagine how it will be anything other than a disaster."
tt15514498,Eenie Meanie,2025,106.0,6.0,14062.0,https://www.imdb.com/title/tt15514498/,https://m.media-amazon.com/images/M/MV5BMDJiMDM4YzYtOWY3Zi00ODEwLTgxNjAtOTdiMDc2ZDI1MjczXkEyXkFqcGc@._V1_.jpg,Action,"Action, Comedy, Drama, Thriller",Shawn Simmons,"Samara Weaving, Karl Glusman, Andy Garcia, Steve Zahn, Jermaine Fowler, Marshawn Lynch, Randall Park, Mike O'Malley","Samara Weaving, Karl Glusman, Andy Garcia, Steve Zahn, Jermaine Fowler, Marshawn Lynch, Randall Park, Mike O'Malley, Elle Graham, Kyanna Simone",A reformed teenage getaway driver is dragged back into her unsavory past when a former employer offers her a chance to save the life of her chronically unreliable ex-boyfriend.
tt15552142,Caddo Lake,2024,103.0,7.0,59689.0,https://www.imdb.com/title/tt15552142/,https://m.media-amazon.com/images/M/MV5BZmIyOGI3NjgtZWJlYS00NzQ0LWJkMDUtNjhlYmFkYjI3NTM5XkEyXkFqcGc@._V1_.jpg,Drama,"Drama, Mystery, Sci-Fi, Thriller","Celine Held, Logan George","Dylan O'Brien, Eliza Scanlen, Caroline Falk, Lauren Ambrose, Sam Hennings, Diana Hopper, Eric Lange, Dave Maldonado","Dylan O'Brien, Eliza Scanlen, Caroline Falk, Lauren Ambrose, Sam Hennings, Diana Hopper, Eric Lange, Dave Maldonado, Zedrick Tinsley, Jules Hilillo Fernandez","In Louisiana, near the border of Texas, the mother of the young man Paris has a seizure and falls off a bridge while driving her car with her son. He saves himself but is not able to rescue his mother that disappears in Caddo Lake. In a house near the lake, the rebel teenager Ellie lives with her mother Celeste, her stepfather Daniel and her eight-year-old stepsister Anna. Ellie has arguments with her mother because of her father that she never knew and questions whether he really died. When Anna disappears in Caddo Lake, Sheriff Mark Taylor organizes a search party to look for her in the lake. Meanwhile Paris is researching why his mother had seizures when the water level is low in the lake. Ellie decides to look for Anna in the lake and finds a mystery in the lake."
tt15574124,Peaky Blinders: The Immortal Man,2026,112.0,7.0,89495.0,https://www.imdb.com/title/tt15574124/,https://m.media-amazon.com/images/M/MV5BNTdlNTNjNjctYTg2MC00NTFlLTliNTctODFiZjZmNWRkYTVlXkEyXkFqcGc@._V1_.jpg,Crime,"Crime, Drama, History",Tom Harper,"Cillian Murphy, Rebecca Ferguson, Tim Roth, Sophie Rundle, Barry Keoghan, Stephen Graham, Packy Lee, Jay Lycurgo","Cillian Murphy, Rebecca Ferguson, Tim Roth, Sophie Rundle, Barry Keoghan, Stephen Graham, Packy Lee, Jay Lycurgo, Ned Dennehy, Ian Peck","Tommy Shelby rots in a gilded cage of memory; a shell of a man haunted by the literal ghosts of his kin. He is a ghost himself until a siren call from the past pulls him back to the soot of Small Heath. There, the empire he built is a distorted reflection; led by a son whose ambition is fueled by a jagged cocktail of resentment and abandonment. Duke brokers a deal with a fascist devil, trading national stability for the hollow promise of a father figure. Tommy must weaponize his own ruthless cunning to dismantle the treasonous machine his absence created. The price of his legendary survival is a final, bloody collision with his own flesh."
tt15671028,No Hard Feelings,2023,103.0,6.0,221858.0,https://www.imdb.com/title/tt15671028/,https://m.media-amazon.com/images/M/MV5BZjk1NmZiNzYtZGUyYi00YzEwLTgwNWQtM2VmOWFmMGIwZDM2XkEyXkFqcGc@._V1_.jpg,Comedy,"Comedy, Romance",Gene Stupnitsky,"Jennifer Lawrence, Andrew Barth Feldman, Laura Benanti, Matthew Broderick, Natalie Morales, Scott MacArthur, Ebon Moss-Bachrach, Kyle Mooney","Jennifer Lawrence, Andrew Barth Feldman, Laura Benanti, Matthew Broderick, Natalie Morales, Scott MacArthur, Ebon Moss-Bachrach, Kyle Mooney, Hasan Minhaj, Jordan Mendoza","Maddie thinks she's found the answer to her financial troubles when she discovers an intriguing job listing: wealthy helicopter parents looking for someone to ""date"" their introverted 19-year-old son, Percy, and bring him out of his shell before he leaves for college. But awkward Percy proves to be more of a challenge than she expected, and time is running out before she loses it all."
tt15744298,Freelance,2023,108.0,6.0,30161.0,https://www.imdb.com/title/tt15744298/,https://m.media-amazon.com/images/M/MV5BMDcwYzM1YTEtYmU3YS00YjAzLTg1OGMtZjZmOWVhNTUyMmUxXkEyXkFqcGc@._V1_.jpg,Action,"Action, Comedy",Pierre Morel,"John Cena, Alison Brie, Juan Pablo Raba, Christian Slater, Alice Eve, Marton Csokas, Sebastian Eslava, Molly McCann","John Cena, Alison Brie, Juan Pablo Raba, Christian Slater, Alice Eve, Marton Csokas, Sebastian Eslava, Molly McCann, Mauricio Cujar, Diego Vásquez","Ex-special forces operative Mason Pettits (John Cena) is stuck in a dead-end desk job when he reluctantly takes on a freelance gig to provide private security for washed-up journalist Claire Wellington (Alison Brie) as she interviews the ruthless - but impeccably dressed - dictator, Juan Venegas (Juan Pablo Raba). When a military coup breaks out just as she's about to get the scoop of a lifetime, the unlikely trio must figure out how to survive the jungle AND each other in order to make it out alive. From Pierre Morel, the dynamic director of TAKEN and PEPPERMINT, FREELANCE is written by Jacob Lentz and is a Relativity Media Production."
tt15748830,Jaane Jaan,2023,139.0,7.0,17072.0,https://www.imdb.com/title/tt15748830/,https://m.media-amazon.com/images/M/MV5BZTBmZTkzYTUtZDBmYS00MDNiLWI0NGItODAzODY3ZjhmNjM5XkEyXkFqcGc@._V1_.jpg,Crime,"Crime, Drama, Mystery, Thriller",Sujoy Ghosh,"Jaideep Ahlawat, Naisha Khanna, Kareena Kapoor, Deopal Chahar, Parabal Suba, Salman Rai, Lin Laishram, Denjam Lepcha","Jaideep Ahlawat, Naisha Khanna, Kareena Kapoor, Deopal Chahar, Parabal Suba, Salman Rai, Lin Laishram, Denjam Lepcha, Saurabh Sachdeva, Markush Lepcha",A single mother and her daughter commit a crime and a neighbor helps them cover it up amid the police investigation.
tt15767808,Seven Kings Must Die,2023,117.0,7.0,44790.0,https://www.imdb.com/title/tt15767808/,https://m.media-amazon.com/images/M/MV5BZmQzMTMwOTItYjUyMS00NDY4LThmOWEtZjE3ODkyMzg3MDdlXkEyXkFqcGc@._V1_.jpg,Action,"Action, Drama, History",Edward Bazalgette,"Mark Rowley, Pekka Strang, Zoltán Andrási, Ingrid García-Jonsson, Agnes Born, Elaine Cassidy, James Northcote, Zak Sutcliffe","Mark Rowley, Pekka Strang, Zoltán Andrási, Ingrid García-Jonsson, Agnes Born, Elaine Cassidy, James Northcote, Zak Sutcliffe, Cavan Clerkin, Alexander Dreymon","Britain, early-10th century AD. Edward, King of Wessex, Mercia and East Anglia has died, creating a power vacuum in the kingdom. Vying to be king are Aethelstan and Aelfweard, both sons of Edward but with the claim of Aethelstan, the eldest, in dispute. Aethelstan has fallen under the influence of Ingilmundr, a half-Dane, half-Saxon, who appears to have prophetic powers. The Saxons' enemies - the Danes, Scots and some smaller kingdoms - see Edward's death as a chance to invade. Sitting between the two forces is Northumbria, ruled by Uhtred of Bebbanburg."
tt15782690,In the Land of Saints & Sinners,2023,106.0,6.0,32919.0,https://www.imdb.com/title/tt15782690/,https://m.media-amazon.com/images/M/MV5BN2FkNTIzN2QtYmJkZS00NGI5LTliNjItZDZhNzliZDhiMGJkXkEyXkFqcGc@._V1_.jpg,Action,"Action, Crime, Drama, Thriller",Robert Lorenz,"Kerry Condon, Desmond Eastwood, Conor MacNeill, Seamus O'Hara, Bernadette Carty, Liam Neeson, Ciarán Hinds, Manus Brennan","Kerry Condon, Desmond Eastwood, Conor MacNeill, Seamus O'Hara, Bernadette Carty, Liam Neeson, Ciarán Hinds, Manus Brennan, Niamh Cusack, Michelle Gleeson","Passing a quiet existence in a small Irish village, World War II veteran and widower Finbar Murphy leads a double life as a hitman working for an underworld boss, but ""The Troubles"" in Ireland have come to his town and pull him back into the world of vigilante justice."
tt15789038,Elemental,2023,101.0,7.0,169258.0,https://www.imdb.com/title/tt15789038/,https://m.media-amazon.com/images/M/MV5BNjU2MjE1OGItZjdmYS00ZmIyLTljNjYtOWI5ZGRkZjM4NDEwXkEyXkFqcGc@._V1_.jpg,Animation,"Animation, Adventure, Comedy, Family, Fantasy, Romance",Peter Sohn,"Leah Lewis, Mamoudou Athie, Ronnie Del Carmen, Shila Ommi, Wendi McLendon-Covey, Catherine O'Hara, Mason Wertheimer, Ronobir Lahiri","Leah Lewis, Mamoudou Athie, Ronnie Del Carmen, Shila Ommi, Wendi McLendon-Covey, Catherine O'Hara, Mason Wertheimer, Ronobir Lahiri, Wilma Bonet, Joe Pera","The film journeys alongside an unlikely pair, Ember and Wade, in a city where fire-, water-, land- and air-residents live together. The fiery young woman and the go-with-the-flow guy are about to discover something elemental: how much they actually have in common."
tt15789472,Nowhere,2023,109.0,6.0,50481.0,https://www.imdb.com/title/tt15789472/,https://m.media-amazon.com/images/M/MV5BODczNWQ3YmItN2Q5ZC00ZjhlLWEwYzUtNGMwNDc3OTc4ZTM4XkEyXkFqcGc@._V1_.jpg,Drama,"Drama, Thriller",Albert Pintó,"Anna Castillo, Tamar Novas, Tony Corvillo, Mariam Torres, Irina Bravo, Victoria Teijeiro, Lucía Soria, Mary Ruiz","Anna Castillo, Tamar Novas, Tony Corvillo, Mariam Torres, Irina Bravo, Victoria Teijeiro, Lucía Soria, Mary Ruiz, Edu Bulnes, Antonio Buíl","Set in a dystopian future, Spain has been turned into a dictatorship, where its government plans to eradicate children, pregnant women, and the elderly to deal with the lack of resources. The plot follows a pregnant woman separated from her husband while trying to flee the country to Ireland. She then finds herself trying to survive inside a shipping container in the heart of the sea."
tt15789492,Infiesto,2023,96.0,6.0,5772.0,https://www.imdb.com/title/tt15789492/,https://m.media-amazon.com/images/M/MV5BYmRkMDY1MDctYzJlYi00ZWVmLWE2NDctMjljN2M3ZTNiYjJiXkEyXkFqcGc@._V1_.jpg,Action,"Action, Adventure, Crime, Drama, Thriller",Patxi Amezcua,"Isak Férriz, Iria del Río, Antonio Buíl, Juan Fernández Mejías, Andrea Barrado, Ana Villa, Isabel Naveira, José Manuel Poga","Isak Férriz, Iria del Río, Antonio Buíl, Juan Fernández Mejías, Andrea Barrado, Ana Villa, Isabel Naveira, José Manuel Poga, Ismael Fritschi, María Mera","Two detectives are called to a small mining town in the Asturian mountains where a young woman who had been left for dead for months has suddenly appeared, leaving the detectives to question what dark forces are at work."
tt15895490,Black Lotus,2023,93.0,4.0,3425.0,https://www.imdb.com/title/tt15895490/,https://m.media-amazon.com/images/M/MV5BYWIyOTRiYjItNDNkNS00ZTQyLWIxMjUtMjVjMmQ2YTMwYzgyXkEyXkFqcGc@._V1_.jpg,Action,"Action, Adventure, Drama, Thriller",Todor Chapkanov,"Rico Verhoeven, Frank Grillo, Marie Dompnier, Peter Franzén, Pippi Casey, Rona-Lee Shimon, Magnus Samuelsson, Simon Wan","Rico Verhoeven, Frank Grillo, Marie Dompnier, Peter Franzén, Pippi Casey, Rona-Lee Shimon, Magnus Samuelsson, Simon Wan, Kevin Janssens, Hristo Petkov","A group of armed individuals has taken control of the German National Opera and is demanding an exorbitant ransom of three hundred million. Tragically, they shoot one of the hostages, prompting Matteo to disregard orders and retaliate. Although his actions lead to the liberation of the remaining hostages, it comes at the cost of his dear friend John's life. Devastated, Matteo retreats from the chaos and finds solace working at a sawmill in Romania. Meanwhile, in Amsterdam, Shira and her dedicated INTERPOL team successfully intercept a large drug shipment, angering Gabriel Saban, the powerful mob boss responsible for the illicit operation. Upon Matteo's return to Amsterdam, he learns about the kidnapping of his late friend's daughter by the local crime syndicate led by Gabriel. Fueled by grief and a burning desire to rescue the innocent girl, Matteo embarks on a dangerous mission, engaging in a one-man battle on the streets and canals of the city. Amidst exploding ordnance, flying bullets, and dramatic car collisions, Matteo relentlessly pursues his singular objective: to save the kidnapped daughter and bring down Gabriel's criminal empire."
tt15940132,War Machine,2026,106.0,6.0,117853.0,https://www.imdb.com/title/tt15940132/,https://m.media-amazon.com/images/M/MV5BMmM1ZTc5ZTYtOTM2My00MjBmLWE5NzktYzkyYzdlYWE3ZDAzXkEyXkFqcGc@._V1_.jpg,Action,"Action, Sci-Fi, Thriller",Patrick Hughes,"Alan Ritchson, Stephan James, Blake Richardson, Dennis Quaid, Esai Morales, Jai Courtney, Alex King, Keiynan Lonsdale","Alan Ritchson, Stephan James, Blake Richardson, Dennis Quaid, Esai Morales, Jai Courtney, Alex King, Keiynan Lonsdale, Jack Patten, James Beaufort","The humid tension of a grueling Ranger selection process dissolves into pure survival horror. Recruit 81 carries the crushing weight of a dead brother into the Georgia wilderness, pushing his physical limits until the sky literally breaks open. This is not a standard training exercise. A towering, mechanical nightmare from another world descends upon the exhausted candidates, turning a test of endurance into a frantic, low-visibility hunt where the military hierarchy shatters against superior, alien technology."
tt15944018,"Akazukin, tabi no tochû de shitai to deau.",2023,107.0,5.0,2542.0,https://www.imdb.com/title/tt15944018/,https://m.media-amazon.com/images/M/MV5BZDNmNzQ2MTItNTYzZi00MGI5LTg4YWItYjYwMjg0MWJkNGRkXkEyXkFqcGc@._V1_.jpg,Adventure,"Adventure, Comedy, Crime, Fantasy, Mystery",Yūichi Fukuda,"Kanna Hashimoto, Yûko Araki, Takanori Iwata, Natsuna, Yumi Wakatsuki, Masaki Kaji, Tomoharu Hasegawa, Tsuyoshi Muro","Kanna Hashimoto, Yûko Araki, Takanori Iwata, Natsuna, Yumi Wakatsuki, Masaki Kaji, Tomoharu Hasegawa, Tsuyoshi Muro, Mirei Kiritani, Mizuki Yamamoto","Little Red Riding Hood, a girl wearing a red hood, meets Cinderella, a girl covered in ash on her journey. The two, who have been changed into a nice dress by a witch, run over a man in a pumpkin carriage on the way to the ball. Fearing that they would find out, they managed to hide the corpse and safely arrived at the ball at the castle, where Cinderella fell in love with the prince. Meanwhile, the ball is interrupted by the discovery of a man's corpse. Little Red Riding Hood and Cinderella face the biggest pinch."
tt16156616,How to Date Billy Walsh,2024,98.0,5.0,4441.0,https://www.imdb.com/title/tt16156616/,https://m.media-amazon.com/images/M/MV5BM2Y2NDRkYzAtZDVkNi00OGI5LWEyOWYtYmJkYjk0NTEyMDJjXkEyXkFqcGc@._V1_.jpg,Comedy,"Comedy, Romance",Alex Pillai,"Sebastian Croft, Maisie Peters, Nael Ameen, Charithra Chandran, Daisy Jelley, Paxina Tuvuka, Charles Camrose, Nick Frost","Sebastian Croft, Maisie Peters, Nael Ameen, Charithra Chandran, Daisy Jelley, Paxina Tuvuka, Charles Camrose, Nick Frost, Tim Downie, Tanner Buchanan","Follows a pair of childhood friends: Amelia and Archie. Archie has always kept his love for her a secret, but just as he builds up the courage to declare his feelings, Amelia falls for Billy Walsh, the new transfer student."
tt16277242,La sociedad de la nieve,2023,144.0,8.0,177648.0,https://www.imdb.com/title/tt16277242/,https://m.media-amazon.com/images/M/MV5BODM1MWQ1MWUtMDM1ZS00ZjI3LTg4ZTMtNmI1ZDAwNmE4MTNiXkEyXkFqcGc@._V1_.jpg,Adventure,"Adventure, Biography, Drama, History, Thriller",J.A. Bayona,"Enzo Vogrincic, Agustín Pardella, Matías Recalt, Esteban Bigliardi, Diego Vegezzi, Fernando Contigiani, Esteban Kukuriczka, Francisco Romero","Enzo Vogrincic, Agustín Pardella, Matías Recalt, Esteban Bigliardi, Diego Vegezzi, Fernando Contigiani, Esteban Kukuriczka, Francisco Romero, Rafael Federman, Valentino Alonso","In 1972, the Uruguayan Air Force Flight 571, chartered to fly a rugby team to Chile, catastrophically crashes on a glacier in the heart of the Andes. Only 16 of the 40 passengers survived the crash, and finding themselves in one of the world's toughest environments, they are forced to resort to extreme measures to stay alive."
tt16300962,Cuando acecha la maldad,2023,99.0,7.0,64171.0,https://www.imdb.com/title/tt16300962/,https://m.media-amazon.com/images/M/MV5BY2UxZWExMTYtMzIzYy00NGUxLTk4Y2QtNTUxNWEyNWYxMWYzXkEyXkFqcGc@._V1_.jpg,Horror,Horror,Demián Rugna,"Ezequiel Rodríguez, Demián Salomón, Silvina Sabater, Luis Ziembrowski, Marcelo Michinaux, Emilio Vodanovich, Virginia Garófalo, Paula Rubinsztein","Ezequiel Rodríguez, Demián Salomón, Silvina Sabater, Luis Ziembrowski, Marcelo Michinaux, Emilio Vodanovich, Virginia Garófalo, Paula Rubinsztein, Lucrecia Nirón Talazac, Isabel Quinteros","Inhabitants of a quaint countryside town uncover chilling news: a demon is on the verge of being born in their midst. In a race against time, they attempt to flee before the malevolent force comes to life, but escaping may already be out of reach."
tt16304446,Fair Play,2023,113.0,6.0,47571.0,https://www.imdb.com/title/tt16304446/,https://m.media-amazon.com/images/M/MV5BNjkxYjNkMGMtOTkyNC00YTRhLWIyZDctNmFmZjYxNjEwMDdjXkEyXkFqcGc@._V1_.jpg,Drama,"Drama, Thriller",Chloe Domont,"Phoebe Dynevor, Alden Ehrenreich, Eddie Marsan, Rich Sommer, Sebastian De Souza, Sia Alipour, Yacine Ramoul, Brandon Bassir","Phoebe Dynevor, Alden Ehrenreich, Eddie Marsan, Rich Sommer, Sebastian De Souza, Sia Alipour, Yacine Ramoul, Brandon Bassir, Jamie Wilkes, Freddy Sawyer","Hot off the heels of their new engagement, thriving New York couple Emily and Luke can't get enough of each other. When a coveted promotion at a cutthroat financial firm arises, supportive exchanges between the lovers begin to sour into something more sinister. As the power dynamics irrevocably shift in their relationship, Luke and Emily must face the true price of success and the unnerving limits of ambition."
tt16366836,Venom: The Last Dance,2024,110.0,6.0,164422.0,https://www.imdb.com/title/tt16366836/,https://m.media-amazon.com/images/M/MV5BZDMyYWU4NzItZDY0MC00ODE2LTkyYTMtMzNkNDdmYmFhZDg0XkEyXkFqcGc@._V1_.jpg,Action,"Action, Fantasy, Horror, Sci-Fi, Thriller",Kelly Marcel,"Tom Hardy, Chiwetel Ejiofor, Juno Temple, Rhys Ifans, Stephen Graham, Peggy Lu, Clark Backo, Alanna Ubach","Tom Hardy, Chiwetel Ejiofor, Juno Temple, Rhys Ifans, Stephen Graham, Peggy Lu, Clark Backo, Alanna Ubach, Cristo Fernández, Jared Abrahamson","In Venom: The Last Dance, Tom Hardy returns as Venom, one of Marvel's greatest and most complex characters, for the final film in the trilogy. Eddie and Venom are on the run. Hunted by both of their worlds and with the net closing in, the duo are forced into a devastating decision that will bring the curtains down on Venom and Eddie's last dance."
tt16419074,Air,2023,111.0,7.0,198773.0,https://www.imdb.com/title/tt16419074/,https://m.media-amazon.com/images/M/MV5BNjdjYzJkZmUtZDNiMC00MzQ0LWE2MGEtYTk4ZGM4NzFkMzM3XkEyXkFqcGc@._V1_.jpg,Drama,"Drama, Sport",Ben Affleck,"Matt Damon, Jason Bateman, Ben Affleck, Chris Messina, Viola Davis, Julius Tennon, Damian Delano Young, Chris Tucker","Matt Damon, Jason Bateman, Ben Affleck, Chris Messina, Viola Davis, Julius Tennon, Damian Delano Young, Chris Tucker, Matthew Maher, Gustaf Skarsgård","The movie explores how Nike's basketball shoe division was struggling in 1984 due to low sales, and how the company's Marketing VP Rob Strasser and CEO Phil Knight tasked basketball talent scout Sonny Vaccaro to find a new spokesperson for their shoes. Although they considered third draft pick Michael Jordan off limits due to his preference for Adidas and Converse, Vaccaro convinced them that Jordan was a generational talent, and that Nike should pursue him and try to convince Jordan to sign with Nike."
tt16431404,Apex,2026,95.0,6.0,108926.0,https://www.imdb.com/title/tt16431404/,https://m.media-amazon.com/images/M/MV5BNjUzODE2ZWYtMDdiMS00ZTA0LWI4MzEtNDkyODNiNmIwMWY1XkEyXkFqcGc@._V1_.jpg,Action,"Action, Thriller",Baltasar Kormákur,"Charlize Theron, Taron Egerton, Eric Bana, Matt Whelan, Bessie Holland, Aaron Pedersen, Rob Carlton, Duncan Fellows","Charlize Theron, Taron Egerton, Eric Bana, Matt Whelan, Bessie Holland, Aaron Pedersen, Rob Carlton, Duncan Fellows, Julia Ohannessian, Niam Hogan","Sasha, a mountain climber haunted by a fatal decision in Norway, retreats to the Australian wilderness for isolation. Set out to conquer a menacing river, her journey turns into a desperate hunt when she discovers that nature isn't the only thing out for blood. Now she must push her limits on a solo adventure in the Australian wild, ensnared in a twisted game with a cunning killer who thinks she's prey."
tt16437278,The Strays,2023,100.0,5.0,13679.0,https://www.imdb.com/title/tt16437278/,https://m.media-amazon.com/images/M/MV5BZTI1NTJmOTYtOGI5YS00MmMzLTkzOGItNDBhM2FmYzU3ZDhmXkEyXkFqcGc@._V1_.jpg,Drama,"Drama, Mystery, Thriller",Nathaniel Martello-White,"Ashley Madekwe, Bukky Bakray, Jorden Myrie, Samuel Paul Small, Maria Almeida, Justin Salinger, Lucy Liemann, Tom Andrews","Ashley Madekwe, Bukky Bakray, Jorden Myrie, Samuel Paul Small, Maria Almeida, Justin Salinger, Lucy Liemann, Tom Andrews, Rob Jarvis, Michael Warburton","Neve lives an idyllic life in the suburbs with her loving family and works a fulfilling job at a private school. But when she begins to notice a strange man and woman appear unexpectedly at odd moments, she starts to doubt her sanity. Of course, she turns to her family and friends for assistance, but she is helpless when they hesitate to believe her."
tt1660648,Ricky Stanicky,2024,113.0,6.0,63631.0,https://www.imdb.com/title/tt1660648/,https://m.media-amazon.com/images/M/MV5BMTFhNmRlN2YtMDBhNC00NjJiLTk5NmUtN2MwNmIwNjEwNzQ0XkEyXkFqcGc@._V1_.jpg,Comedy,Comedy,Peter Farrelly,"Riley Stiles, Oscar Wilson, Gaius Nolan, Brian Jarvis, Jackie Flynn, Kevin J. Flynn, Jasmine Anders, Zac Efron","Riley Stiles, Oscar Wilson, Gaius Nolan, Brian Jarvis, Jackie Flynn, Kevin J. Flynn, Jasmine Anders, Zac Efron, Andrew Santino, John Cena","When three childhood best friends pull a prank that goes wrong, they invent the imaginary Ricky Stanicky to get them out of trouble. Twenty years after creating this ""friend"", Dean, JT, and Wes (Zac Efron, Andrew Santino, and Jermaine Fowler) still use the nonexistent Ricky as a handy alibi for their immature behavior. When their spouses and partners get suspicious and demand to finally meet the fabled Mr. Stanicky, the guilty trio decide to hire washed-up actor and raunchy celebrity impersonator ""Rock Hard"" Rod (John Cena) to bring him to life. But when Rod takes his role of a lifetime too far, they begin to wish they'd never invented Ricky in the first place."
tt1674782,Karate Kid: Legends,2025,94.0,6.0,50245.0,https://www.imdb.com/title/tt1674782/,https://m.media-amazon.com/images/M/MV5BM2MwYTlkY2MtNmUzNy00MTljLThjNDAtZGUzNzMxMzcxNzM5XkEyXkFqcGc@._V1_.jpg,Action,"Action, Drama, Family, Sport",Jonathan Entwistle,"Jackie Chan, Ben Wang, Joshua Jackson, Sadie Stanley, Ming-Na Wen, Wyatt Oleff, Aramis Knight, Ralph Macchio","Jackie Chan, Ben Wang, Joshua Jackson, Sadie Stanley, Ming-Na Wen, Wyatt Oleff, Aramis Knight, Ralph Macchio, Olivia Yang Avis, Aaron Wang","When kung fu prodigy Li Fong (Ben Wang) relocates to New York City with his mother to attend a prestigious new school, he finds solace in a new friendship with a classmate and her father. But his newfound peace is short-lived after he attracts unwanted attention from a formidable local karate champion. Driven by a desire to defend himself, Li embarks on a journey to enter the ultimate karate competition. Guided by the wisdom of his kung fu teacher, Mr. Han (Jackie Chan), and the legendary Karate Kid, Daniel LaRusso (Ralph Macchio), Li merges their unique styles to prepare for an epic martial arts showdown."
tt1684562,The Fall Guy,2024,126.0,7.0,274131.0,https://www.imdb.com/title/tt1684562/,https://m.media-amazon.com/images/M/MV5BM2U0MTJiYTItMjNiZS00MzU4LTkxYTAtYTU0ZGY1ODJhMjRhXkEyXkFqcGc@._V1_.jpg,Action,"Action, Comedy, Drama, Romance",David Leitch,"Ryan Gosling, Emily Blunt, Aaron Taylor-Johnson, Hannah Waddingham, Teresa Palmer, Stephanie Hsu, Winston Duke, Ben Knight","Ryan Gosling, Emily Blunt, Aaron Taylor-Johnson, Hannah Waddingham, Teresa Palmer, Stephanie Hsu, Winston Duke, Ben Knight, Matuse, Adam Dunn","He's a stuntman, and like everyone in the stunt community, he gets blown up, shot, crashed, thrown through windows and dropped from the highest of heights, all for our entertainment. And now, fresh off an almost career-ending accident, this working-class hero has to track down a missing movie star, solve a conspiracy and try to win back the love of his life while still doing his day job. What could possibly go right?"
tt16900880,Gil Bok-soon,2023,137.0,7.0,16865.0,https://www.imdb.com/title/tt16900880/,https://m.media-amazon.com/images/M/MV5BZjkyOTBlMmItYTFmNS00ZDZkLTk5OTktODEwZWJhOGQ3OTI0XkEyXkFqcGc@._V1_.jpg,Action,"Action, Thriller",Byun Sung-hyun,"Jeon Do-yeon, Sul Kyung-gu, Kim Si-Ah, Esom, Koo Kyo-hwan, Choi Byung-mo, Fahim Fazli, Andreas Fronk","Jeon Do-yeon, Sul Kyung-gu, Kim Si-Ah, Esom, Koo Kyo-hwan, Choi Byung-mo, Fahim Fazli, Andreas Fronk, Lee Hae-young, Lee Jae-wook","Single mother Kill Bok Soon is one of the world's deadliest assassins thanks to her 100% success rate on contract killings. Bok Soon works for M.K Ent, which is run by the man that taught her, Cha Min Kyo. The pair hold mutual respect for each other, but Kill Bok Soon understands that at a moment's notice could take everything away from her. Just before Kill Bok Soon was due to renew her contract, loyalties are put to the test when Bok Soon is involved in a kill or be killed incident."
tt1695843,Haunted Mansion,2023,123.0,6.0,50848.0,https://www.imdb.com/title/tt1695843/,https://m.media-amazon.com/images/M/MV5BZmQ5ZDY0NjYtNzdlNC00ZWI4LTkwZDItNjNiNTRhZjNmN2RiXkEyXkFqcGc@._V1_.jpg,Comedy,"Comedy, Drama, Family, Fantasy, Horror, Mystery",Justin Simien,"LaKeith Stanfield, Rosario Dawson, Owen Wilson, Tiffany Haddish, Danny DeVito, Jamie Lee Curtis, Chase Dillon, Jared Leto","LaKeith Stanfield, Rosario Dawson, Owen Wilson, Tiffany Haddish, Danny DeVito, Jamie Lee Curtis, Chase Dillon, Jared Leto, J.R. Adduci, Creek Wilson","In this frighteningly fun adventure inspired by the classic theme parks attraction, a doctor and her nine-year-old son, looking to start a new life, move into a strangely affordable mansion in New Orleans, only to discover that the place is much more than they bargained for. Desperate for help, they enlist a motley crew of so-called spiritual experts to help rid their home of supernatural squatters, including a priest, a widowed scientist-turned failed-paranormal expert, a French Quarter psychic, and a crotchety professor."
tt17009710,Anatomie d'une chute,2023,151.0,8.0,237407.0,https://www.imdb.com/title/tt17009710/,https://m.media-amazon.com/images/M/MV5BYTk3MjFkZmQtMThiYi00N2JhLTk2YzItZTE5ZGUxZTIyZDVkXkEyXkFqcGc@._V1_.jpg,Crime,"Crime, Drama, Mystery, Thriller",Justine Triet,"Sandra Hüller, Swann Arlaud, Milo Machado-Graner, Antoine Reinartz, Samuel Theis, Jehnny Beth, Saadia Bentaïeb, Camille Rutherford","Sandra Hüller, Swann Arlaud, Milo Machado-Graner, Antoine Reinartz, Samuel Theis, Jehnny Beth, Saadia Bentaïeb, Camille Rutherford, Anne Rotger, Sophie Fillières","The story begins when Samuel is found dead in the snow outside the isolated chalet where he lived with his wife Sandra, a German writer, and their partially-sighted 11-year-old son Daniel. An investigation leads to a conclusion of ""suspicious death"": it's impossible to know for sure whether he took his own life or was killed. Sandra is indicted, and we follow her trial which pulls the couple's relationship apart. Daniel is caught in the middle: between the trial and their home life, doubts take their toll on the mother-son relationship."
tt17163970,Wallace & Gromit: Vengeance Most Fowl,2024,82.0,8.0,42584.0,https://www.imdb.com/title/tt17163970/,https://m.media-amazon.com/images/M/MV5BMTk3M2YwMGUtZDJiZS00MDNkLWIyZDEtY2VjMWYyZDFmZjMzXkEyXkFqcGc@._V1_.jpg,Animation,"Animation, Adventure, Comedy, Family, Sci-Fi","Merlin Crossingham, Nick Park","Ben Whitehead, Peter Kay, Lauren Patel, Reece Shearsmith, Diane Morgan, Adjoa Andoh, Muzz Khan, Lenny Henry","Ben Whitehead, Peter Kay, Lauren Patel, Reece Shearsmith, Diane Morgan, Adjoa Andoh, Muzz Khan, Lenny Henry, Victoria Elliott, John Sparkes","Gromit's concern that Wallace has become over-dependent on his inventions proves justified, when Wallace invents a ""smart gnome"" that seems to develop a mind of its own. As events spiral out of control, it falls to Gromit to put aside his qualms and battle sinister forces - or Wallace may never be able to invent again."
tt17219484,Clock,2023,91.0,5.0,7400.0,https://www.imdb.com/title/tt17219484/,https://m.media-amazon.com/images/M/MV5BNTUzY2UwMGQtYjdmYy00YTE1LWExNTYtYzc5N2M0NGFlNjE5XkEyXkFqcGc@._V1_.jpg,Drama,"Drama, Horror, Thriller",Alexis Jacknow,"Dianna Agron, Melora Hardin, Jay Ali, Grace Porter, Saul Rubinek, Laura Elizabeth Stuart, Stefan Sims, Nikita Patel","Dianna Agron, Melora Hardin, Jay Ali, Grace Porter, Saul Rubinek, Laura Elizabeth Stuart, Stefan Sims, Nikita Patel, Rosa Gilmore, Charissa Allen","A woman enrolls in a clinical trial to try and fix her seemingly broken biological clock after friends, family, and society pressures her to have children."
tt17279496,Civil War,2024,109.0,7.0,274034.0,https://www.imdb.com/title/tt17279496/,https://m.media-amazon.com/images/M/MV5BYTkzMjc0YzgtY2E0Yi00NDBlLWI0MWUtODY1ZjExMDAyOWZiXkEyXkFqcGc@._V1_.jpg,Action,"Action, Thriller, War",Alex Garland,"Nick Offerman, Kirsten Dunst, Wagner Moura, Jefferson White, Nelson Lee, Evan Lai, Cailee Spaeny, Stephen McKinley Henderson","Nick Offerman, Kirsten Dunst, Wagner Moura, Jefferson White, Nelson Lee, Evan Lai, Cailee Spaeny, Stephen McKinley Henderson, Vince Pisani, Justin James Boykin","Civil War is a 2024 dystopian thriller film written and directed by Alex Garland. It follows a team of journalists traveling from New York City to Washington, D.C. during a civil war fought across the United States between an authoritarian federal government and several regional factions."
tt17489650,Ash,2025,95.0,5.0,17590.0,https://www.imdb.com/title/tt17489650/,https://m.media-amazon.com/images/M/MV5BOTYwZDE3ZDctOTc2Mi00MWIyLWFmMjctZTJmNzNmMjZkOTI0XkEyXkFqcGc@._V1_.jpg,Action,"Action, Adventure, Horror, Mystery, Sci-Fi, Thriller",Flying Lotus,"Eiza González, Aaron Paul, Iko Uwais, Kate Elliott, Beulah Koale, Flying Lotus, Andrew B. Miller","Eiza González, Aaron Paul, Iko Uwais, Kate Elliott, Beulah Koale, Flying Lotus, Andrew B. Miller",A woman wakes up on a distant planet and finds the crew of her space station viciously killed. Her investigation into what happened sets in motion a terrifying chain of events.
tt17526714,The Substance,2024,141.0,7.0,461666.0,https://www.imdb.com/title/tt17526714/,https://m.media-amazon.com/images/M/MV5BZDQ1NGE5MGMtYzdlZC00ODExLWJlMDMtNWU4NjA5OWYwMDEwXkEyXkFqcGc@._V1_.jpg,Drama,"Drama, Horror, Sci-Fi",Coralie Fargeat,"Demi Moore, Margaret Qualley, Dennis Quaid, Edward Hamilton-Clark, Gore Abrams, Oscar Lesage, Christian Erickson, Robin Greer","Demi Moore, Margaret Qualley, Dennis Quaid, Edward Hamilton-Clark, Gore Abrams, Oscar Lesage, Christian Erickson, Robin Greer, Tom Morton, Hugo Diego Garcia","Have you ever dreamed of a better version of yourself? You. Only better in every way. Seriously. You've got to try this new product. It's called the Substance. It changed my life. It generates another you. A new, younger, more beautiful, more perfect you. And there's only one rule: you share time. One week for you. One week for the new you. Seven days each. A perfect balance. Easy, right? If you respect the balance...what could possibly go wrong?"
tt18069420,Smurfs,2025,89.0,4.0,7724.0,https://www.imdb.com/title/tt18069420/,https://m.media-amazon.com/images/M/MV5BMDMyNDViNTMtMmQwYy00ZWUzLThjODYtZWNiOTMzMWFjMzg1XkEyXkFqcGc@._V1_.jpg,Animation,"Animation, Adventure, Comedy, Family, Fantasy, Musical",Chris Miller,"Rihanna, James Corden, Nick Offerman, JP Karliak, Dan Levy, Amy Sedaris, Natasha Lyonne, Sandra Oh","Rihanna, James Corden, Nick Offerman, JP Karliak, Dan Levy, Amy Sedaris, Natasha Lyonne, Sandra Oh, Jimmy Kimmel, Octavia Spencer","When Papa Smurf (John Goodman) is mysteriously taken by evil wizards, Razamel and Gargamel, Smurfette (Rihanna) leads the Smurfs on a mission into the real world to save him. With the help of new friends, the Smurfs must discover what defines their destiny to save the universe."
tt18073328,Blood & Gold,2023,98.0,7.0,20585.0,https://www.imdb.com/title/tt18073328/,https://m.media-amazon.com/images/M/MV5BM2RmNDE5ODQtYTY5MS00YjIzLTg3ZmEtMTJlNmIzNGZjYzM5XkEyXkFqcGc@._V1_.jpg,Action,"Action, Drama, War",Peter Thorwarth,"Alexander Scheer, Christian Kahrmann, Connor Long, Jan Blahák, Jan Cajzl, Jördis Triebel, Marie Hacke, Nele Kiper","Alexander Scheer, Christian Kahrmann, Connor Long, Jan Blahák, Jan Cajzl, Jördis Triebel, Marie Hacke, Nele Kiper, Robert Maaser, Roy McCrerey","Set in the spring of 1945, just before the end of World War II. Elsa and Heinrich quickly realize that they have more in common than their common enemy. Both fight for justice, against the Nazis and for their families. Heinrich is looking for his daughter. But in Elsa's remote village, a Jewish treasure of gold is hidden that the Nazis want to plunder. An action-packed search for the treasure begins, villagers against the SS. The greed for the gold brings secrets to light and ends in a bloody showdown in the village church."
tt18113118,Chien & chat,2024,86.0,5.0,1409.0,https://www.imdb.com/title/tt18113118/,https://m.media-amazon.com/images/M/MV5BYmVjYzYwMTItNzhiZi00OGZmLTkwNWMtMmUzM2VmODhmMjc0XkEyXkFqcGc@._V1_.jpg,Comedy,Comedy,Reem Kherici,"Franck Dubosc, Reem Kherici, Philippe Lacheau, Inès Reg, Artus, Raphaëlle Fugère-Larocque, Oscar Desgagnés, Lenie Scoffié","Franck Dubosc, Reem Kherici, Philippe Lacheau, Inès Reg, Artus, Raphaëlle Fugère-Larocque, Oscar Desgagnés, Lenie Scoffié, Laurence Laprise, Nicolas Michon","When a cat and a dog escape their cages in the airport, their owners must work together to recover their prized pets."
tt18259086,Sonic the Hedgehog 3,2024,110.0,7.0,84604.0,https://www.imdb.com/title/tt18259086/,https://m.media-amazon.com/images/M/MV5BMjZjNjE5NDEtOWJjYS00Mjk2LWI1ZDYtOWI1ZWI3MzRjM2UzXkEyXkFqcGc@._V1_.jpg,Action,"Action, Adventure, Comedy, Family, Fantasy, Sci-Fi",Jeff Fowler,"Jim Carrey, Ben Schwartz, Keanu Reeves, Idris Elba, Colleen O'Shaughnessey, James Marsden, Tika Sumpter, Lee Majdoub","Jim Carrey, Ben Schwartz, Keanu Reeves, Idris Elba, Colleen O'Shaughnessey, James Marsden, Tika Sumpter, Lee Majdoub, Krysten Ritter, Adam Pally","Sonic, Knuckles, and Tails reunite against a powerful new adversary, Shadow, a mysterious villain with powers unlike anything they have faced before. With their abilities outmatched in every way, Team Sonic must seek out an unlikely alliance in hopes of stopping Shadow and protecting the planet."
tt18315204,Fenómenas,2023,94.0,5.0,3625.0,https://www.imdb.com/title/tt18315204/,https://m.media-amazon.com/images/M/MV5BNmM2N2NiNzAtY2ZhNS00ZGNkLWFlNDYtMGE5MWQ5NjU5MDZjXkEyXkFqcGc@._V1_.jpg,Comedy,"Comedy, Horror",Carlos Therón,"Belén Rueda, Gracia Olayo, Toni Acosta, Emilio Gutiérrez Caba, Miren Ibarguren, Ivan Massagué, Óscar Ortuño, Antonio Pagudo","Belén Rueda, Gracia Olayo, Toni Acosta, Emilio Gutiérrez Caba, Miren Ibarguren, Ivan Massagué, Óscar Ortuño, Antonio Pagudo, Lorena López, Fran Cantos",Three middle-aged women who investigate paranormal events are put to the test when their leader Father Pilón disappears. Inspired by the real Hepta Group.
tt18394610,Nuovo Olimpo,2023,113.0,7.0,7598.0,https://www.imdb.com/title/tt18394610/,https://m.media-amazon.com/images/M/MV5BYTNjMTU2MDQtOWFmMi00OTQyLWI0MjItMDAzZjdiNzA1M2JlXkEyXkFqcGc@._V1_.jpg,Drama,"Drama, Romance",Ferzan Özpetek,"Alvise Rigo, Andrea Di Luigi, Aurora Giovinazzo, Damiano Gavino, Dustin Rubin, Giancarlo Commare, Greta Scarano, Loredana Cannata","Alvise Rigo, Andrea Di Luigi, Aurora Giovinazzo, Damiano Gavino, Dustin Rubin, Giancarlo Commare, Greta Scarano, Loredana Cannata, Luisa Ranieri, Timo Weisschnur","Late 1970s. They are young, beautiful and just 25 years old. They meet by chance and fall madly in love. An unexpected event, however, separates them. For thirty years they still pursue the hope of finding each other again, because they still love each other."
tt18412256,Alien: Romulus,2024,119.0,7.0,294687.0,https://www.imdb.com/title/tt18412256/,https://m.media-amazon.com/images/M/MV5BMDU0NjcwOGQtNjNjOS00NzQ3LWIwM2YtYWVmODZjMzQzN2ExXkEyXkFqcGc@._V1_.jpg,Horror,"Horror, Sci-Fi, Thriller",Fede Alvarez,"Cailee Spaeny, David Jonsson, Archie Renaux, Isabela Merced, Spike Fearn, Aileen Wu, Rosie Ede, Soma Simon","Cailee Spaeny, David Jonsson, Archie Renaux, Isabela Merced, Spike Fearn, Aileen Wu, Rosie Ede, Soma Simon, Bence Okeke, Viktor Orizu","In 2142, at the Jackson colony, Rain Carradine lives with her synthetic ""brother"" Andy that was reprogrammed by her father with the prime directive to protect her after the death of her parents. The Weyland-Yutani Corporation that administrates the colony forces the colonists to stay in Jackson prolonging the contracts of miners and farmers keeping them like slaves. When Rain's ex-boyfriend Tyler has his contract extended by the corporation, he convinces Rain to join his team, formed by his sister Kay, who is secretly pregnant, their cousin Bjorn and his sister Navarro, who is adopted, to travel to an abandoned station to flee to the planet Yvaga. They need Andy to interact with the computer system and they also need to recover the stasis chambers of the suspended animation for a nine-year trip to Yvaga. They go to the station and Andy and Bjorn realize that the chambers need cryogenic fuel for the trip. They go with Andy and accidentally unleash alien creatures, and there is a lockdown of the section. Rain uses the chip of the synthetic Rook that is damaged to update Andy to have access to all the functions of the station, but he becomes loyal to Weyland-Yutani Corporation and Rain is relegated to a second plane. But soon the creatures attack one by one of the Rain's friends. Will someone survive the alien creatures?"
tt18559464,My Old Ass,2024,89.0,7.0,48732.0,https://www.imdb.com/title/tt18559464/,https://m.media-amazon.com/images/M/MV5BNDhiYjE1ZTAtMjM2My00OGZhLWE4MGMtMDI1YzRiYWYzMTdkXkEyXkFqcGc@._V1_.jpg,Comedy,"Comedy, Drama, Fantasy, Romance",Megan Park,"Maisy Stella, Aubrey Plaza, Percy Hynes White, Maddie Ziegler, Kerrice Brooks, Maria Dizzia, Alain Goulem, Seth Isaac Johnson","Maisy Stella, Aubrey Plaza, Percy Hynes White, Maddie Ziegler, Kerrice Brooks, Maria Dizzia, Alain Goulem, Seth Isaac Johnson, Carter Trozzolo, Alexandria Rivera","A mushroom trip brings free-spirited Elliott face-to-face with her 39-year-old self. But when Elliott's ""old ass"" delivers warnings to her younger self, Elliott realizes she has to rethink everything about her family, life and love."
tt19113292,Keishichô sôsaikka rûshî burakku man jiken,2023,83.0,6.0,4523.0,https://www.imdb.com/title/tt19113292/,https://m.media-amazon.com/images/M/MV5BZTU5YjdlNGMtNmYwNi00NmRjLTk5ZWEtOTVjMGU2OGQ2NmFhXkEyXkFqcGc@._V1_.jpg,Documentary,"Documentary, Crime",Hyoe Yamamoto,"Clare Campbell, Jake Adelstein, Junichiro Kuku, Katsuyoshi Abe, Keizo Harafuji, Lucie Blackman, Sophie Blackman, Tim Blackman","Clare Campbell, Jake Adelstein, Junichiro Kuku, Katsuyoshi Abe, Keizo Harafuji, Lucie Blackman, Sophie Blackman, Tim Blackman, Tony Blair, Yasuhiko Asano","The turbulent and complex investigation into the killing of British tourist Lucie Blackman, told through unprecedented interviews with the Japanese detectives who led the case. Revelatory and heart-rendering, filmmaker Hyoe Yamamoto tracks the story of the men and women of the legendary Search 1 Select Division of the Tokyo Metropolitan Police Department, as they sought to overcome numerous obstacles in the fight to bring the perpetrator to justice. Under an unusual amount of international pressure and scrutiny, this film highlights the personal struggles of the main characters involved in the hunt for Lucie Blackman's kidnapper as they uncovered the sordid crimes of a culprit who challenged and toyed with them at every stage of the investigation. Known around the globe, the Lucie Blackman case still deeply affects those involved and this film sheds light on the debt the detectives continue to feel they owe the victims of an unusually brutal criminal."
tt19175696,Hermana Muerte,2023,91.0,6.0,11282.0,https://www.imdb.com/title/tt19175696/,https://m.media-amazon.com/images/M/MV5BYzA4ZWQ2MDgtMDJmOC00NTI0LThiNWQtOTQ4YTgxN2MxMDU1XkEyXkFqcGc@._V1_.jpg,Horror,"Horror, Mystery",Paco Plaza,"Aria Bedmar, Maru Valdivielso, Luisa Merelas, Chelo Vivares, Sara Roch, Olimpia Roch, Adriana Camarena, Martina Delgado","Aria Bedmar, Maru Valdivielso, Luisa Merelas, Chelo Vivares, Sara Roch, Olimpia Roch, Adriana Camarena, Martina Delgado, Claudia Fernández Arroyo, Almudena Amor","In post-war Spain, Narcisa (Aria Bedmar), a young novice with supernatural powers, arrives at a former convent, now a school for girls, to become a teacher. As the days go by, the strange events and increasingly disturbing situations that torment her will eventually lead her to unravel the terrible skein of secrets that surround the convent and haunt its inhabitants."
tt19316408,Stranger in the Woods,2024,82.0,4.0,1615.0,https://www.imdb.com/title/tt19316408/,https://m.media-amazon.com/images/M/MV5BZWNhOTViYzMtMDg0Yi00NDRmLWI0ZTgtYWM1Mjk4NGVmZjJmXkEyXkFqcGc@._V1_.jpg,Thriller,Thriller,Adam Newacheck,"Holly Kenney, Brendin Brown, Paris Nicole, Radek Antczak, Teddy Spencer, Devon Stewart","Holly Kenney, Brendin Brown, Paris Nicole, Radek Antczak, Teddy Spencer, Devon Stewart","Follows Olivia and her friends as they go on a vacation. After Olivia nearly drowns with a slit wrist in her bathtub after her fiancé's funeral, her friends suspect that she tried to kill herself, but she believes someone attacked her."
tt19500164,Nimona,2023,101.0,8.0,63448.0,https://www.imdb.com/title/tt19500164/,https://m.media-amazon.com/images/M/MV5BMjIyMmY0MWYtZGRkMC00MjhhLTgwNGUtYWVjZmQ4YjhjZWRmXkEyXkFqcGc@._V1_.jpg,Animation,"Animation, Action, Adventure, Comedy, Drama, Family, Fantasy, Sci-Fi, Thriller","Nick Bruno, Troy Quane","Chloë Grace Moretz, Riz Ahmed, Eugene Lee Yang, Frances Conroy, Lorraine Toussaint, Beck Bennett, RuPaul, Indya Moore","Chloë Grace Moretz, Riz Ahmed, Eugene Lee Yang, Frances Conroy, Lorraine Toussaint, Beck Bennett, RuPaul, Indya Moore, Julio Torres, Sarah Sherman","When Ballister Boldheart (Riz Ahmed), a knight in a futuristic medieval world, is framed for a crime he didn't commit, the only one who can help him prove his innocence is Nimona (Chloë Grace Moretz), a mischievous teen with a taste for mayhem - who also happens to be a shapeshifting creature Ballister has been trained to destroy. But with the entire kingdom out to get him, Nimona's the best (or technically the only) sidekick Ballister can hope for. And as the lines between heroes, villains, and monsters start to blur, the two of them set out to wreak serious havoc - for Ballister to clear his name once and for all, and for Nimona to...just wreak serious havoc."
tt19724192,Dzien Matki,2023,94.0,5.0,3047.0,https://www.imdb.com/title/tt19724192/,https://m.media-amazon.com/images/M/MV5BNmNhOGVhN2EtODQ3MC00MWRlLTg5YzktOWUxMTI3OTNkNmRmXkEyXkFqcGc@._V1_.jpg,Action,"Action, Drama, Thriller",Mateusz Rakowicz,"Agnieszka Grochowska, Adrian Delikta, Dariusz Chojnacki, Paulina Chrusciel, Pawel Koslik, Arkadiusz Brykalski, Sebastian Dela, Szymon Wróblewski","Agnieszka Grochowska, Adrian Delikta, Dariusz Chojnacki, Paulina Chrusciel, Pawel Koslik, Arkadiusz Brykalski, Sebastian Dela, Szymon Wróblewski, Konrad Eleryk, Jowita Budnik","Nina, a secretive ex-NATO Special Operations agent, must use all of her lethal skills to rescue her son, who has been kidnapped by ruthless gangsters. Finding Max is a double chance for her: a chance for a new sense of adrenaline, and the possibility of returning to life for her son."
tt19759618,Golden Kamuy,2024,127.0,6.0,3148.0,https://www.imdb.com/title/tt19759618/,https://m.media-amazon.com/images/M/MV5BNGExZmUyYTUtNTRmNi00MGIzLTgzMzQtZDVmYTcwNTgwNGJjXkEyXkFqcGc@._V1_.jpg,Action,"Action, Adventure, Comedy, Drama, History, War, Western",Shigeaki Kubo,"Kento Yamazaki, Anna Yamada, Gordon Maeda, Asuka Kudô, Shuntarô Yanagi, Yuki Izumisawa, Yûma Yamoto, Ryôhei Ohtani","Kento Yamazaki, Anna Yamada, Gordon Maeda, Asuka Kudô, Shuntarô Yanagi, Yuki Izumisawa, Yûma Yamoto, Ryôhei Ohtani, Katsuya Takagi, Mitsuki Takahata","Set in the late Meiji period in Hokkaido, Japan, Saichi Sugimoto (Kento Yamazaki) is a war hero who was known as Immortal Sugimoto during the Russo-Japanese War. He now starts a new life in Hokkaido. To raise money for his plan, he pans for gold in Hokkaido. He hears about the existence of gold nuggets that belonged to the indigenous Ainu people, but were stolen by a man known as Noppera-bo. Right before he was caught, Noppera-bo allegedly hid the gold nuggets. In prison, Noppera-bo tattooed the secret location among the bodies of 24 different prisoners. Each prisoner had a piece that would collectively reveal the location of the gold nuggets. Noppera-bo then escaped prison with those 24 prisoners. One day, Saichi Sugimoto is attacked by a wild bear. At that time, he is saved by an Ainu girl named Asirpa (Anna Yamada). Asirpa's father was killed by the man who stole the gold nuggets and she wants to take revenge on her father's killer. Saichi Sugimoto and Asirpa, for different reasons, begin to work together. More people join the chase for the hidden gold nuggets."
tt19847976,Wicked: For Good,2025,137.0,7.0,74049.0,https://www.imdb.com/title/tt19847976/,https://m.media-amazon.com/images/M/MV5BNzRhNTE4ZTYtNTM0Mi00MzU3LTk4MTktYWE3MzQ2NTU0MDNlXkEyXkFqcGc@._V1_.jpg,Drama,"Drama, Family, Fantasy, Musical, Romance",Jon M. Chu,"Cynthia Erivo, Ariana Grande, Jeff Goldblum, Michelle Yeoh, Jonathan Bailey, Ethan Slater, Marissa Bode, Colman Domingo","Cynthia Erivo, Ariana Grande, Jeff Goldblum, Michelle Yeoh, Jonathan Bailey, Ethan Slater, Marissa Bode, Colman Domingo, Bowen Yang, Bronwyn James","After challenging the Wizard's totalitarian regime in Oz, Elphaba must grapple with her identity as the ""Wicked Witch of the West."" Meanwhile, the Wizard has given Glinda the title ""Glinda the Good"" and a public status as the nation's defender against Elphaba. The two witches must make decisions that seal their fates in this second musical installment."
tt19858164,Little Bone Lodge,2023,93.0,6.0,14565.0,https://www.imdb.com/title/tt19858164/,https://m.media-amazon.com/images/M/MV5BZDdkY2MxNDItOTQ2NS00MGRhLTg5ZDgtM2U1MWY2NGM4ZDIzXkEyXkFqcGc@._V1_.jpg,Crime,"Crime, Mystery, Thriller",Matthias Hoene,"Joely Richardson, Sadie Soverall, Neil Linpow, Harry Cadby, Cameron Jack, Clifford Samuel, Roger Ajogbe, Sharon Young","Joely Richardson, Sadie Soverall, Neil Linpow, Harry Cadby, Cameron Jack, Clifford Samuel, Roger Ajogbe, Sharon Young, Euan Bennet, Jamie Melrose",Crminal brothers Jack and Matty take refuge at a remote farmhouse after a car accident during a violent storm. The isolated home is occupied by a mother and her teenage daughter. But as the night unfolds strange details about the family's past emerge and Jack realizes that the people inside the farmhouse may be hiding something far more disturbing than he imagined.
tt19862722,Find Me Falling,2024,93.0,6.0,14122.0,https://www.imdb.com/title/tt19862722/,https://m.media-amazon.com/images/M/MV5BOTllNzJmYjctNWMzZi00Yzc2LWE5MTMtNDBhNWU1NDdmMDFhXkEyXkFqcGc@._V1_.jpg,Comedy,"Comedy, Music, Romance",Stelana Kliris,"Harry Connick Jr., Agni Scott, Ali Fumiko Whitney, Toni Dimitriou, Angeliki Filipidou, Lea Maleni, Athina Roditou, Clarence Smith","Harry Connick Jr., Agni Scott, Ali Fumiko Whitney, Toni Dimitriou, Angeliki Filipidou, Lea Maleni, Athina Roditou, Clarence Smith, Yiola Klitou, Effie Charalambous","Coming off a flop album and his biggest hit's dwindling popularity, aging rock star John Allman decides to take a break from his career to reclaim his spark. He moves to an isolated cliffside home on the idyllic Mediterranean island of Cyprus. His dream of keeping a low profile is derailed when he is routinely confronted by desperate souls and later faced with even more complicated surprises when an old flame reignites."
tt19864802,Land of Bad,2024,113.0,7.0,60674.0,https://www.imdb.com/title/tt19864802/,https://m.media-amazon.com/images/M/MV5BOWI2YjMwMGEtZDJlZC00NGVkLTk2OTktMjhjNTZiNTIxOTg3XkEyXkFqcGc@._V1_.jpg,Action,"Action, Thriller",William Eubank,"Liam Hemsworth, Russell Crowe, Luke Hemsworth, Ricky Whittle, Milo Ventimiglia, Chika Ikogwe, Daniel MacPherson, Robert Rabiah","Liam Hemsworth, Russell Crowe, Luke Hemsworth, Ricky Whittle, Milo Ventimiglia, Chika Ikogwe, Daniel MacPherson, Robert Rabiah, Jack Finsterer, Chris Masters Mah",A Delta Force team fights for survival as an Air Force drone pilot becomes its eyes in the sky.
tt19869662,Irena's Vow,2023,121.0,7.0,3623.0,https://www.imdb.com/title/tt19869662/,https://m.media-amazon.com/images/M/MV5BNmM0ZDU4ZTQtMTI2Zi00NjlhLTg4YmItMjlkNTljYzBhNmUwXkEyXkFqcGc@._V1_.jpg,Biography,"Biography, Drama, War",Louise Archambault,"Sophie Nélisse, Dougray Scott, Andrzej Seweryn, Maciej Nawrocki, Eliza Rycembel, Aleksandar Milicevic, Agata Turkot, Filip Kosior","Sophie Nélisse, Dougray Scott, Andrzej Seweryn, Maciej Nawrocki, Eliza Rycembel, Aleksandar Milicevic, Agata Turkot, Filip Kosior, Krzysztof Szczepaniak, Irena Melcer","Through the eyes of a strong-willed woman comes the remarkable true story of Irena Gut, and the triumphs of the human spirit over devastating tragedy, as she risked her life to save a generation of Jews from the atrocities of the Holocaust."
tt19887550,Good Grief,2023,100.0,6.0,13249.0,https://www.imdb.com/title/tt19887550/,https://m.media-amazon.com/images/M/MV5BMzVjNWM1YTQtZDQwNi00NzkzLWIyMzEtOGYwYWQwNGVjMTI4XkEyXkFqcGc@._V1_.jpg,Comedy,"Comedy, Drama, Romance",Dan Levy,"Dan Levy, Ruth Negga, Himesh Patel, Luke Evans, Celia Imrie, Arnaud Valois, David Bradley, Mehdi Baki","Dan Levy, Ruth Negga, Himesh Patel, Luke Evans, Celia Imrie, Arnaud Valois, David Bradley, Mehdi Baki, Emma Corrin, Jamael Westman","Marc chose to distract himself from the pain of his mother's death by diving headfirst into a comfortable marriage with a charming, wealthy older man. But when his husband also dies, unexpectedly, Marc's world is cracked wide open, forcing him and his two best friends to embark on a cathartic, life-affirming adventure to make peace with all the grief he'd been evading."
tt19890316,What Happens Later,2023,103.0,5.0,6076.0,https://www.imdb.com/title/tt19890316/,https://m.media-amazon.com/images/M/MV5BNjkyNDY5Y2QtYjFkZi00ZmYyLWJkMmYtMjA2NGI1NzkyNjAyXkEyXkFqcGc@._V1_.jpg,Comedy,"Comedy, Romance",Meg Ryan,"Meg Ryan, David Duchovny, Hal Liggett, Faron Ledbetter, Jarred Rogers, Patricia Rouse, Rob Gilchrist, Will Reed","Meg Ryan, David Duchovny, Hal Liggett, Faron Ledbetter, Jarred Rogers, Patricia Rouse, Rob Gilchrist, Will Reed","Two ex lovers, Bill (David Duchovny) and Willa (Meg Ryan) get snowed in at a regional airport overnight. Indefinitely delayed, Willa, a magical thinker, and Bill, a catastrophic one, find themselves just as attracted to and annoyed by one another as they did decades earlier. But as they unpack the riddle of their mutual past and compare their lives to the dreams they once shared, they begin to wonder if their reunion is mere coincidence, or something more enchanted."
tt20112600,Race for Glory - Audi vs Lancia,2024,109.0,6.0,6263.0,https://www.imdb.com/title/tt20112600/,https://m.media-amazon.com/images/M/MV5BYTEyNGE4ZDUtMjQwZS00OTczLTk2OTktYmRlZDk0M2ZmMzdmXkEyXkFqcGc@._V1_.jpg,Biography,"Biography, Drama, Sport, Thriller",Stefano Mordini,"Riccardo Scamarcio, Volker Bruch, Katie Clarkson-Hill, Esther Garrel, Giorgio Montanini, Gianmaria Martini, Haley Bennett, Daniel Brühl","Riccardo Scamarcio, Volker Bruch, Katie Clarkson-Hill, Esther Garrel, Giorgio Montanini, Gianmaria Martini, Haley Bennett, Daniel Brühl, Lapo Elkann, Gabriele Portoghese","Feel the thrill of the road with this action-packed sports drama inspired by true events. A true David vs. Goliath story spotlighting the intense rivalry between German team Audi and Italian team Lancia at the 1983 Rally World Championship. Against all odds, Lancia battles to regain its former glory with an unbeatable combination of bold innovation and extraordinary courage."
tt20112746,Sting,2024,91.0,6.0,19779.0,https://www.imdb.com/title/tt20112746/,https://m.media-amazon.com/images/M/MV5BOWU1NzZiMWQtOWIzNi00OWQ2LThjMjctMGQ4OTMxZTQwOGY3XkEyXkFqcGc@._V1_.jpg,Comedy,"Comedy, Horror, Sci-Fi, Thriller",Kiah Roache-Turner,"Noni Hazlehurst, Jermaine Fowler, Alyla Browne, Robyn Nevin, Ryan Corr, Kate Walsh, Penelope Mitchell, Jett Berry","Noni Hazlehurst, Jermaine Fowler, Alyla Browne, Robyn Nevin, Ryan Corr, Kate Walsh, Penelope Mitchell, Jett Berry, Kade Berry, Silvia Colloca","One cold, stormy night in New York City, a mysterious object falls from the sky and smashes through the window of a rundown apartment building. It is an egg, and from this egg emerges a strange little spider... The creature is discovered by Charlotte, a rebellious 12-year-old girl obsessed with comic books. Despite her stepfather Ethan's best efforts to connect with her through their comic book co-creation Fang Girl, Charlotte feels isolated. Her mother and Ethan are distracted by their new baby and are struggling to cope, leaving Charlotte to bond with the spider. Keeping it as a secret pet, she names it Sting. As Charlotte's fascination with Sting increases, so does its size. Growing at a monstrous rate, Sting's appetite for blood becomes insatiable. Neighbours' pets start to go missing, and then the neighbours themselves. Soon Charlotte's family and the eccentric characters of the building realise that they are all trapped, hunted by a ravenous supersized arachnid with a taste for human flesh - and Charlotte is the only one who knows how to stop it."
tt20115096,A Tourist's Guide to Love,2023,94.0,6.0,8596.0,https://www.imdb.com/title/tt20115096/,https://m.media-amazon.com/images/M/MV5BM2U5MGViODMtZWJiZS00YTI0LWJjNjctYmNjODEyZjcxYmQ3XkEyXkFqcGc@._V1_.jpg,Adventure,"Adventure, Comedy, Romance",Steven K. Tsuchida,"Rachael Leigh Cook, Scott Ly, Ben Feldman, Missi Pyle, Glynn Sweet, Alexa Povah, Jacqueline Correa, Nondumiso Tembe","Rachael Leigh Cook, Scott Ly, Ben Feldman, Missi Pyle, Glynn Sweet, Alexa Povah, Jacqueline Correa, Nondumiso Tembe, Morgan Dudley, Andrew Barth Feldman","After an unexpected break up, a travel executive accepts an assignment to go undercover and learn about the tourist industry in Vietnam. Along the way she finds adventure and romance with her Vietnamese expat tour guide when they decide to reroute the tour bus in order to explore life and love off the beaten path."
tt2015349,The Greatest Hits,2024,94.0,6.0,9328.0,https://www.imdb.com/title/tt2015349/,https://m.media-amazon.com/images/M/MV5BMzhlODdmMjEtZDIxMC00ZDE5LWJkNzgtMDMwMDYyY2Q5ZDZlXkEyXkFqcGc@._V1_.jpg,Comedy,"Comedy, Drama, Music, Romance, Sci-Fi",Ned Benson,"Lucy Boynton, Justin H. Min, David Corenswet, Austin Crute, Retta, Andie Ju, Nelly Furtado, Clementine Creevy","Lucy Boynton, Justin H. Min, David Corenswet, Austin Crute, Retta, Andie Ju, Nelly Furtado, Clementine Creevy, Tom Yi, Jenne Kang","Harriet finds art imitating life when she discovers certain songs can transport her back in time literally. While she relives the past through romantic memories of her former boyfriend, her time travelling collides with a burgeoning new love interest in the present. As she takes her journey through time, she must consider whether or not she should change the past."
tt2016303,The Bricklayer,2023,110.0,5.0,14720.0,https://www.imdb.com/title/tt2016303/,https://m.media-amazon.com/images/M/MV5BMTI0M2Q3YjgtYmU3Mi00MDE2LTliNjItNDkxODRkODA2MDczXkEyXkFqcGc@._V1_.jpg,Action,"Action, Thriller",Renny Harlin,"Aaron Eckhart, Nina Dobrev, Clifton Collins Jr., Tim Blake Nelson, Ilfenesh Hadera, Oliver Trevena, Akis Sakellariou, Ori Pfeffer","Aaron Eckhart, Nina Dobrev, Clifton Collins Jr., Tim Blake Nelson, Ilfenesh Hadera, Oliver Trevena, Akis Sakellariou, Ori Pfeffer, John T. Woods, Konstantin Adaev","Steve Vail, a seasoned ex-CIA operative, is drawn back into the shadows to confront a formidable extortionist threatening the agency's very existence. Vail's expertise and cunning are put to the test as he unravels a complex web of intrigue, navigating through hidden agendas and treacherous alliances. As the stakes escalate, Vail must rely on his instincts and training to outwit his adversaries, uncover their true motives, and protect the secrets that could compromise national security. With time running out and the fate of the agency hanging in the balance, Vail embarks on a perilous mission to neutralize the extortionist and restore order."
tt20194882,Lonely Planet,2024,94.0,6.0,13633.0,https://www.imdb.com/title/tt20194882/,https://m.media-amazon.com/images/M/MV5BOTc4YmQ4ODctNjQ5YS00YmNjLTk3MjctZjIwMGJlMDdhNzc1XkEyXkFqcGc@._V1_.jpg,Drama,"Drama, Romance",Susannah Grant,"Laura Dern, Liam Hemsworth, Diana Silvers, Younès Boucif, Adriano Giannini, Rachida Brakni, Shosha Goren, Heeba Shah","Laura Dern, Liam Hemsworth, Diana Silvers, Younès Boucif, Adriano Giannini, Rachida Brakni, Shosha Goren, Heeba Shah, Jean-Erns Marie-Louise, Gustav Dyekjær Giese",During a retreat for authors in picturesque Morocco a popular American writer has plans to continue writing her latest book. Her plan however gets disrupted when she gets attracted to an American young man who has accompanied his writer girlfriend to the retreat.
tt20202136,Descendants: The Rise of Red,2024,95.0,5.0,9090.0,https://www.imdb.com/title/tt20202136/,https://m.media-amazon.com/images/M/MV5BNGUwYTYxMjItMDZkMi00MTIxLThjYWItOGRkN2YxMWJiY2Q4XkEyXkFqcGc@._V1_.jpg,Action,"Action, Adventure, Family, Fantasy, Music, Musical, Sci-Fi",Jennifer Phang,"Kylie Cantrall, Malia Baker, Dara Reneé, Ruby Rose Turner, Morgan Dudley, Melanie Paxson, Joshua Colley, Julee Cerda","Kylie Cantrall, Malia Baker, Dara Reneé, Ruby Rose Turner, Morgan Dudley, Melanie Paxson, Joshua Colley, Julee Cerda, Leonardo Nam, Paolo Montalban","The expansive new story finds polar opposites Red and Chloe crossing paths at a momentous celebration in Auradon when unexpected chaos breaks out. In order to prevent an impending coup, they must join forces to travel back in time, via a magical pocket watch created by the Mad Hatter's son, to stop an event that would lead to grave consequences."
tt20204996,Underverden II,2023,110.0,6.0,2844.0,https://www.imdb.com/title/tt20204996/,https://m.media-amazon.com/images/M/MV5BM2JjYWQ0OGQtODM3NC00NmQ3LTljN2ItZGMxYWMwMDMwMzg2XkEyXkFqcGc@._V1_.jpg,Action,"Action, Thriller",Fenar Ahmad,"Dar Salim, Birgitte Hjort Sørensen, Stine Fischer Christensen, Abud Mustafa, Soheil Bavi, Ahmad Ayman, Mohamed Djeziri, Hamed 'Baloosh' Balosha","Dar Salim, Birgitte Hjort Sørensen, Stine Fischer Christensen, Abud Mustafa, Soheil Bavi, Ahmad Ayman, Mohamed Djeziri, Hamed 'Baloosh' Balosha, Sebastian Nørgaard, Noah Carter","Zaid is doing time in prison, but gets a chance to get out and see his son if he assists the police."
tt20214908,Another Simple Favor,2025,120.0,5.0,32820.0,https://www.imdb.com/title/tt20214908/,https://m.media-amazon.com/images/M/MV5BMDBhNTg1MWMtMDc5Ni00YTk1LWFjNGUtMmE2Y2Q5MGQ2M2Q2XkEyXkFqcGc@._V1_.jpg,Comedy,"Comedy, Crime, Mystery, Thriller",Paul Feig,"Anna Kendrick, Joshua Satine, Mitch Salm, Andrew Rannells, Diletta Jayne, Holmes, Aparna Nancherla, Kelly McCormack","Anna Kendrick, Joshua Satine, Mitch Salm, Andrew Rannells, Diletta Jayne, Holmes, Aparna Nancherla, Kelly McCormack, Blake Lively, Allison Janney","Stephanie Smothers and Emily Nelson reunite on the island of Capri, Italy for Emily's extravagant wedding to a rich Italian businessman, which is interrupted by murder and betrayal."
tt20215234,Conclave,2024,120.0,7.0,287571.0,https://www.imdb.com/title/tt20215234/,https://m.media-amazon.com/images/M/MV5BYjgxMDI5NmMtNTU3OS00ZDQxLTgxZmEtNzY1ZTBmMDY4NDRkXkEyXkFqcGc@._V1_.jpg,Drama,"Drama, Thriller",Edward Berger,"Ralph Fiennes, Jacek Koman, Lucian Msamati, Stanley Tucci, John Lithgow, Bruno Novelli, Thomas Loibl, Brían F. O'Byrne","Ralph Fiennes, Jacek Koman, Lucian Msamati, Stanley Tucci, John Lithgow, Bruno Novelli, Thomas Loibl, Brían F. O'Byrne, Isabella Rossellini, Rony Kramer","Cardinal Lawrence (Ralph Fiennes) is tasked with running this covert process after the unexpected death of the beloved Pope. Once the Catholic Church's most powerful leaders have gathered from around the world and are locked together in the Vatican halls, Lawrence uncovers a trail of deep secrets left in the dead Pope's wake--secrets which could shake the foundations of the Church."
tt20215968,Hit Man,2023,115.0,7.0,134208.0,https://www.imdb.com/title/tt20215968/,https://m.media-amazon.com/images/M/MV5BNzFhMDZmYTctOTNmZi00MjVjLThkNGItMTJhOTI2NDkzMTFiXkEyXkFqcGc@._V1_.jpg,Comedy,"Comedy, Crime, Romance",Richard Linklater,"Glen Powell, Adria Arjona, Austin Amelio, Retta, Sanjay Rao, Molly Bernard, Evan Holtzman, Gralen Bryant Banks","Glen Powell, Adria Arjona, Austin Amelio, Retta, Sanjay Rao, Molly Bernard, Evan Holtzman, Gralen Bryant Banks, Mike Markoff, Bryant Carroll","Gary Johnson is the most sought-after professional killer in New Orleans. To his clients, he is like something out of a movie: the mysterious gun for hire. But if you pay him to rub out a cheating spouse or an abusive boss, you'd better watch out - he works for the cops. After he breaks protocol to help a desperate woman trying to flee an abusive husband, he finds himself becoming one of his false personas, falling for the woman and flirting with becoming a criminal."
tt20221690,Woody Woodpecker Goes to Camp,2024,100.0,5.0,3068.0,https://www.imdb.com/title/tt20221690/,https://m.media-amazon.com/images/M/MV5BMDg5YjAzNDAtOGJlOC00NmQ4LTkwY2EtOTg5OWJkOGJiY2NhXkEyXkFqcGc@._V1_.jpg,Animation,"Animation, Adventure, Comedy, Family, Fantasy",Jonathan A. Rosenbaum,"Mary-Louise Parker, Josh Lawson, Chloe De Los Santos, Kershawn Theodore, Savannah La Rain, Evan Stanhope, George Holahan-Cantwell, Esther Son","Mary-Louise Parker, Josh Lawson, Chloe De Los Santos, Kershawn Theodore, Savannah La Rain, Evan Stanhope, George Holahan-Cantwell, Esther Son, Kushinka Jayewardene, CC Dewar","Woody Woodpecker must find a new home after being kicked out of the forest. At Camp Woo Hoo, he thinks he's found a forever home, but there's an inspector on the loose who wants to shut down the camp."
tt20222166,Spinal Tap II: The End Continues,2025,83.0,6.0,10062.0,https://www.imdb.com/title/tt20222166/,https://m.media-amazon.com/images/M/MV5BYWE0NjM2MTgtYzU2Ni00ZGIyLWFhZjctZTYzNTI3MmMyZDMwXkEyXkFqcGc@._V1_.jpg,Comedy,"Comedy, Music",Rob Reiner,"Christopher Guest, Michael McKean, Harry Shearer, Rob Reiner, Valerie Franco, CJ Vanston, Jean Cromie, Kerry Godliman","Christopher Guest, Michael McKean, Harry Shearer, Rob Reiner, Valerie Franco, CJ Vanston, Jean Cromie, Kerry Godliman, Garth Brooks, Trisha Yearwood",The band reunite after a 15-year break for one final concert.
tt20256412,Hammerharte Jungs,2023,102.0,5.0,3705.0,https://www.imdb.com/title/tt20256412/,https://m.media-amazon.com/images/M/MV5BNzI1ODczNTgtMDIwNi00ZTY0LTgxY2UtZWZiMTZmNzk4YzA1XkEyXkFqcGc@._V1_.jpg,Comedy,Comedy,Granz Henman,"Tobias Schäfer, Cosima Henman, Monika Oschek, Tom Beck, Samirah Breuer, Louis Jérôme Wagenbrenner, Vivien König, Lilly Joan Gutzeit","Tobias Schäfer, Cosima Henman, Monika Oschek, Tom Beck, Samirah Breuer, Louis Jérôme Wagenbrenner, Vivien König, Lilly Joan Gutzeit, Nhung Hong, Maximilian Schneider",Two best friends try to make it through high school while dealing with embarrassing new urges and their very inconvenient feelings for each other.
tt20256448,Force of Nature: The Dry 2,2024,120.0,6.0,10207.0,https://www.imdb.com/title/tt20256448/,https://m.media-amazon.com/images/M/MV5BMDU0MzIwZmYtNDQ0OS00YzljLThhMGUtNDk4MzRiODc5Zjk4XkEyXkFqcGc@._V1_.jpg,Crime,"Crime, Mystery, Thriller",Robert Connolly,"Eric Bana, Anna Torv, Deborra-Lee Furness, Robin McLeavy, Sisi Stringer, Lucy Ansell, Jacqueline McKenzie, Jeremy Lindsay Taylor","Eric Bana, Anna Torv, Deborra-Lee Furness, Robin McLeavy, Sisi Stringer, Lucy Ansell, Jacqueline McKenzie, Jeremy Lindsay Taylor, Richard Roxburgh, Tony Briggs",Five women participate in a hiking retreat but only four come out the other side. Federal agents Aaron Falk and Carmen Cooper head into the mountains hoping to find their informant still alive.
tt20258920,Tin Soldier,2025,86.0,3.0,4452.0,https://www.imdb.com/title/tt20258920/,https://m.media-amazon.com/images/M/MV5BNzRhOWQyNmUtYzVjNi00ZmVkLWE0MDItZjkyOTM2ZGExM2MwXkEyXkFqcGc@._V1_.jpg,Action,"Action, Biography, Drama, Thriller",Brad Furman,"Scott Eastwood, Jamie Foxx, Nora Arnezeder, Joey Bicicchi, John Leguizamo, Rita Ora, Robert De Niro, Shamier Anderson","Scott Eastwood, Jamie Foxx, Nora Arnezeder, Joey Bicicchi, John Leguizamo, Rita Ora, Robert De Niro, Shamier Anderson, Nadia Falegka, Shana Leelee Chasman",A former agent is recruited by the government for a dangerous mission that will force him to confront a past he would rather forget.
tt20420628,Freud's Last Session,2023,110.0,6.0,8244.0,https://www.imdb.com/title/tt20420628/,https://m.media-amazon.com/images/M/MV5BNTZiNzRhYzMtNjYxYS00ZTAzLWI3OGQtYzU0MWYyYzJiZmE4XkEyXkFqcGc@._V1_.jpg,Drama,Drama,Matt Brown,"Anthony Hopkins, Matthew Goode, Liv Lisa Fries, Jodi Balfour, Jeremy Northam, Orla Brady, George Andrew-Clarke, Rhys Mannion","Anthony Hopkins, Matthew Goode, Liv Lisa Fries, Jodi Balfour, Jeremy Northam, Orla Brady, George Andrew-Clarke, Rhys Mannion, Pádraic Delaney, Stephen Campbell Moore","Set on the eve of WWII and towards the end of his life, Freud's Last Session sees Freud (Hopkins) invite iconic author C.S. Lewis for a debate over the existence of God. Exploring Freud's unique relationship with his lesbian daughter Anna and Lewis' unconventional romance with his best friend's mother, the film interweaves past, present and fantasy, bursting from the confines of Freud's study on a dynamic journey."
tt2049403,Beetlejuice Beetlejuice,2024,105.0,7.0,179016.0,https://www.imdb.com/title/tt2049403/,https://m.media-amazon.com/images/M/MV5BNTQ4Y2MzY2MtYzQyMS00ZTQ3LWIzZGQtNjVjYzgwYzA1MDkzXkEyXkFqcGc@._V1_.jpg,Comedy,"Comedy, Fantasy, Horror",Tim Burton,"Michael Keaton, Winona Ryder, Catherine O'Hara, Jenna Ortega, Justin Theroux, Willem Dafoe, Monica Bellucci, Arthur Conti","Michael Keaton, Winona Ryder, Catherine O'Hara, Jenna Ortega, Justin Theroux, Willem Dafoe, Monica Bellucci, Arthur Conti, Nick Kellington, Santiago Cabrera","After an unexpected family tragedy, three generations of the Deetz family return home to Winter River. Still haunted by Beetlejuice, Lydia's life is turned upside down when her rebellious teenage daughter, Astrid, discovers the mysterious model of the town in the attic and the portal to the Afterlife is accidentally opened. With trouble brewing in both realms, it's only a matter of time until someone says Beetlejuice's name three times and the mischievous demon returns to unleash his very own brand of mayhem."
tt20857676,Akademia pana Kleksa,2023,130.0,5.0,2326.0,https://www.imdb.com/title/tt20857676/,https://m.media-amazon.com/images/M/MV5BYTI2YmU3NWYtMTljZC00ZWJmLTlmNzUtNWViYWQwMjkyYTQxXkEyXkFqcGc@._V1_.jpg,Adventure,"Adventure, Family, Fantasy",Maciej Kawulski,"Antonina Litwiniak, Tomasz Kot, Piotr Fronczewski, Sebastian Stankiewicz, Agnieszka Grochowska, Danuta Stenka, Daniel Walasek, Konrad Repinski","Antonina Litwiniak, Tomasz Kot, Piotr Fronczewski, Sebastian Stankiewicz, Agnieszka Grochowska, Danuta Stenka, Daniel Walasek, Konrad Repinski, Igor Fernandez-Kowalczyk, Apolonia Galeska",Teenage girl Ada ends up in mysterious Kleks Academy where crossing to the world of fairy tales and reaching boundaries of imagination is possible. She also discovers a way to find out her most hidden family secret.
tt20969586,Thunderbolts*,2025,127.0,7.0,303707.0,https://www.imdb.com/title/tt20969586/,https://m.media-amazon.com/images/M/MV5BNDIzNGUwZmYtODM0Yy00NjA3LTgxOGUtOTY0ZGM5MjBkM2I3XkEyXkFqcGc@._V1_.jpg,Action,"Action, Adventure, Crime, Drama, Fantasy, Sci-Fi",Jake Schreier,"Florence Pugh, Sebastian Stan, Julia Louis-Dreyfus, Lewis Pullman, David Harbour, Wyatt Russell, Hannah John-Kamen, Olga Kurylenko","Florence Pugh, Sebastian Stan, Julia Louis-Dreyfus, Lewis Pullman, David Harbour, Wyatt Russell, Hannah John-Kamen, Olga Kurylenko, Geraldine Viswanathan, Wendell Pierce","A team of reformed supervillains is recruited for covert missions by a secret organization. They navigate internal conflict, moral dilemmas, and external threats while attempting to prove loyalty and effectiveness. The film blends superhero action, intrigue, and ensemble dynamics, exploring redemption, trust, and the blurred line between heroism and villainy in a high-stakes environment."
tt20990442,Him,2025,96.0,5.0,26821.0,https://www.imdb.com/title/tt20990442/,https://m.media-amazon.com/images/M/MV5BZjE1OGY1OGItZWIxZi00ZDc0LTg0OTgtMzMwNTdiNzNhZDhhXkEyXkFqcGc@._V1_.jpg,Horror,"Horror, Sport, Thriller",Justin Tipping,"Marlon Wayans, Tyriq Withers, Julia Fox, Tim Heidecker, Jim Jefferies, Maurice Greene, Indira G. Wilson, Geron McKinley","Marlon Wayans, Tyriq Withers, Julia Fox, Tim Heidecker, Jim Jefferies, Maurice Greene, Indira G. Wilson, Geron McKinley, Heather Lynn Harris, Don Benjamin",A young athlete descends into a world of terror when he's invited to train with a legendary champion whose charisma curdles into something darker.
tt21087084,Happy Ending,2023,92.0,5.0,2475.0,https://www.imdb.com/title/tt21087084/,https://m.media-amazon.com/images/M/MV5BZmZkZDBjMmMtMWNjOC00NzNhLThmMDMtYzc4YzY3MzE0YmMxXkEyXkFqcGc@._V1_.jpg,Comedy,"Comedy, Romance",Joosje Duk,"Claire Bender, Denise Aznam, Gaite Jansen, Indigo Envie, Ishan Kallasingh, Joy Delima, Sebastiaan Chabot, Sinem Kavus","Claire Bender, Denise Aznam, Gaite Jansen, Indigo Envie, Ishan Kallasingh, Joy Delima, Sebastiaan Chabot, Sinem Kavus, Teunie de Brouwer, Tim Conijn","Luna and Mink are a close couple celebrating their one-year anniversary together. But Mink doesn't know that Luna has been faking her orgasms since the beginning of their relationship, and Luna has kept this quiet for so long now that she doesn't dare bring it up with him. When her best friends who know about her problem urge Luna to try new things in the bedroom with Mink, Luna proposes an exciting idea to him: a threesome. The following evening with climate activist Eve turns Luna's life upside down."
tt21087452,Uno para morir,2023,94.0,6.0,2110.0,https://www.imdb.com/title/tt21087452/,https://m.media-amazon.com/images/M/MV5BMzdjMGQ3NjYtZjc0NC00ZjViLWI5MGUtMjNlZjUwZmZjMTdhXkEyXkFqcGc@._V1_.jpg,Drama,"Drama, Mystery, Thriller",Manolo Cardona,"Manolo Cardona, Maribel Verdú, Carla Adell, Dagoberto Gama, Juan Carlos Remolina, Fernando Becerril, Adriana Paz, Tiago Correa","Manolo Cardona, Maribel Verdú, Carla Adell, Dagoberto Gama, Juan Carlos Remolina, Fernando Becerril, Adriana Paz, Tiago Correa, Suly Castillo, José Miguel Ramos","Seven strangers who wake up in a mansion in the middle of nowhere to discover they are part of a twisted game. They will have 60 minutes to choose one person to die; otherwise, all of them will be murdered. As the clock ticks down, the most lurid secrets will come to light, and they'll discover they are all connected by a dark past."
tt21103300,My Big Fat Greek Wedding 3,2023,92.0,5.0,13550.0,https://www.imdb.com/title/tt21103300/,https://m.media-amazon.com/images/M/MV5BZTIwYThiOGYtZTdmMS00MjUyLWIxMGQtMjY0NDc3ZDFlOTA1XkEyXkFqcGc@._V1_.jpg,Comedy,"Comedy, Drama, Romance",Nia Vardalos,"Nia Vardalos, John Corbett, Louis Mandylor, Elena Kampouris, Lainie Kazan, Andrea Martin, Maria Vacratsis, Gia Carides","Nia Vardalos, John Corbett, Louis Mandylor, Elena Kampouris, Lainie Kazan, Andrea Martin, Maria Vacratsis, Gia Carides, Joey Fatone, Elias Kacavas","After the death of the family's patriarch, Toula attempts to locate her father's childhood friends in Greece for a family reunion."
tt21110654,Batman Azteca: Choque de Imperios,2025,89.0,5.0,2584.0,https://www.imdb.com/title/tt21110654/,https://m.media-amazon.com/images/M/MV5BYmMzNWY1NGYtZDI2Mi00MWU2LWI4MGEtMzcyMGNkOWRmZjhjXkEyXkFqcGc@._V1_.jpg,Animation,"Animation, Action, Adventure, Fantasy, Sci-Fi",Juan Jose Meza-Leon,"Alejandro Antonio Ruiz, Álvaro Morte, Christian Lanz, Horacio Garcia Rojas, Jay Hernandez, Jorge R. Gutiérrez, José Carlos Illanes, Luis Bermudez","Alejandro Antonio Ruiz, Álvaro Morte, Christian Lanz, Horacio Garcia Rojas, Jay Hernandez, Jorge R. Gutiérrez, José Carlos Illanes, Luis Bermudez, Omar Chaparro, Raymond Cruz","In the time of the Aztec Empire, Yohualli Coatl - a young Aztec boy - experiences tragedy when his father and village leader, Toltecatzin, is murdered by Spanish Conquistadors. Yohualli escapes to Tenochtitlan to warn King Moctezuma and his high priest, Yoka, of imminent danger. Using the temple of Tzinacan, the bat god, as a lair, Yohualli trains with his mentor and assistant, Acatzin, developing equipment and weaponry to confront the Spaniard invasion, protect Moctezuma's temple, and avenge his father's death."
tt21191806,Back in Action,2025,114.0,6.0,68468.0,https://www.imdb.com/title/tt21191806/,https://m.media-amazon.com/images/M/MV5BMWQ4YWYxYTAtZTlhNC00Nzc3LWE3OWUtZjY5MThlNWNiYTBiXkEyXkFqcGc@._V1_.jpg,Action,"Action, Comedy",Seth Gordon,"Jamie Foxx, Cameron Diaz, McKenna Roberts, Rylan Jackson, Kyle Chandler, Glenn Close, Jamie Demetriou, Andrew Scott","Jamie Foxx, Cameron Diaz, McKenna Roberts, Rylan Jackson, Kyle Chandler, Glenn Close, Jamie Demetriou, Andrew Scott, Fola Evans-Akingbola, Robert Besta","Years after leaving the CIA to start a family, former elite spies Emily and Matt find themselves pulled back into the world of espionage when their cover is blown. Re-entering the high-stakes life they thought they had left behind, the couple must navigate dangerous missions while struggling to keep their past identities hidden from their children. As they fight to protect their family, they must rely on their former training and teamwork to outsmart adversaries and survive their unexpected return to action."
tt21201300,Bagman,2024,93.0,5.0,8457.0,https://www.imdb.com/title/tt21201300/,https://m.media-amazon.com/images/M/MV5BYzAwMDllN2UtMDk0My00YWEwLWJhNGUtOGEzYzYwNmZjMzE2XkEyXkFqcGc@._V1_.jpg,Horror,Horror,Colm McCarthy,"Sam Claflin, Antonia Thomas, Caréll Vincent Rhoden, Will Davis, Adelle Leonce, William Hope, Steven Cree, Rosalie Craig","Sam Claflin, Antonia Thomas, Caréll Vincent Rhoden, Will Davis, Adelle Leonce, William Hope, Steven Cree, Rosalie Craig, Peter McDonald, Henry Pettigrew","In the dark horror film BAGMAN, a family finds themselves ensnared in a nightmare as they are hunted by a malevolent, mythical creature. For centuries and across cultures, parents have warned their children of the legendary Bagman, who snatches innocent children and stuffs them into his vile, rotting bag-never to be seen again. Patrick McKee (Sam Claflin) narrowly escaped such an encounter as a boy, which left him with lasting scars throughout his adulthood. Now, Patrick's childhood tormentor has returned, threatening the safety of his wife Karina (Antonia Thomas) and son Jake (Caréll Rhoden)."
tt21216870,One More Time,2023,85.0,6.0,2976.0,https://www.imdb.com/title/tt21216870/,https://m.media-amazon.com/images/M/MV5BMWYzOGNlYjgtM2FjZC00NTE5LTljYjgtOGJiMGFjNWJmMzNlXkEyXkFqcGc@._V1_.jpg,Comedy,"Comedy, Drama, Romance",Jonatan Etzler,"Hedda Stiernstedt, Miriam Ingrid, Elinor Silfversparre, Maxwell Cunningham, Per Fritzell, Vanna Rosenberg, Tove Edfeldt, David Tainton","Hedda Stiernstedt, Miriam Ingrid, Elinor Silfversparre, Maxwell Cunningham, Per Fritzell, Vanna Rosenberg, Tove Edfeldt, David Tainton, Ahmed Berhan, Edvard Olsson","In the midst of her midlife crisis, Amelia gets hit by a bus on her 40th birthday. When she wakes up she suddenly finds the year is 2002 and she's 18 again - allowing her to right all the mistakes she made the first time round. But as she finds herself stuck in a ""Groundhog Day"" time loop - waking up every morning on her 18th birthday - she realizes there's something else going on that will need to be fixed before she can leave the past behind forever."
tt21227864,You're Cordially Invited,2025,109.0,6.0,31493.0,https://www.imdb.com/title/tt21227864/,https://m.media-amazon.com/images/M/MV5BMGM3MzQwMWItNjM2Ny00NTkwLThkZWMtZmNiYTlhMGZlN2JhXkEyXkFqcGc@._V1_.jpg,Comedy,"Comedy, Romance",Nicholas Stoller,"Will Ferrell, Reese Witherspoon, Geraldine Viswanathan, Meredith Hagner, Jimmy Tatro, Stony Blyden, Leanne Morgan, Rory Scovel","Will Ferrell, Reese Witherspoon, Geraldine Viswanathan, Meredith Hagner, Jimmy Tatro, Stony Blyden, Leanne Morgan, Rory Scovel, Keyla Monterroso Mejia, Ramona Young","When two weddings are accidentally booked on the same day at the same venue, each bridal party is challenged with preserving their family's special moment. In a hilarious battle of determination, the father of one bride (Will Ferrell) and the sister of the other bride (Reese Witherspoon) chaotically go head-to-head as they stop at nothing to uphold an unforgettable celebration for their loved ones."
tt21235248,Ghostbusters: Frozen Empire,2024,115.0,6.0,107836.0,https://www.imdb.com/title/tt21235248/,https://m.media-amazon.com/images/M/MV5BOWI5NGUyMzUtMGFiNi00ZTc3LTk1YTQtMDU0NGRjNGIxZTZmXkEyXkFqcGc@._V1_.jpg,Action,"Action, Adventure, Comedy, Fantasy, Sci-Fi",Gil Kenan,"Paul Rudd, Carrie Coon, Finn Wolfhard, Mckenna Grace, Kumail Nanjiani, Patton Oswalt, Celeste O'Connor, Logan Kim","Paul Rudd, Carrie Coon, Finn Wolfhard, Mckenna Grace, Kumail Nanjiani, Patton Oswalt, Celeste O'Connor, Logan Kim, Emily Alyn Lind, James Acaster","After saving the world from an ancient god of destruction in Ghostbusters: Afterlife (2021), Gary and the Spenglers settle into the old fire station in New York, where the original Ghostbusters (1984) began their journey to save the world from paranormal threats. But just when they thought they could enjoy their newfound peace, the team stumbles upon a mysterious object that frees an unstoppable force from the depths of history. As chaos reigns and pure evil plunges the world into darkness, the Ghostbusters must once again step up to save humankind from the brink of doom. With two generations of ghost hunters fighting side by side, the stakes have never been higher. Will they be able to avert the inevitable before everything freezes over?"
tt21257152,Sen Inandir,2023,104.0,6.0,4329.0,https://www.imdb.com/title/tt21257152/,https://m.media-amazon.com/images/M/MV5BMzMzNmVhNmItOTE1Yy00MjBmLWExOWEtOGEyNDdjZDU2MGY1XkEyXkFqcGc@._V1_.jpg,Comedy,"Comedy, Romance","Evren Karabiyik Günaydin, Murat Saraçoglu","Ayça Aysin Turan, Ekin Koç, Cagla Irmak, Cagri Citanak, Kemal Okan Özkan, Bülent Gültekin, Zerrin Sümer, Yildiz Kültür","Ayça Aysin Turan, Ekin Koç, Cagla Irmak, Cagri Citanak, Kemal Okan Özkan, Bülent Gültekin, Zerrin Sümer, Yildiz Kültür, Berke Can Göktas, Hilmi Sönmez",Two meddling grannies trick their adult grandkids into a meet-cute that reignites a childhood crush and old grudges.
tt21261712,Back to Black,2024,122.0,6.0,32159.0,https://www.imdb.com/title/tt21261712/,https://m.media-amazon.com/images/M/MV5BOWMyZTJmMTUtNDNiYy00ZGE2LWIzZjAtZmQyZWQ0NjdiMjI5XkEyXkFqcGc@._V1_.jpg,Biography,"Biography, Drama, Music",Sam Taylor-Johnson,"Marisa Abela, Jack O'Connell, Eddie Marsan, Lesley Manville, Juliet Cowan, Sam Buchanan, Pete Lee-Wilson, Thelma Ruby","Marisa Abela, Jack O'Connell, Eddie Marsan, Lesley Manville, Juliet Cowan, Sam Buchanan, Pete Lee-Wilson, Thelma Ruby, Michael S. Siegel, Matilda Thorpe","A celebration of the most iconic - and much missed - homegrown star of the 21st century, BACK TO BLACK tells the extraordinary tale of Amy Winehouse. Painting a vivid, vibrant picture of the Camden streets she called home and capturing the struggles of global fame, BACK TO BLACK honours Amy's artistry, wit, and honesty, as well as trying to understand her demons. An unflinching look at the modern celebrity machine and a powerful tribute to a once-in-a-generation talent."
tt21267296,Hell of a Summer,2023,88.0,5.0,9612.0,https://www.imdb.com/title/tt21267296/,https://m.media-amazon.com/images/M/MV5BNzE3MjhmM2QtYmU3ZS00ZDdkLTlkMWMtOTU4MDBiOTI1YzBhXkEyXkFqcGc@._V1_.jpg,Comedy,"Comedy, Horror, Mystery","Billy Bryk, Finn Wolfhard","Adam Pally, Rosebud Baker, Fred Hechinger, Susan Coyne, Billy Bryk, Finn Wolfhard, D'Pharaoh Woon-A-Tai, Abby Quinn","Adam Pally, Rosebud Baker, Fred Hechinger, Susan Coyne, Billy Bryk, Finn Wolfhard, D'Pharaoh Woon-A-Tai, Abby Quinn, Krista Nazaire, Matthew Finlan","As a group of counselors gathers at the secluded Camp Pineway to prepare for the upcoming season, the celebratory mood is shattered when they are targeted by a mysterious, masked killer. Cut off from the outside world and struggling to survive the night, the group must navigate mounting paranoia and dangerous internal suspicions as they realize they are being picked off one by one."
tt21276878,You Are So Not Invited to My Bat Mitzvah,2023,103.0,6.0,28800.0,https://www.imdb.com/title/tt21276878/,https://m.media-amazon.com/images/M/MV5BZmU0NjhkYzctZDBhNi00NzFjLWFkMjAtZGY0MmM3YzU3ZTgyXkEyXkFqcGc@._V1_.jpg,Comedy,Comedy,Sammi Cohen,"Idina Menzel, Jackie Sandler, Adam Sandler, Sadie Sandler, Sunny Sandler, Samantha Lorraine, Dylan Hoffman, Sarah Sherman","Idina Menzel, Jackie Sandler, Adam Sandler, Sadie Sandler, Sunny Sandler, Samantha Lorraine, Dylan Hoffman, Sarah Sherman, Dan Bulla, Ido Mosseri","Stacy and Lydia are BFFs who've always dreamed about having epic Bat Mitzvahs. However, things start to go comically awry when a popular boy and middle school drama threatens their friendship and their rite of passage."
tt21279806,Scoop,2024,102.0,7.0,22451.0,https://www.imdb.com/title/tt21279806/,https://m.media-amazon.com/images/M/MV5BMDY1ZmQ1YTAtMzk1OC00ZGFmLWEwMDYtYjQxNjQ4NGRkMWQ4XkEyXkFqcGc@._V1_.jpg,Biography,"Biography, Drama",Philip Martin,"Connor Swindells, Kate Fleetwood, Jennifer Winn, Colin Wells, Rufus Sewell, Billie Piper, Lia Williams, Aoife Hinds","Connor Swindells, Kate Fleetwood, Jennifer Winn, Colin Wells, Rufus Sewell, Billie Piper, Lia Williams, Aoife Hinds, Paul Popplewell, Gillian Anderson","Sam McAlister's insider account of the inner workings of the Palace and the BBC, twin bastions of the British Establishment, spotlighting the journalists whose tenacity and guts broke through the highest of ceilings and into the inner sanctum and calculations of a man with everything to lose."
tt21284218,Incoming,2024,91.0,6.0,17442.0,https://www.imdb.com/title/tt21284218/,https://m.media-amazon.com/images/M/MV5BYWMyYmFhMzMtYjMwYS00Zjg0LWE0NmYtNzZmZWQ5MjkwZTJkXkEyXkFqcGc@._V1_.jpg,Comedy,Comedy,"Dave Chernin, John Chernin","Mason Thames, Ali Gallo, Kaitlin Olson, Isabella Ferreira, Thomas Barbusca, Raphael Alejandro, Ramon Reed, Bardia Seiri","Mason Thames, Ali Gallo, Kaitlin Olson, Isabella Ferreira, Thomas Barbusca, Raphael Alejandro, Ramon Reed, Bardia Seiri, Kayvan Shai, Nolan Bateman",Four freshmen navigate the terrors of adolescence at their first-ever high school party.
tt21308698,Ask Taktikleri 2,2023,98.0,5.0,3119.0,https://www.imdb.com/title/tt21308698/,https://m.media-amazon.com/images/M/MV5BMTM0NzYzN2QtMDFlYS00ZjY3LWE5ODktZjY2NjA3ZDZlNjhjXkEyXkFqcGc@._V1_.jpg,Comedy,"Comedy, Romance",Recai Karagöz,"Demet Özdemir, Sükrü Özyildiz, Atakan Çelik, Bora Akkas, Deniz Baydar, Hande Yilmaz, Melisa Döngel, Ceyhun Mengiroglu","Demet Özdemir, Sükrü Özyildiz, Atakan Çelik, Bora Akkas, Deniz Baydar, Hande Yilmaz, Melisa Döngel, Ceyhun Mengiroglu, Kerem Atabeyoglu, Sufi Atlas","Una comedia romántica centrada en una relación aparentemente imposible. No obstante, nadie tiene idea de dónde puede surgir el amor. Una diseñadora de moda e 'influencer' no cree en el amor, pero está dispuesta an enamorarse de un ejecutivo. Él también cree que va a responder y atraerla. Ambos emplearán estrategias no convencionales."
tt21308718,Kül,2024,100.0,4.0,2896.0,https://www.imdb.com/title/tt21308718/,https://m.media-amazon.com/images/M/MV5BODE0ZWVlZTEtMTZiMC00ZWZlLWIxYWQtNWI2MDg1YzYyODlhXkEyXkFqcGc@._V1_.jpg,Drama,"Drama, Romance",Erdem Tepegöz,"Funda Eryigit, Alperen Duymaz, Mehmet Günsür, Gökçe Eyüboglu, Nur Sürer, Yildiray Sahinler, Canan Atalay, Seda Türkmen","Funda Eryigit, Alperen Duymaz, Mehmet Günsür, Gökçe Eyüboglu, Nur Sürer, Yildiray Sahinler, Canan Atalay, Seda Türkmen, Selin Vardarli, Abdullah Burak Kaya","Gökçe finds the excitement she lost in her own life within the story of Ashes, one of the books submitted to the publishing firm owned by her husband Kenan. This mysterious story she starts to chase revives emotions she hasn't felt for a long time as it shatters the happy family portrait she has with Kenan."
tt21308736,Rüyanda Görürsün,2023,90.0,6.0,2939.0,https://www.imdb.com/title/tt21308736/,https://m.media-amazon.com/images/M/MV5BMTY2NjBlM2MtNGNiMy00MDRjLTljNDctNGQwZDNkNDFlM2NlXkEyXkFqcGc@._V1_.jpg,Comedy,"Comedy, Drama, Romance",Cemal Alpan,"Murat Boz, Burcu Özberk, Ugur Uzunel, Ekin Mert Daymaz, Hivda Zizan Alp, Yaren Vera Salma, Ezgi Tombul, Feridun Düzagaç","Murat Boz, Burcu Özberk, Ugur Uzunel, Ekin Mert Daymaz, Hivda Zizan Alp, Yaren Vera Salma, Ezgi Tombul, Feridun Düzagaç, Selen Soyder, Şerif Erol","You know the feeling. It feels like time slows down as your eyes meet a stranger's. Then you walk pass each other, neither of you looking back. That's what happened with Pelin and Engin. Lo and behold, they open their eyes in the same bed. And you may want to brace yourself for this one, as a two-year married couple. It must be a dream. No, a nightmare. But now, to wake up they must fall in love."
tt21308888,Paradise,2023,117.0,6.0,26084.0,https://www.imdb.com/title/tt21308888/,https://m.media-amazon.com/images/M/MV5BODYxYTRkZWEtZjdhNS00ZWFmLTljNDItNTk2NWM4Mjc5NjYzXkEyXkFqcGc@._V1_.jpg,Action,"Action, Sci-Fi, Thriller",Boris Kunz,"Kostja Ullmann, Corinna Kirchhoff, Marlene Tanczik, Iris Berben, Lisa-Marie Koroll, Lorna Ishema, Numan Acar, Alina Levshin","Kostja Ullmann, Corinna Kirchhoff, Marlene Tanczik, Iris Berben, Lisa-Marie Koroll, Lorna Ishema, Numan Acar, Alina Levshin, Tom Böttcher, Gizem Emre","Set in the not too distant future where the company AEON has become a multi-billion dollar big pharma conglomerate. The start-up managed it with a revolutionary technology that makes it possible to transfer lifespan from one person to another. This has serious consequences for parts of society. Elena is confronted with insurance claims that she and her husband Max cannot pay. So she is forced to sell 40 years of her life to AEON. Max works for the company himself and from then on tries everything to get back the lost years of his wife. He finds out that the CEO of AEON is targeting Elena's lifetime. So he hatches a plan to kidnap her. For Max and Elena, a hunt begins that not only takes them across national borders, but also to the edge of their own moral concepts."
tt21317634,Bride Hard,2025,105.0,4.0,6947.0,https://www.imdb.com/title/tt21317634/,https://m.media-amazon.com/images/M/MV5BYzE4ZDEzMzctNWMzMC00YWY4LWIzMjgtMjc5MWVkM2VmZjc5XkEyXkFqcGc@._V1_.jpg,Action,"Action, Comedy",Simon West,"Rebel Wilson, Anna Camp, Stephen Dorff, Justin Hartley, Anna Chlumsky, Da'Vine Joy Randolph, Sherry Cola, Gigi Zumbado","Rebel Wilson, Anna Camp, Stephen Dorff, Justin Hartley, Anna Chlumsky, Da'Vine Joy Randolph, Sherry Cola, Gigi Zumbado, Michael O'Neill, Sam Huntington","Sam is a secret agent whose toughest mission to date is pleasing her bride-to-be's best friend at a lavish destination wedding. When a team of mercenaries crashes the party and takes the guests hostage, Sam is thrown into a fight unlike any before - one where she can't risk blowing her cover or ruining the big day. As she takes on the bad guys in a high-stakes battle disguised as a fairy-tale affair, she realizes the real threat might be closer than she thinks."
tt21326658,Noise,2023,89.0,4.0,5006.0,https://www.imdb.com/title/tt21326658/,https://m.media-amazon.com/images/M/MV5BYjhiM2VjODItY2EyMS00ODFkLThkZjktZDk2N2EyOTkxYjZmXkEyXkFqcGc@._V1_.jpg,Drama,"Drama, Mystery, Thriller",Steffen Geypens,"Ward Kerremans, Sallie Harmsen, Johan Leysen, Jesse Mensah, Mieke De Groote, Katelijne Damen, Lize Feryn, Simon D'Huyvetter","Ward Kerremans, Sallie Harmsen, Johan Leysen, Jesse Mensah, Mieke De Groote, Katelijne Damen, Lize Feryn, Simon D'Huyvetter, Daphne Wellens, Jennifer Heylen","Matt, an influencer and young parent to newborn Julius, discovers a dark secret from his dementing father's past. He starts an in-depth investigation, which consequently opens a Pandora's box of secrets and unravels more family dramas than anticipated. Matt's wife, Liv, is deeply concerned and will do everything in her power not to lose him, but is it too late..?"
tt21364552,Beomjoidosi 3,2023,105.0,7.0,8896.0,https://www.imdb.com/title/tt21364552/,https://m.media-amazon.com/images/M/MV5BMWRmZjhhMWMtNzdlMi00YWYzLTgzNzMtM2JlMmVhMjQyNDI1XkEyXkFqcGc@._V1_.jpg,Action,"Action, Crime, Thriller",Lee Sang-yong,"Ma Dong-seok, Lee Jun-hyuk, Munetaka Aoki, Ahn Se-ho, Bae Noo-ri, Gong Teyu, Kim Do-geon, Choi Dong-goo","Ma Dong-seok, Lee Jun-hyuk, Munetaka Aoki, Ahn Se-ho, Bae Noo-ri, Gong Teyu, Kim Do-geon, Choi Dong-goo, Ko Gun-Han, Go Gyu-pil","Seven years after the roundup in Vietnam, Ma Seok-do joins a new squad to investigate a murder case. He soon starts to dig deeper when he finds out the case involves a synthetic drug and a gang of thugs."
tt21382296,Carry-On,2024,119.0,7.0,198732.0,https://www.imdb.com/title/tt21382296/,https://m.media-amazon.com/images/M/MV5BNTNkMjQzNmQtNzE4ZC00NDlmLTkyYjAtZDZkYTQ5NjBmYThlXkEyXkFqcGc@._V1_.jpg,Action,"Action, Crime, Thriller",Jaume Collet-Serra,"Taron Egerton, Jason Bateman, Sofia Carson, Danielle Deadwyler, Theo Rossi, Tonatiuh, Logan Marshall-Green, Dean Norris","Taron Egerton, Jason Bateman, Sofia Carson, Danielle Deadwyler, Theo Rossi, Tonatiuh, Logan Marshall-Green, Dean Norris, Sinqua Walls, Curtiss Cook","It's Christmas Eve and young TSA agent Ethan Kopek (Edgerton) receives a call from someone else's earpiece and finds himself caught up in a deadly game. A stranger (Jason Bateman) demands to let a package of explosives onto a flight, threatening the life of Ethan's lover (Sofia Carson)."
tt21469794,Space Cadet,2024,110.0,5.0,11125.0,https://www.imdb.com/title/tt21469794/,https://m.media-amazon.com/images/M/MV5BNjYwNWMxN2UtMWI1NC00ZWI5LTkzYzgtMmYzNDEyODMyYmE3XkEyXkFqcGc@._V1_.jpg,Comedy,Comedy,Liz W. Garcia,"Emma Roberts, Tom Hopper, Poppy Liu, Gabrielle Union, Kuhoo Verma, Desi Lydic, Sebastián Yatra, Sam Robards","Emma Roberts, Tom Hopper, Poppy Liu, Gabrielle Union, Kuhoo Verma, Desi Lydic, Sebastián Yatra, Sam Robards, Dave Foley, Yasha Jackson","Rex, a Florida party girl, turns out to be the only hope for the NASA space program after a fluke puts her in training with other candidates who may have better resumés, but don't have her smarts, heart, and moxie."
tt21626284,Laapataa Ladies,2023,122.0,8.0,62096.0,https://www.imdb.com/title/tt21626284/,https://m.media-amazon.com/images/M/MV5BZGI5NzVmNDktZWY2Ni00ZGMwLTlhMzctNzJhYTgzZmQ2ZjNjXkEyXkFqcGc@._V1_.jpg,Comedy,"Comedy, Drama",Kiran Rao,"Nitanshi Goel, Pratibha Ranta, Sparsh Shrivastava, Chhaya Kadam, Ravi Kishan, Geeta Agrawal Sharma, Pankaj Sharma, Satendra Soni","Nitanshi Goel, Pratibha Ranta, Sparsh Shrivastava, Chhaya Kadam, Ravi Kishan, Geeta Agrawal Sharma, Pankaj Sharma, Satendra Soni, Abeer Sandeep Jain, Rachna Gupta","Set in 2001, somewhere in rural India, #LaapataaLadies is about the adventures of two young brides who get lost from the same train. The chaos that ensues is both funny and moving; and sparks an unexpected series of events that lead them into a journey of immense discovery; about themselves, womanhood and life itself."
tt21638298,Voleuses,2023,116.0,6.0,8565.0,https://www.imdb.com/title/tt21638298/,https://m.media-amazon.com/images/M/MV5BZTIzMDI0OTQtYmUwZS00MjNhLTliNTItODIwZGRmYTI1ZGMyXkEyXkFqcGc@._V1_.jpg,Action,"Action, Comedy, Crime, Thriller",Mélanie Laurent,"Adèle Exarchopoulos, Mélanie Laurent, Manon Bresch, Isabelle Adjani, Félix Moati, Philippe Katerine, Ismaël Sy Savané, Alphonse Bourbeillon","Adèle Exarchopoulos, Mélanie Laurent, Manon Bresch, Isabelle Adjani, Félix Moati, Philippe Katerine, Ismaël Sy Savané, Alphonse Bourbeillon, Foued Nabba, Meriem Serbah","Barely escaping alive from their latest heist, and tired of the risks involved in a life of crime, two expert thieves and best friends recruit feisty Sam, an unemployed Formula 1 driver and a novice to the world of crime and guns, to assist them with one last job before they try and move to a new, and less stressful, line of work. However their employer is not so keen to let them quit."
tt21692408,Kung Fu Panda 4,2024,94.0,6.0,85680.0,https://www.imdb.com/title/tt21692408/,https://m.media-amazon.com/images/M/MV5BMzJlNGYxYzQtOTg4MC00OTMyLTkwYzMtZDRlNTgwY2YwOWYxXkEyXkFqcGc@._V1_.jpg,Animation,"Animation, Action, Adventure, Comedy, Family, Fantasy",Mike Mitchell,"Jack Black, Awkwafina, Viola Davis, Dustin Hoffman, Bryan Cranston, James Hong, Ian McShane, Ke Huy Quan","Jack Black, Awkwafina, Viola Davis, Dustin Hoffman, Bryan Cranston, James Hong, Ian McShane, Ke Huy Quan, Ronny Chieng, Lori Tan Chinn","Po is gearing up to become the spiritual leader of his Valley of Peace, but also needs someone to take his place as Dragon Warrior. As such, he will train a new kung fu practitioner for the spot and will encounter a villain called the Chameleon who conjures villains from the past."
tt2172954,The Life List,2025,123.0,7.0,42875.0,https://www.imdb.com/title/tt2172954/,https://m.media-amazon.com/images/M/MV5BMjNhNzUyMTQtYTFiZS00NzM2LWI3YTgtZmI1ZTA1MDUzMzBhXkEyXkFqcGc@._V1_.jpg,Comedy,"Comedy, Drama, Romance",Adam Brooks,"Sofia Carson, Kyle Allen, Sebastian De Souza, Connie Britton, José Zúñiga, Jordi Mollà, Dario Ladani, Federico Rodriguez","Sofia Carson, Kyle Allen, Sebastian De Souza, Connie Britton, José Zúñiga, Jordi Mollà, Dario Ladani, Federico Rodriguez, Marianne Rendón, Michael Rowland","A woman revisits her childhood aspirations, endeavoring to achieve her old goals, only to discover that pursuing these lifelong dreams takes her on an unforeseen and surprising journey."
tt21735972,El Último Vagón,2023,95.0,7.0,2016.0,https://www.imdb.com/title/tt21735972/,https://m.media-amazon.com/images/M/MV5BZTU3ZjQxMjUtYWU3Ni00NDA1LWJlNTUtODY3NWZjMmExMTliXkEyXkFqcGc@._V1_.jpg,Comedy,"Comedy, Drama, Family",Ernesto Contreras,"Adriana Barraza, Memo Villegas, Diego Montessoro, Ikal Paredes, Tete Espinoza, Jero Medina, Gabriela Cartol, Nova Coronel","Adriana Barraza, Memo Villegas, Diego Montessoro, Ikal Paredes, Tete Espinoza, Jero Medina, Gabriela Cartol, Nova Coronel, Adrian Vazquez, Leonardo Alonso","An ode to teachers, committed and with a vocation, capable of sacrificing themselves for teaching and leaving their mark on their students, which follows the story of Don Ernesto and his students who, in the Malinalli Teneplat wagon school, will see their lives change. lives during the school year."
tt21736218,Fuga de reinas,2023,96.0,5.0,1114.0,https://www.imdb.com/title/tt21736218/,https://m.media-amazon.com/images/M/MV5BMTk5ZGMwM2ItOTYxMi00YTczLWI2ZGUtMTYwYmE3NGUxOTYzXkEyXkFqcGc@._V1_.jpg,Action,"Action, Comedy",Jorge Macaya,"Alejandra Ambrosi, Arturo Barba, Claudia Pineda, Enrique Arreola, Jennifer Sun Bell, Luis Curiel, Martha Higareda, Pao Villalobos","Alejandra Ambrosi, Arturo Barba, Claudia Pineda, Enrique Arreola, Jennifer Sun Bell, Luis Curiel, Martha Higareda, Pao Villalobos, Paola Núñez, Seth Allyn Austin","When four women finally take the road trip they planned in high school, they have no idea of the things they'll bump into sometimes literally."
tt21823606,A Real Pain,2024,90.0,7.0,166064.0,https://www.imdb.com/title/tt21823606/,https://m.media-amazon.com/images/M/MV5BODY2YWYwM2YtZTVlNC00MjgyLTgzYTgtNmFmYWE5ZmY1MDM5XkEyXkFqcGc@._V1_.jpg,Comedy,"Comedy, Drama",Jesse Eisenberg,"Kieran Culkin, Jesse Eisenberg, Olha Bosova, Banner Eisenberg, Jakub Gasowski, Will Sharpe, Daniel Oreskes, Liza Sadovy","Kieran Culkin, Jesse Eisenberg, Olha Bosova, Banner Eisenberg, Jakub Gasowski, Will Sharpe, Daniel Oreskes, Liza Sadovy, Kurt Egyiawan, Jennifer Grey","""A Real Pain"" follows mismatched cousins David (Jesse Eisenberg) and Benji (Kieran Culkin) as they reunite for a tour through Poland to honor their beloved grandmother, but their adventure takes a dark turn when the odd couple's old tensions resurface against the backdrop of their family history."
tt21825858,Chihiro-san,2023,131.0,7.0,5004.0,https://www.imdb.com/title/tt21825858/,https://m.media-amazon.com/images/M/MV5BN2JiN2IwOGEtNmJlZi00MzYxLWFhZTMtNjExODg2YzhiMDQ5XkEyXkFqcGc@._V1_.jpg,Drama,Drama,Rikiya Imaizumi,"Kasumi Arimura, Hana Toyoshima, Tetta Shimada, Van, Ryûya Wakaba, Yui Sakuma, Itsuki Nagasawa, Miwako Ichikawa","Kasumi Arimura, Hana Toyoshima, Tetta Shimada, Van, Ryûya Wakaba, Yui Sakuma, Itsuki Nagasawa, Miwako Ichikawa, Keiichi Suzuki, Toshie Negishi","Chihiro (Kasumi Arimura) used to work as a prostitute. She happened to stop by a seaside town and have a bento meal there, which she loved so much that she decided to settle down in the seaside town and work at the bento shop. She now greets customers with a smile at the bento shop and makes small talk with them. She doesn't even hide her past. She talks with customers about various problems and, through their conversations, they are comforted by her. Chihiro herself suffers from loneliness, which started with her family when she was little. By meeting her customers, she also faces, and slowly overcomes, her loneliness."
tt21830902,Upgraded,2024,104.0,6.0,34548.0,https://www.imdb.com/title/tt21830902/,https://m.media-amazon.com/images/M/MV5BNjA0MGE3M2YtY2E0Yi00NmFlLWJmNjctNDcyZDk4NWUxYjExXkEyXkFqcGc@._V1_.jpg,Comedy,"Comedy, Romance",Carlson Young,"Camila Mendes, Archie Renaux, Marisa Tomei, Lena Olin, Anthony Head, Thomas Kretschmann, Grégory Montel, Rachel Matthews","Camila Mendes, Archie Renaux, Marisa Tomei, Lena Olin, Anthony Head, Thomas Kretschmann, Grégory Montel, Rachel Matthews, Fola Evans-Akingbola, Aimee Carrero","A young woman has a chance meeting with a rich young man on an airplane trip. She tries to impress him by lying that she is the boss of the company where she works. One thing leads to another and they start liking each other, but she soon finds herself caught in the maze of her own lies."
tt21955196,Stöld,2024,105.0,6.0,2493.0,https://www.imdb.com/title/tt21955196/,https://m.media-amazon.com/images/M/MV5BODM3ZDcxMGEtZGI2YS00ODliLWI5MDktMTU0ZmJmMjVjZGFjXkEyXkFqcGc@._V1_.jpg,Drama,"Drama, Thriller",Elle Márjá Eira,"Anton Hennix Raukola, Charlotte Lindmark, Dakota Trancher Williams, Elin Oskal, Jakob Granqvist, Jennifer Lila, Lars-Ante Wasara, Martin Wallström","Anton Hennix Raukola, Charlotte Lindmark, Dakota Trancher Williams, Elin Oskal, Jakob Granqvist, Jennifer Lila, Lars-Ante Wasara, Martin Wallström, Matias Tunold, Pavva Pittja","A young woman's struggle to defend her indigenous heritage in a world where xenophobia is on the rise, climate change is threatening reindeer herding, and young people choose suicide in the face of collective desperation."
tt22016156,Avgrunden,2023,103.0,5.0,11597.0,https://www.imdb.com/title/tt22016156/,https://m.media-amazon.com/images/M/MV5BZDgxZjEzMjUtNGExMC00ODg3LTk3ZjgtZDNjYWFkYWU2OWExXkEyXkFqcGc@._V1_.jpg,Action,"Action, Drama, Thriller",Richard Holm,"Tuva Novotny, Peter Franzén, Kardo Razzazi, Felicia Maxime, Angela Kovacs, Tintin Poggats Sarri, Edvin Ryding, Åsa Simma","Tuva Novotny, Peter Franzén, Kardo Razzazi, Felicia Maxime, Angela Kovacs, Tintin Poggats Sarri, Edvin Ryding, Åsa Simma, Jonathan Fredriksson, Jakob Hultcrantz Hansson","Frigga, who tries to balance her risky job as a security manager in the Kiirunavaara mine with her family life, has to fight for her life and the lives of her loved ones when her city starts collapsing into the mine."
tt22022452,Inside Out 2,2024,96.0,8.0,260137.0,https://www.imdb.com/title/tt22022452/,https://m.media-amazon.com/images/M/MV5BYWY3MDE2Y2UtOTE3Zi00MGUzLTg2MTItZjE1ZWVkMGVlODRmXkEyXkFqcGc@._V1_.jpg,Animation,"Animation, Adventure, Comedy, Drama, Family, Fantasy, Sport",Kelsey Mann,"Amy Poehler, Maya Hawke, Kensington Tallman, Liza Lapira, Tony Hale, Lewis Black, Phyllis Smith, Ayo Edebiri","Amy Poehler, Maya Hawke, Kensington Tallman, Liza Lapira, Tony Hale, Lewis Black, Phyllis Smith, Ayo Edebiri, Lilimar, Grace Lu","Teenager Riley's mind headquarters is undergoing a sudden demolition to make room for something entirely unexpected: new Emotions. Joy, Sadness, Anger, Fear and Disgust, who've long been running a successful operation by all accounts, aren't sure how to feel when Anxiety shows up. And it looks like she's not alone."
tt22042346,2073,2024,85.0,5.0,4979.0,https://www.imdb.com/title/tt22042346/,https://m.media-amazon.com/images/M/MV5BNTAxNjQ1NzUtN2FjNS00N2Y3LWI4NWUtZGVkNDZjNDVhNGYwXkEyXkFqcGc@._V1_.jpg,Documentary,"Documentary, Sci-Fi, Thriller",Asif Kapadia,"Hector Hewer, Maria Ressa, Mohammad Bin Salman, Mohammed Al-Bashir, Naomi Ackie, Narendra Modi, Nigel Farage, Rodrigo Duterte","Hector Hewer, Maria Ressa, Mohammad Bin Salman, Mohammed Al-Bashir, Naomi Ackie, Narendra Modi, Nigel Farage, Rodrigo Duterte, Samantha Morton, Viktor Orbán",A woman living in a ruined Earth tries to comprehend how the world was destroyed.
tt22048412,MaXXXine,2024,103.0,6.0,91164.0,https://www.imdb.com/title/tt22048412/,https://m.media-amazon.com/images/M/MV5BNjBmYzFmODktNDIyZC00NWFmLTk2NTctYmZiY2E2OTA2OTc0XkEyXkFqcGc@._V1_.jpg,Crime,"Crime, Horror",Ti West,"Charley Rowan McCain, Simon Prast, Mia Goth, Deborah Geffner, Daniel Lench, Elizabeth Debicki, Chloe Farnworth, Brad Swanick","Charley Rowan McCain, Simon Prast, Mia Goth, Deborah Geffner, Daniel Lench, Elizabeth Debicki, Chloe Farnworth, Brad Swanick, Uli Latukefu, Susan Pingleton","Los Angeles, 1985. With the elusive Night Stalker's killing spree gripping the city by fear, fiercely ambitious adult film star Maxine Minx nails a make-or-break audition in the glitzy movie capital of America. But just as her star begins to rise, six years after surviving the merciless massacre in X (2022), a shady private detective threatens to snatch away Maxine's precious ticket to mainstream stardom. Now, the bloody stains of a dark past scream for closure. Can the televangelist's daughter secure her place in the spotlight, or will Maxine become a sad statistic along with Hollywood's every other dead starlet?"
tt22050754,The Strangers: Chapter 1,2024,91.0,5.0,31193.0,https://www.imdb.com/title/tt22050754/,https://m.media-amazon.com/images/M/MV5BMjkxMDFlNjctZmEzYS00NjA3LWExNDUtNmI4ZDM2ZGQyNzYzXkEyXkFqcGc@._V1_.jpg,Horror,Horror,Renny Harlin,"Ryan Bown, Matus Lajcak, Olivia Kreutzova, Letizia Fabbri, Madelaine Petsch, Froy Gutierrez, Ben Cartwright, Stevee Davies","Ryan Bown, Matus Lajcak, Olivia Kreutzova, Letizia Fabbri, Madelaine Petsch, Froy Gutierrez, Ben Cartwright, Stevee Davies, Richard Brake, Pedro Leandro","After their car breaks down in an eerie small town, a young couple (Madelaine Petsch and Froy Gutierrez) are forced to spend the night in a remote cabin. Panic ensues as they are terrorized by three masked strangers who strike with no mercy and seemingly no motive in THE STRANGERS: CHAPTER 1, the chilling first entry of this upcoming horror feature film series."
tt22185848,¡Que viva México!,2023,191.0,6.0,2872.0,https://www.imdb.com/title/tt22185848/,https://m.media-amazon.com/images/M/MV5BNGFkZjgxNGMtYWU3NS00MjlhLTg2ZDgtY2MxOGY3MTU4ZGQzXkEyXkFqcGc@._V1_.jpg,Comedy,Comedy,Luis Estrada,"Damián Alcázar, Alfonso Herrera, Joaquín Cosio, Ana de la Reguera, Ana Martín, Angelina Peláez, Zaide Silvia Gutiérrez, Sonia Couoh","Damián Alcázar, Alfonso Herrera, Joaquín Cosio, Ana de la Reguera, Ana Martín, Angelina Peláez, Zaide Silvia Gutiérrez, Sonia Couoh, Vico Escorcia, Natalia Quiroz","After his grandfather's death, a man travels with his wife and kids to his hometown, where chaos ensues with his relatives over the inheritance."
tt22334258,Someone Like You,2024,118.0,6.0,3064.0,https://www.imdb.com/title/tt22334258/,https://m.media-amazon.com/images/M/MV5BYjA0MmEzMmEtMzFkNS00MzZiLWE5YWQtOTEyZDMwMmNkYTM2XkEyXkFqcGc@._V1_.jpg,Romance,Romance,Tyler Russell,"Sarah Fisher, Jake Allyn, Lynn Collins, Robyn Lively, Bart Johnson, Scott Reeves, Austin Robert Russell, Brandon Hirsch","Sarah Fisher, Jake Allyn, Lynn Collins, Robyn Lively, Bart Johnson, Scott Reeves, Austin Robert Russell, Brandon Hirsch, Mary Marguerite Hall, Lindsay Ross Davenport","Shocking news hits after young architect Dawson loses his best friend London. In his heartbreak, Dawson is compelled to launch an impossible search for London's secret sister, twins separated as embryos. But along the way, Dawson never planned to fall in love."
tt22352848,Jung_E,2023,98.0,6.0,12203.0,https://www.imdb.com/title/tt22352848/,https://m.media-amazon.com/images/M/MV5BNTQ4YTk4MGMtOWVjMC00NmJhLWE2NDgtNTBlYTgxNjMwMGZhXkEyXkFqcGc@._V1_.jpg,Action,"Action, Adventure, Drama, Sci-Fi",Yeon Sang-ho,"Kang Soo-youn, Kim Hyun-joo, Ryu Kyung-soo, Park So-yi, Na Ho-sook, Lee Dong-Hee, Lee Ga-kyung, Uhm Ji-won","Kang Soo-youn, Kim Hyun-joo, Ryu Kyung-soo, Park So-yi, Na Ho-sook, Lee Dong-Hee, Lee Ga-kyung, Uhm Ji-won, Yun Ki-Chang, Shin Min-jae","Set in the 22nd century, climate change has caused the planet to become uninhabitable and humans live within a man-made shelter. A war takes place within the shelter. Jung Yi is the elite leader of the allied forces. She becomes the subject of a brain cloning experiment. The cloning experiment is a potential key to win the war."
tt22408160,Kinds of Kindness,2024,164.0,6.0,74172.0,https://www.imdb.com/title/tt22408160/,https://m.media-amazon.com/images/M/MV5BMjZmZGY1MzMtNDVkNi00NjE2LTlkMzMtMmUzNWExY2ExZWI2XkEyXkFqcGc@._V1_.jpg,Comedy,"Comedy, Drama, Horror",Yorgos Lanthimos,"Yorgos Stefanakos, Margaret Qualley, Jesse Plemons, Fadeke Adeola, Hong Chau, Tessa Bourgeois, Willem Dafoe, Kencil Mejia","Yorgos Stefanakos, Margaret Qualley, Jesse Plemons, Fadeke Adeola, Hong Chau, Tessa Bourgeois, Willem Dafoe, Kencil Mejia, Mamoudou Athie, Emma Stone","KINDS OF KINDNESS is a triptych fable, following a man without choice who tries to take control of his own life; a policeman who is alarmed that his wife who was missing-at-sea has returned and seems a different person; and a woman determined to find a specific someone with a special ability, who is destined to become a prodigious spiritual leader."
tt22488024,Tin lung baat bou,2023,130.0,6.0,2856.0,https://www.imdb.com/title/tt22488024/,https://m.media-amazon.com/images/M/MV5BMTM1ZDIwY2MtMjA2ZS00NGYxLWIwNTMtZGJlMWFiOTJmNDg4XkEyXkFqcGc@._V1_.jpg,Action,"Action, Adventure",Donnie Yen,"Donnie Yen, Yuqi Chen, Yase Liu, Yue Wu, Kara Ying Hung Wai, Eddie Cheung, Yuming Du, Ray Lui","Donnie Yen, Yuqi Chen, Yase Liu, Yue Wu, Kara Ying Hung Wai, Eddie Cheung, Yuming Du, Ray Lui, Siu-Ming Tsui, Cheung-Yan Yuen","When a respected martial artist is accused of killing, he goes around in search of answers about his own mysterious origin story and the unknown enemies working to destroy him."
tt22505214,Yonggamhan simin,2023,112.0,7.0,4153.0,https://www.imdb.com/title/tt22505214/,https://m.media-amazon.com/images/M/MV5BYzQ4MzA1MGMtNzEzYS00MTljLWE4YmItYTVjYWY1YWM0NTc1XkEyXkFqcGc@._V1_.jpg,Action,"Action, Comedy, Drama",Park Jin-Pyo,"Shin Hye-sun, Lee Jun-young, Park Jung-woo, Park Hyuk-kwon, Cha Cheong-hwa, Lee Chan-Hyeong, Do Eun-ha, Kim Hye-hwa","Shin Hye-sun, Lee Jun-young, Park Jung-woo, Park Hyuk-kwon, Cha Cheong-hwa, Lee Chan-Hyeong, Do Eun-ha, Kim Hye-hwa, Kim Hye-won, Lee Do-eun","Follows a former female boxing champion that now works as a substitute high school teacher and how after witnessing intolerable violence, she decides to take justice on her own fists."
tt22507374,Bogota: City of the Lost,2024,108.0,5.0,2520.0,https://www.imdb.com/title/tt22507374/,https://m.media-amazon.com/images/M/MV5BNGI5OTU4MmItNTUwMC00MTEzLWFhODYtNGU0YWNmZmIzNWYyXkEyXkFqcGc@._V1_.jpg,Crime,"Crime, Drama, Thriller",Kim Seong-je,"Song Joong-ki, Lee Hee-joon, Kwon Hae-hyo, Park Ji-hwan, Cho Hyun-chul, Alexander Alzate, Andrew Gonzalez, Cristal Aparicio","Song Joong-ki, Lee Hee-joon, Kwon Hae-hyo, Park Ji-hwan, Cho Hyun-chul, Alexander Alzate, Andrew Gonzalez, Cristal Aparicio, Jesus David Becerra, Kim Ho-jung","Young man moving to Colombia with his family for a better life, but he ends up living from hand to mouth. He later goes against all odds to dominate Bogota's black market."
tt22640398,V/H/S/85,2023,110.0,6.0,11641.0,https://www.imdb.com/title/tt22640398/,https://m.media-amazon.com/images/M/MV5BOGZhOTljNmQtNDVjOC00YTFiLWI4Y2ItMGM2ZWFkM2IyNWFmXkEyXkFqcGc@._V1_.jpg,Horror,"Horror, Thriller","David Bruckner, Mike P. Nelson, Natasha Kermani, Scott Derrickson","Alex Galick, Anna Sundberg, Chelsey Grant, Toussaint Morrison, Tyler Noble, Anna Hashizume, Tom Reed, Evie Bair","Alex Galick, Anna Sundberg, Chelsey Grant, Toussaint Morrison, Tyler Noble, Anna Hashizume, Tom Reed, Evie Bair, Renee Werbowski, Mike Lester","An ominous broadcast brings viewers forgotten nightmares of the 1980s: a disaster recovery crew unleashes the wrath of an ancient god; a lake that brings the dead back to life; a performance art piece makes contact with a creature from the beyond; an all-guns-out undead bloodbath, and a disturbing vision of videotaped murders."
tt22695402,Hunger,2023,146.0,7.0,22805.0,https://www.imdb.com/title/tt22695402/,https://m.media-amazon.com/images/M/MV5BODQ2ZDVhY2ItMTcwYS00ZDUzLTlhMDctYjhmMWVkODUzYzU4XkEyXkFqcGc@._V1_.jpg,Drama,"Drama, Thriller",Sitisiri Mongkolsiri,"Alex Gravenstein, Bhumibhat Thavornsiri, Chimwemwe Miller, Chutimon Chuengcharoensukying, Emilio Ferreira, Gunn Svasti Na Ayudhya, Himawari Tajiri, Kenneth Won","Alex Gravenstein, Bhumibhat Thavornsiri, Chimwemwe Miller, Chutimon Chuengcharoensukying, Emilio Ferreira, Gunn Svasti Na Ayudhya, Himawari Tajiri, Kenneth Won, Majid Sajadi, Nopachai Chaiyanam","Aoy, a woman in her twenties, runs her family's local stir-fried noodles restaurant in the old quarter of Bangkok. One day, she receives an invitation to leave the family business and join team 'Hunger', Thailand's number one luxury Chef's table team led by the famously ingenious, and infamously nasty, Chef Paul."
tt22863968,Something in the Water,2024,86.0,4.0,6383.0,https://www.imdb.com/title/tt22863968/,https://m.media-amazon.com/images/M/MV5BMzViMTY5YjktMjMwYy00M2E5LWE2NzgtN2FjOGE2NTZjOWNiXkEyXkFqcGc@._V1_.jpg,Adventure,"Adventure, Drama, Horror, Thriller",Hayley Easton Street,"Hiftu Quasem, Lauren Lyle, Natalie Mitson, Nicole Rieko Setsuko, Ellouise Shakespeare-Hart, Tashani Bent, India Jean-Jacques, Chloe Marshall","Hiftu Quasem, Lauren Lyle, Natalie Mitson, Nicole Rieko Setsuko, Ellouise Shakespeare-Hart, Tashani Bent, India Jean-Jacques, Chloe Marshall, Laura Costa, Grace Franzl","A bachelorette party in the Caribbean spirals out of control when the five young women find themselves stranded in the ocean. The idyllic setting quickly begins to crumble. The friends are forced into an unequal struggle for survival, with time and nature conspiring against them."
tt22868010,Return to Silent Hill,2026,106.0,4.0,25242.0,https://www.imdb.com/title/tt22868010/,https://m.media-amazon.com/images/M/MV5BOWVjYjU0ZTAtNGVlNi00NGM1LTgzZjctNTZjMjAyYTc4N2VlXkEyXkFqcGc@._V1_.jpg,Drama,"Drama, Horror, Mystery",Christophe Gans,"Jeremy Irvine, Hannah Emily Anderson, Ljiljana Velimirov, Giulia Pelagatti, Evie Templeton, Robert Strange, Pearse Egan, Nicola Alexis","Jeremy Irvine, Hannah Emily Anderson, Ljiljana Velimirov, Giulia Pelagatti, Evie Templeton, Robert Strange, Pearse Egan, Nicola Alexis, Eve Macklin, Emily Carding","When James receives a mysterious letter from his lost love Mary, he is drawn to Silent Hill--a once-familiar town now consumed by darkness. As he searches for her, James faces monstrous creatures and unravels a terrifying truth that will push him to the edge of his sanity."
tt22868844,Burakku Kurôbâ: Mahôtei no Ken,2023,110.0,7.0,10242.0,https://www.imdb.com/title/tt22868844/,https://m.media-amazon.com/images/M/MV5BOGIxZjZlZjUtODM0OC00NDJlLWI5ZjItNDg3MGJmODVmZWNhXkEyXkFqcGc@._V1_.jpg,Animation,"Animation, Action, Adventure, Fantasy, Sci-Fi",Ayataka Tanemura,"Gakuto Kajiwara, Nobunaga Shimazaki, Kana Yûki, Jun'ichi Suwabe, Toshiyuki Morikawa, Toshihiko Seki, Hochu Otsuka, Miyuki Sawashiro","Gakuto Kajiwara, Nobunaga Shimazaki, Kana Yûki, Jun'ichi Suwabe, Toshiyuki Morikawa, Toshihiko Seki, Hochu Otsuka, Miyuki Sawashiro, Fumiya Takahashi, Marie Iitoyo","Asta, a boy born with no magic in a world where magic is everything, and his rival Yuno, a genius mage chosen by the legendary 4-leaf Grimoire, have together fought a number of powerful enemies to prove their power beyond adversity and aim for the top mage ""Wizard King"". Standing in front of Asta and Yuno, who dream of becoming the Wizard King, are the Wizard Kings from the past. Conrad Leto, Julius Novachrono's predecessor Wizard King, once respected by the people of Clover Kingdom but suddenly rebelled against the kingdom and was sealed away, has been resurrected. Now he aims to use the ""Imperial Sword"" to resurrect the 3 most feared Wizard Kings in the history, Edward Avalaché, Princia Funnybunny and Jester Garandaros, and take over the Clover Kingdom."
tt22890246,How to Have Sex,2023,91.0,6.0,23712.0,https://www.imdb.com/title/tt22890246/,https://m.media-amazon.com/images/M/MV5BODEyY2ZjZGUtNzE1MS00YjhlLTkwYTctMTNkZDVlZWZmOWQyXkEyXkFqcGc@._V1_.jpg,Drama,Drama,Molly Manning Walker,"Anna Antoniades, Mia McKenna-Bruce, Lara Peake, Enva Lewis, Eleni Sachini, Samuel Bottomley, Shaun Thomas, Laura Ambler","Anna Antoniades, Mia McKenna-Bruce, Lara Peake, Enva Lewis, Eleni Sachini, Samuel Bottomley, Shaun Thomas, Laura Ambler, Elliot Warren, Guy Lewis","After her final exams, Tara heads to Crete with her friends Em and Skye for a party vacation. There, Tara hopes to finally lose her virginity. She soon thinks she's found ""the one"" in Badger, but the two don't end up together. When Tara starts seeing Badger's friend Paddy instead, suddenly nothing feels right anymore."
tt23037488,One Ranger,2023,95.0,5.0,4971.0,https://www.imdb.com/title/tt23037488/,https://m.media-amazon.com/images/M/MV5BOTFiOGVmZDktMDUwYi00MDE4LTgyMGYtZjMyMzI4ZWE2NTk5XkEyXkFqcGc@._V1_.jpg,Action,"Action, Thriller",Jesse V. Johnson,"Thomas Jane, Dean Jagger, Dominique Tipper, Jess Liaudin, Rachel Wilde, Nick Moran, Patrick Bergin, John Malkovich","Thomas Jane, Dean Jagger, Dominique Tipper, Jess Liaudin, Rachel Wilde, Nick Moran, Patrick Bergin, John Malkovich, Alena Gerber, James Oliver Wheatley","British Intelligence meets Texas Justice in this white-knuckle action-thriller. A gun-slinging Texas ranger tracks a bank robber across the desert - only to discover he's an international terrorist set on detonating a bomb in the heart of London. When the lawman's partner is killed, he is drawn into partnership with a British intelligence agent and her boss to bring the outlaw to justice - dead or alive."
tt23063732,Saving Bikini Bottom: The Sandy Cheeks Movie,2024,82.0,4.0,4865.0,https://www.imdb.com/title/tt23063732/,https://m.media-amazon.com/images/M/MV5BYTFmNDU1YjItZThmYi00NjM3LTk5OGEtODgyMDQ3ODFiYjZhXkEyXkFqcGc@._V1_.jpg,Animation,"Animation, Adventure, Comedy, Family, Fantasy",Liza Johnson,"Carolyn Lawrence, Tom Kenny, Mr. Lawrence, Mary Jo Catlett, Clancy Brown, Bill Fagerbakke, Rodger Bumpass, Dee Bradley Baker","Carolyn Lawrence, Tom Kenny, Mr. Lawrence, Mary Jo Catlett, Clancy Brown, Bill Fagerbakke, Rodger Bumpass, Dee Bradley Baker, Christopher Hagen, Rio Alexander","Bikini Bottom has been stolen. Sandy Cheeks and SpongeBob watch in disbelief as everyone's favorite town is scooped out of the ocean by a sinister, mysterious company. Now, Sandy and SpongeBob must go on an epic quest to Sandy's home state of Texas and enlist her family to help save Patrick, Squidward, Mr. Krabs and the rest of the gang before time runs out."
tt23137390,Immaculate,2024,89.0,6.0,63106.0,https://www.imdb.com/title/tt23137390/,https://m.media-amazon.com/images/M/MV5BMWEzYjYyMjQtNTJjYi00ZDQ5LWE4N2MtNWY2ZTgxODNhYWM4XkEyXkFqcGc@._V1_.jpg,Horror,"Horror, Thriller",Michael Mohan,"Sydney Sweeney, Álvaro Morte, Simona Tabasco, Benedetta Porcaroli, Giorgio Colangeli, Dora Romano, Giulia Heathfield Di Renzi, Giampiero Judica","Sydney Sweeney, Álvaro Morte, Simona Tabasco, Benedetta Porcaroli, Giorgio Colangeli, Dora Romano, Giulia Heathfield Di Renzi, Giampiero Judica, Betty Pedrazzi, Giuseppe Lo Piccolo","Cecilia, an American nun of devout faith, embarks on a new journey in a remote convent in the picturesque Italian countryside. Cecilia's warm welcome quickly devolves into a nightmare as it becomes clear her new home harbors a sinister secret and unspeakable horrors."
tt23137904,Rebel Moon - Part Two: The Scargiver,2024,122.0,5.0,64954.0,https://www.imdb.com/title/tt23137904/,https://m.media-amazon.com/images/M/MV5BOGYzMDQ1ZWItNjMyYi00ZjM4LWE5YTctYTJhNTYxZDI4OTU0XkEyXkFqcGc@._V1_.jpg,Action,"Action, Adventure, Drama, Fantasy, Sci-Fi",Zack Snyder,"Sofia Boutella, Djimon Hounsou, Ed Skrein, Michiel Huisman, Bae Doona, Ray Fisher, Anthony Hopkins, Staz Nair","Sofia Boutella, Djimon Hounsou, Ed Skrein, Michiel Huisman, Bae Doona, Ray Fisher, Anthony Hopkins, Staz Nair, Fra Fee, Cleopatra Coleman","Kora returns to Veldt with the farmer Gunnar and the warriors Titus, Nemesis, Darrian Bloodaxe and Tarak. Titus commands the defense of the farmers and asks them to harvest the grains and use them to protect their homes. While waiting for Atticus Noble and his men, they disclose their pasts waiting for the showdown with the mother world's force."
tt23149780,Eden,2024,129.0,7.0,48207.0,https://www.imdb.com/title/tt23149780/,https://m.media-amazon.com/images/M/MV5BMmU3YjQ1YzAtMGU4OS00MWJkLTg2NGMtM2NmMmQ3NTM3NjNjXkEyXkFqcGc@._V1_.jpg,Adventure,"Adventure, Drama, History, Thriller",Ron Howard,"Jude Law, Ana de Armas, Vanessa Kirby, Daniel Brühl, Sydney Sweeney, Jonathan Tittel, Felix Kammerer, Toby Wallace","Jude Law, Ana de Armas, Vanessa Kirby, Daniel Brühl, Sydney Sweeney, Jonathan Tittel, Felix Kammerer, Toby Wallace, Ignacio Gasparini, Richard Roxburgh","From Academy Award®-winning director Ron Howard, Eden unravels the shocking true story of a group of disillusioned outsiders (Jude Law, Ana de Armas, Vanessa Kirby, Daniel Brühl, and Sydney Sweeney) who abandon modern society in search of a new beginning. Settling on a remote, uninhabited island, their utopian dream quickly unravels as they discover that the greatest threat isn't the brutal climate or deadly wildlife, but each other. What follows is a chilling descent into chaos where tensions spiral, desperation takes hold, and a twisted power struggle leads to betrayal, violence, and the deaths of half the colony."
tt2316548,Beautiful Disaster,2023,96.0,5.0,18434.0,https://www.imdb.com/title/tt2316548/,https://m.media-amazon.com/images/M/MV5BODc5ZDVmYWItODM2Ni00MGYyLWIwNGUtZmEzNjVlYjc5NGY0XkEyXkFqcGc@._V1_.jpg,Comedy,"Comedy, Drama, Romance",Roger Kumble,"Dylan Sprouse, Virginia Gardner, Austin North, Samuel Larsen, Neil Bishop, Brian Austin Green, Libe Barer, Rob Estes","Dylan Sprouse, Virginia Gardner, Austin North, Samuel Larsen, Neil Bishop, Brian Austin Green, Libe Barer, Rob Estes, Autumn Reeser, Michael Cudlitz","College students Abby and Travis fall in love after being friends for a while. He doesn't believe in relationships, just one-night stands. Until he meets Abby. This movie based on a book is about two people with troubled pasts learning to trust each other and change the way they look at things."
tt23218054,Tam Bir Centilmen,2024,110.0,5.0,2920.0,https://www.imdb.com/title/tt23218054/,https://m.media-amazon.com/images/M/MV5BMmVlMDcwYzctNjU1Ny00ZWUyLTk4MzEtOTk4MWE3NzFlMDNlXkEyXkFqcGc@._V1_.jpg,Drama,"Drama, Romance",Onur Bilgetay,"Çağatay Ulusoy, Ebru Sahin, Senay Gürler, Haki Biçici, Nazli Bulum, Gümeç Alpay Aslan, Selen Uçer, Kubilay Tunçer","Çağatay Ulusoy, Ebru Sahin, Senay Gürler, Haki Biçici, Nazli Bulum, Gümeç Alpay Aslan, Selen Uçer, Kubilay Tunçer, Lale Basar, Artun Can Salman",It follows a gigolo as he falls in love with a young girl.
tt23219684,Mighty Morphin Power Rangers: Once & Always,2023,55.0,6.0,7031.0,https://www.imdb.com/title/tt23219684/,https://m.media-amazon.com/images/M/MV5BMThmYWE0NmItOTRiZS00ZDJhLTg3YTAtMTMxNjhmYzQwZGM1XkEyXkFqcGc@._V1_.jpg,Action,"Action, Adventure, Drama, Family, Sci-Fi, Thriller",Charlie Haskell,"Walter Jones, Steve Cardenas, Catherine Sutherland, Charlie Kersh, Karan Ashley, Johnny Yong Bosch, David Yost, Benny Joy Smith","Walter Jones, Steve Cardenas, Catherine Sutherland, Charlie Kersh, Karan Ashley, Johnny Yong Bosch, David Yost, Benny Joy Smith, Howard Cyster, Richard Steven Horvitz","When Trini, the Yellow Ranger, is killed, the Mighty Morphin Power Rangers are called back into war nearly 30 years following their successors. Rita Repulsa manages to return as a super powered robot out for revenge using a time warp to ensure the Power Rangers are killed before ever being summoned to become Rangers. Trini's daughter, Minh, sets her mind on killing her mother's killer."
tt23289160,Gojira Mainasu Wan,2023,124.0,8.0,230461.0,https://www.imdb.com/title/tt23289160/,https://m.media-amazon.com/images/M/MV5BMjc5MjllMGUtMDIwMS00ZDVkLWEzODQtM2NlMTMwMTZhNThmXkEyXkFqcGc@._V1_.jpg,Action,"Action, Adventure, Drama, Horror, Sci-Fi",Takashi Yamazaki,"Hidetaka Yoshioka, Kuranosuke Sasaki, Minami Hamabe, Miou Tanaka, Munetaka Aoki, Ryûnosuke Kamiki, Sae Nagatani, Sakura Andō","Hidetaka Yoshioka, Kuranosuke Sasaki, Minami Hamabe, Miou Tanaka, Munetaka Aoki, Ryûnosuke Kamiki, Sae Nagatani, Sakura Andō, Yuki Yamada, Yûya Endô","Feeling as if he unfairly cheated death too many times, Shikishima, a surviving Kamikaze pilot, is attacked on Odo Island along with many war plane engineers by a gargantuan monster. After the engineers die because of Shikishima failing to distract the monster, an overwhelming amount of guilt weighs on him, especially after a homeless woman and a baby move into his home when he returns. Shikishima, now on a personal mission, teams up with a large group of veterans to finally take down the monster known as Godzilla."
tt23334616,Istanbul Için Son Çagri,2023,91.0,5.0,10784.0,https://www.imdb.com/title/tt23334616/,https://m.media-amazon.com/images/M/MV5BM2MyNjdmMDgtMTBhMi00NGUzLWFmNGItYWNiNGQ2YWM2YzA4XkEyXkFqcGc@._V1_.jpg,Drama,"Drama, Romance",Gonenc Uyanik,"Kıvanç Tatlıtuğ, Beren Saat, Angela Chew, Annie McCain Engman, John Bradford, Joy Donze, Nikima Brooks, Shayan Ardalan","Kıvanç Tatlıtuğ, Beren Saat, Angela Chew, Annie McCain Engman, John Bradford, Joy Donze, Nikima Brooks, Shayan Ardalan, Sindia Duverge, William De Alton Brown","New York, love and second chances... Serin, whose luggage was taken by another passenger, crosses paths with Mehmet at New York's JFK International Airport. The two strangers in search of missing luggage embark on an exploration of love, marriage and loyalty in New York."
tt23468836,Snerting,2024,121.0,7.0,7848.0,https://www.imdb.com/title/tt23468836/,https://m.media-amazon.com/images/M/MV5BYzMyOTg3ODAtMWEzNy00ZTE0LWI1Y2MtYzAwY2UwMWRjOTkxXkEyXkFqcGc@._V1_.jpg,Drama,"Drama, Romance",Baltasar Kormákur,"Egill Ólafsson, Kôki, Palmi Kormákur, Masahiro Motoki, Yōko Narahashi, Ruth Sheen, Masatoshi Nakamura, Meg Kubota","Egill Ólafsson, Kôki, Palmi Kormákur, Masahiro Motoki, Yōko Narahashi, Ruth Sheen, Masatoshi Nakamura, Meg Kubota, Tatsuya Tagawa, Charles Nishikawa","In the late 1960s, Kristófer (Palmi Kormákur) is a young Icelander man studying at London School of Economics, but his left-wing beliefs put him at odds with the school administration. After being mocked by his college friends for saying he would drop out, Kristófer impulsively applies to be a dishwasher at Nippon, a Japanese restaurant owned by chef Takahashi, where he meets and falls in love with Miko (Kôki), Takahashi's daughter. Kristófer learns Japanese and works hard at Nippon, earning the trust of Takahashi and Miko. He witnesses Takahashi forcibly break up a relationship between Miko and her boyfriend. Takahashi trains Kristófer as a chef and lets him come in early to practice. As Miko visits Kristófer to taste his cooking, they grow closer and start a relationship, unbeknownst to Takahashi. Miko confides in Kristófer that her family was originally from Hiroshima, and her mother was pregnant with her at the time of the bombing. Facing discrimination back home as 'Hibakusha,' they moved to England. Upon coming back from a holiday, Kristófer is shocked to see that the restaurant has been closed, and the Takahashis have moved away without saying a word, except for one final paycheck addressed to him. Fifty years later, Kristófer (Egill Ólafsson) is now a widower living alone in Iceland. His memory is failing, and his doctor suggests that he should resolve any unfinished business while he still has time and capacity. Kristófer closes his restaurant and sets out to find Miko just when the world is in the grip of the COVID-19 pandemic. Arriving in London in the midst of pandemic restrictions, Kristófer finds Takahashi's restaurant is now a tattoo parlor. He manages to locate Hitomi, a former employee at Nippon, who tells him that Takahashi and Miko moved back to Japan 50 years ago, and Takahashi has since passed away. She gives Kristófer Miko's last known address. Kristófer visits Miko's (Yōko Narahashi) apartment in Japan. After a moment of hesitation, the two embrace, not having seen each other for over half a century. Miko reveals the reason for her sudden departure: her father always feared that her children would have birth defects from radiation exposure, so he forbade her from having relationships altogether. When he discovered Miko was pregnant with Kristófer's child, he moved her back to Japan, and later forced her to give the child up for adoption. Miko has remained unmarried since, with no other children. Miko then tells Kristófer that their son, Akira (Eugene Nomura), was born a healthy child and happily adopted, and is now a chef with his own restaurant and family. She takes him to Akira's restaurant, where she is a regular customer. Kristófer is overcome with emotion upon seeing his son for the first time, though Akira remains unaware of his biological parents. The film ends with Kristófer and Miko walking down the street hand in hand. As the screen fades to black, he softly sings to her the Icelandic song he sang years ago in a party at Nippon."
tt2353868,True Spirit,2023,109.0,7.0,12618.0,https://www.imdb.com/title/tt2353868/,https://m.media-amazon.com/images/M/MV5BOWU4ZDBkNjAtMTk0ZS00ZDVmLTgwMDMtNmE5NzJhMTZhYWJiXkEyXkFqcGc@._V1_.jpg,Adventure,"Adventure, Biography, Drama, Family, Sport",Sarah Spillane,"Alyla Browne, Teagan Croft, Cliff Curtis, Josh Lawson, Anna Paquin, Bridget Webb, Vivien Turner, Stacy Clausen","Alyla Browne, Teagan Croft, Cliff Curtis, Josh Lawson, Anna Paquin, Bridget Webb, Vivien Turner, Stacy Clausen, Freya Callaghan, Chris Hillier","When the tenacious young sailor Jessica Watson sets out to be the youngest person to sail solo, non-stop and unassisted around the world, many expect her to fail. With the support of her sailing coach and mentor Ben Bryant and her parents, Jessica is determined to accomplish what was thought to be impossible, navigating some of the world's most challenging stretches of ocean over the course of 210 days."
tt23556408,The Collective,2023,86.0,3.0,2659.0,https://www.imdb.com/title/tt23556408/,https://m.media-amazon.com/images/M/MV5BMmFkNDY1MGItYWMyNy00MzkxLTg5ODQtM2IxNjA0YTk4ODU1XkEyXkFqcGc@._V1_.jpg,Action,"Action, Thriller",Tom DeNucci,"Lucas Till, Ruby Rose, Don Johnson, Mercedes Varnado, Tyrese Gibson, Paul Ben-Victor, Michael Zuccola, Eric Lutes","Lucas Till, Ruby Rose, Don Johnson, Mercedes Varnado, Tyrese Gibson, Paul Ben-Victor, Michael Zuccola, Eric Lutes, Brett Azar, Megan Danielle Gerald","A young recruit to a mysterious agency of assassins finds himself going rogue on his first assignment, tracking down a dangerous group of human traffickers."
tt23558084,Mala influencia,2025,106.0,4.0,5450.0,https://www.imdb.com/title/tt23558084/,https://m.media-amazon.com/images/M/MV5BNzBkMDZiOTYtN2U0Zi00NWU4LWFkMmYtZTUwOGYwZGE2NjdhXkEyXkFqcGc@._V1_.jpg,Romance,"Romance, Thriller",Chloé Wallace,"Alberto Olmo, Eléa Rochera, Enrique Arce, Mirela Balic, Sara Ariño, Farid Bechara, Fer Fraga, Mar Isern","Alberto Olmo, Eléa Rochera, Enrique Arce, Mirela Balic, Sara Ariño, Farid Bechara, Fer Fraga, Mar Isern, Selam Ortega, Clara Chaín",An orphan boy and a pampered rich-kid girl are trying to uncover secrets of the past to save their romance and their skin.
tt23558280,Elevation,2024,91.0,6.0,32291.0,https://www.imdb.com/title/tt23558280/,https://m.media-amazon.com/images/M/MV5BY2NiNDM0NWYtNzQxNi00NmY1LTg1YmYtMDE5ZmQzMGJlMGQzXkEyXkFqcGc@._V1_.jpg,Action,"Action, Horror, Mystery, Sci-Fi, Thriller",George Nolfi,"Anthony Mackie, Morena Baccarin, Maddie Hasson, Danny Boyd Jr., Rachel Nicks, Shauna Earp, Tyler Grey, Ian Hummel","Anthony Mackie, Morena Baccarin, Maddie Hasson, Danny Boyd Jr., Rachel Nicks, Shauna Earp, Tyler Grey, Ian Hummel, Mike Hickman, Zert Essential","When powerful creatures arrive from the underground of Earth everywhere in the planet, 95% of mankind is wiped out since the creatures are indestructible. The survivors find that the creatures are unable to transpose 2.400 m height and live in communities at this elevation. Will lives alone with his son Hunter since his wife Tara went in an expedition when only the scientist Nina survived. Hunter is a sick boy with respiratory problems and when his filters finish, Will intends to go to the hospital at Boulder City to bring medical supplies for Hunter. He goes with his best friend Katie and Nina to the city in a dangerous journey since the city is below 2.400 m height."
tt23638614,Unsung Hero,2024,113.0,7.0,6270.0,https://www.imdb.com/title/tt23638614/,https://m.media-amazon.com/images/M/MV5BZDQ4YTRlNGQtNjI5My00MGUxLTg1ODYtMTFiY2MwYmRlMmEyXkEyXkFqcGc@._V1_.jpg,Biography,"Biography, Drama, Family",,"Daisy Betts, Joel David Smallbone, Kirrilee Berger, Jonathan Jackson, Lucas Black, Candace Cameron Bure, Terry O'Quinn, Hillary Scott","Daisy Betts, Joel David Smallbone, Kirrilee Berger, Jonathan Jackson, Lucas Black, Candace Cameron Bure, Terry O'Quinn, Hillary Scott, Diesel La Torraca, JJ Pantano","When David Smallbone's successful music company collapses, he moves his family from Down Under to the States, searching for a brighter future. With nothing more than their six children, their suitcases, and their love of music, David (For King & Country's Joel David Smallbone) and his pregnant wife Helen (Daisy Betts) set out to rebuild their lives. Based on a remarkable true story, Helen's faith stands against all odds and inspires her husband and children to hold onto theirs. With their own dreams on hold, David and Helen begin to realize the musical abilities in their children, who would go on to become two of the most successful acts in Inspirational Music history: five-time Grammy Award-winning artists For King & Country and Rebecca St. James."
tt23648788,Contraataque,2025,84.0,6.0,6359.0,https://www.imdb.com/title/tt23648788/,https://m.media-amazon.com/images/M/MV5BYTE5Y2MyMjctNDFlOC00ZGJkLTk4MzgtOTYxZDc5OGE2NGYzXkEyXkFqcGc@._V1_.jpg,Action,"Action, Thriller",Chava Cartas,"Luis Alberti, Noé Hernández, Leonardo Alonso, Luis Curiel, David Calderón León, Guillermo Nava, Mayra Batalla, Ishbel Bautista","Luis Alberti, Noé Hernández, Leonardo Alonso, Luis Curiel, David Calderón León, Guillermo Nava, Mayra Batalla, Ishbel Bautista, Israel Islas, Frida Jiser","On a shopping trip to the US / Mexican border, a group of five friends is hunted by a sicario killing squad, little do they know that these 5 friends are members of the ""murcielagos"", Mexico's elite military special forces. For a change, things do not go as planned for the bad guys."
tt23735436,Tack och förlåt,2023,90.0,6.0,1519.0,https://www.imdb.com/title/tt23735436/,https://m.media-amazon.com/images/M/MV5BYmI3Y2E2ODItMTY0MC00YWZhLWJmYjItMDRkMDM0ODA2MGFlXkEyXkFqcGc@._V1_.jpg,Comedy,"Comedy, Drama",Lisa Aschan,"Sanna Sundqvist, Charlotta Björck, Amaël Blomgren Alcaide, Ia Langhammer, Juan Rodríguez, Peshang Rad, Ville Virtanen, Mattias Ramos","Sanna Sundqvist, Charlotta Björck, Amaël Blomgren Alcaide, Ia Langhammer, Juan Rodríguez, Peshang Rad, Ville Virtanen, Mattias Ramos, Jonatan Rodriguez, Maria Nohra","Sara lives in a perfect nuclear family with Daniél, their little son, Eliot and soon a second child on its way. But their life is to be turned upside down and the heavily pregnant Sara is suddenly left alone. The help soon appears from a completely unexpected side when Sara's estranged older sister, Linda, a helpless immature adult with a big erratic dog offers to move in and help out."
tt23744022,Meu Cunhado é um Vampiro,2023,89.0,5.0,1742.0,https://www.imdb.com/title/tt23744022/,https://m.media-amazon.com/images/M/MV5BYmZiNmQ1M2YtNzIxNC00MjNkLWE1YWQtYTc4NjU0MDhkNzcwXkEyXkFqcGc@._V1_.jpg,Comedy,"Comedy, Fantasy",Ale McHaddo,"Leandro Hassum, Antônio Fragoso, Eliezer Motta, Caio Mendonça, Monique Alfradique, Maria Flor Franco, Mel Maia, Romulo Arantes Neto","Leandro Hassum, Antônio Fragoso, Eliezer Motta, Caio Mendonça, Monique Alfradique, Maria Flor Franco, Mel Maia, Romulo Arantes Neto, Paula Frascari, Jana Guinond","Fernandinho is a family man, a former football player, and a current podcast commentator who is surprised by the visit of his lazy, inconvenient brother-in-law Gregorio, who is a literal bloodsucker--a vampire."
tt23782584,Nr. 24,2024,111.0,8.0,20986.0,https://www.imdb.com/title/tt23782584/,https://m.media-amazon.com/images/M/MV5BYjYxZTIzNDEtZWY1OC00ODg4LTkxN2YtZmEwOTIzYzBiYmU5XkEyXkFqcGc@._V1_.jpg,Biography,"Biography, Drama, War",John Andreas Andersen,"Sjur Vatne Brean, Erik Hivju, Philip Helgar, Magnus Dugdale, Jakob Maanum Trulsen, Jacob Jensen, Flo Fagerli, Ines Høysæter Asserson","Sjur Vatne Brean, Erik Hivju, Philip Helgar, Magnus Dugdale, Jakob Maanum Trulsen, Jacob Jensen, Flo Fagerli, Ines Høysæter Asserson, Lisa Loven Kongsli, Martin Karelius Østensen","Young apprentice Gunnar Sønsteby from Rjukan decides to resist Nazi-Germany on the day of the invasion to later become the leader of the ""Oslo-gang"" carrying out countless daring acts of sabotage making him Norway's greatest war hero."
tt23872640,Dirty Angels,2024,104.0,5.0,7319.0,https://www.imdb.com/title/tt23872640/,https://m.media-amazon.com/images/M/MV5BNGZlN2RmM2MtODgyYS00MGJiLWE4OGEtNzJiMjlhMzVjZDc0XkEyXkFqcGc@._V1_.jpg,Action,"Action, Drama, Thriller, War",Martin Campbell,"Eva Green, Maria Bakalova, Ruby Rose, Reza Brojerdi, Jojo T. Gibbs, Emily Bruni, Aziz Çapkurt, Rona-Lee Shimon","Eva Green, Maria Bakalova, Ruby Rose, Reza Brojerdi, Jojo T. Gibbs, Emily Bruni, Aziz Çapkurt, Rona-Lee Shimon, George Iskandar, Christopher Backus",It centers on a group of female soldiers who disguise themselves as medics to rescue a group of teenagers caught between ISIS and the forces of the Taliban.
tt2396431,Dear Santa,2024,107.0,5.0,22499.0,https://www.imdb.com/title/tt2396431/,https://m.media-amazon.com/images/M/MV5BMDNjMzcxNTEtODRjYi00MGQ4LWE3YjAtNjllYzE1OThmZmRhXkEyXkFqcGc@._V1_.jpg,Comedy,"Comedy, Fantasy",Bobby Farrelly,"Jack Black, Robert Timothy Smith, Keegan-Michael Key, Brianne Howey, Hayes MacArthur, Post Malone, P.J. Byrne, Jaden Carson Baker","Jack Black, Robert Timothy Smith, Keegan-Michael Key, Brianne Howey, Hayes MacArthur, Post Malone, P.J. Byrne, Jaden Carson Baker, Kai Cech, Cate Freedman","When a young boy mails his Christmas wish list to Santa with one crucial spelling error, a devilish Jack Black arrives to wreak havoc on the holidays."
tt24083908,The Black Book,2023,124.0,5.0,1555.0,https://www.imdb.com/title/tt24083908/,https://m.media-amazon.com/images/M/MV5BZDBlNzU1NWItZmZkOC00YTI5LWJkMDQtZTJiMGVkYjJkNjZjXkEyXkFqcGc@._V1_.jpg,Thriller,Thriller,Editi Effiong,"Richard Mofe-Damijo, Ade Laoye, Sam Dede, Alex Usifo Omiagbo, Shaffy Bello, Kelechi Udegbe, Ikechukwu Onunaku, Taiwo Ajai-Lycett","Richard Mofe-Damijo, Ade Laoye, Sam Dede, Alex Usifo Omiagbo, Shaffy Bello, Kelechi Udegbe, Ikechukwu Onunaku, Taiwo Ajai-Lycett, Iretiola Doyle, Bimbo Akintola","After his son is framed for a kidnapping, a bereaved deacon takes justice into his own hands and fights a corrupt police gang to absolve him."
tt24176060,Queer,2024,137.0,6.0,31106.0,https://www.imdb.com/title/tt24176060/,https://m.media-amazon.com/images/M/MV5BMjE5YjAyOWYtMDk2Zi00NjFmLWE3OGMtMjc0ZjNmYjQxMmEzXkEyXkFqcGc@._V1_.jpg,Biography,"Biography, Drama, History, Romance",Luca Guadagnino,"Daniel Craig, Daan de Wit, Jason Schwartzman, Henrique Zaga, Colin Bates, Drew Starkey, Simon Rizzoni, Drew Droege","Daniel Craig, Daan de Wit, Jason Schwartzman, Henrique Zaga, Colin Bates, Drew Starkey, Simon Rizzoni, Drew Droege, Ariel Schulman, Andra Ursuta","William Lee, an American expat and heroin addict in Mexico City, spends his days almost entirely alone, except for a few contacts with other members of the small American community he lives in. His encounter with Eugene Allerton, an expat former soldier, makes him believe it might finally be possible to establish an intimate connection with somebody."
tt24216998,Vampire humaniste cherche suicidaire consentant,2023,90.0,7.0,12723.0,https://www.imdb.com/title/tt24216998/,https://m.media-amazon.com/images/M/MV5BODBhNTFiYzAtYWUzMy00YjZjLWEzMDItNzQyNDUyZjdiMjZhXkEyXkFqcGc@._V1_.jpg,Comedy,"Comedy, Drama, Fantasy, Horror",Ariane Louis-Seize,"Sara Montpetit, Félix-Antoine Bénard, Steve Laplante, Sophie Cadieux, Noémie O'Farrell, Lilas-Rose Cantin, Arnaud Vachon, Marie Brassard","Sara Montpetit, Félix-Antoine Bénard, Steve Laplante, Sophie Cadieux, Noémie O'Farrell, Lilas-Rose Cantin, Arnaud Vachon, Marie Brassard, Madeleine Péloquin, Gabriel-Antoine Roy","Sasha is a young vampire with a serious problem: she's too sensitive to kill. When her exasperated parents cut off her blood supply, Sasha's life is in jeopardy. Luckily, she meets Paul, a lonely teenager with suicidal tendencies who is willing to give his life to save hers. But their friendly agreement soon becomes a nocturnal quest to fulfill Paul's last wishes before day breaks."
tt24218194,Volshebnik Izumrudnogo goroda. Doroga iz zhyoltogo kirpicha,2025,120.0,5.0,1214.0,https://www.imdb.com/title/tt24218194/,https://m.media-amazon.com/images/M/MV5BNDJmNmRhNjUtN2I4Yi00MjgzLWFlN2EtZTYzOTFiYzE1MGVjXkEyXkFqcGc@._V1_.jpg,Adventure,"Adventure, Family, Fantasy",Igor Voloshin,"Denis Vlasenko, Dmitriy Chebotaryov, Egor Koreshkov, Ekaterina Chervova, Mariya Zhidkova, Sergey Epishev, Sofya Lebedeva, Svetlana Khodchenkova","Denis Vlasenko, Dmitriy Chebotaryov, Egor Koreshkov, Ekaterina Chervova, Mariya Zhidkova, Sergey Epishev, Sofya Lebedeva, Svetlana Khodchenkova, Yana Sekste, Yuri Kolokolnikov","Elli lives in a distant city. One day, the evil witch Gingema conjured a hurricane that took Elli and her dog Totoshka to the country of the Munchkins. To return home, Elli and her friends Strashila, Zheleznyy Drovosek and Truslivyy Lev will set off along the yellow brick road to the Emerald City in search of the Wizard who will grant their cherished wishes."
tt24326062,Mamonas Assassinas: O Filme,2023,95.0,5.0,1570.0,https://www.imdb.com/title/tt24326062/,https://m.media-amazon.com/images/M/MV5BODMyYjMxMDktMTMxOS00YjFkLTk4Y2MtMmZkZjczNjVlMDk2XkEyXkFqcGc@._V1_.jpg,Biography,"Biography, Drama, Music",Edson Spinello,"Rhener Freitas, Beto Hinoto, Adriano Tunes, Robson Lima, Guta Ruiz, Fefe Schneider, Ton Prado, Patrick Amstalden","Rhener Freitas, Beto Hinoto, Adriano Tunes, Robson Lima, Guta Ruiz, Fefe Schneider, Ton Prado, Patrick Amstalden, Isa Prezoto, Nadine Gerloff","The trajectory of Dinho, Júlio, Bento, Sérgio and Samuel who, together, formed one of the most unexpected groups and initially discredited by the general public. Proving to be a resounding success in a very short space of time, the quintet needed many failed attempts to show that it could be the next big band in Brazil."
tt24478470,Shiti Hanta,2024,102.0,6.0,6333.0,https://www.imdb.com/title/tt24478470/,https://m.media-amazon.com/images/M/MV5BNzI5ZWZjN2UtNjRiNS00MzViLTgzNjMtZWEyZTlmNWJhYjJkXkEyXkFqcGc@._V1_.jpg,Action,"Action, Comedy, Crime, Mystery, Romance, Sci-Fi",Yūichi Satō,"Ryohei Suzuki, Misato Morita, Masanobu Andô, Asuka Hanamura, Ayame Misaki, Moemi Katayama, Yasushi Ami, Akira Kamiya","Ryohei Suzuki, Misato Morita, Masanobu Andô, Asuka Hanamura, Ayame Misaki, Moemi Katayama, Yasushi Ami, Akira Kamiya, Takuro Osada, Koichi Kosse","Follows Ryo Saeba, a ""sweeper"" who navigates the shadowy depths of modern-day Shinjuku, Tokyo. Balancing a cool demeanor with a fun personality, Ryo takes on high-stakes challenges in the underworld. After receiving the message ""XYZ, please find my sister,"" Ryo and his partner Hideyuki go on to search for Kurumi, a famous cosplayer. Meanwhile, mysterious violent incidents are taking place in Shinjuku, and Saeko, a skilled police detective is having a tough time solving these cases. Ryo and Hideyuki work in tandem to pursue Kurumi, but tragedy strikes when Hideyuki is killed during the investigation. Witnessing her brother's death, Kaori implores Ryo to uncover the truth behind the incident."
tt24577462,AfrAId,2024,84.0,5.0,18581.0,https://www.imdb.com/title/tt24577462/,https://m.media-amazon.com/images/M/MV5BNGFlMGU1ZmYtYmVkNy00ZDhjLWE4MWYtN2FhZjVlMTNjOWYwXkEyXkFqcGc@._V1_.jpg,Horror,"Horror, Mystery, Sci-Fi, Thriller",Chris Weitz,"John Cho, Katherine Waterston, Keith Carradine, Havana Rose Liu, Lukita Maxwell, Ashley Romans, David Dastmalchian, Wyatt Lindner","John Cho, Katherine Waterston, Keith Carradine, Havana Rose Liu, Lukita Maxwell, Ashley Romans, David Dastmalchian, Wyatt Lindner, Isaac Bae, Bennett Curran","In AFRAID, Curtis (John Cho) and his family are selected to test a revolutionary new home device: a digital family assistant called AIA. Taking smart home to the next level, once the unit and all its sensors and cameras are installed in their home, AIA seems able to do it all. She learns the family's behaviors and begins to anticipate their needs. And she can make sure nothing - and no one - gets in her family's way."
tt24807110,Don't Move,2024,92.0,6.0,47282.0,https://www.imdb.com/title/tt24807110/,https://m.media-amazon.com/images/M/MV5BZmFlMTMyMzQtNmI4NC00YTcyLTgwOGUtMzc4YjcyNDUyOGY3XkEyXkFqcGc@._V1_.jpg,Horror,"Horror, Thriller","Adam Schindler, Brian Netto","Kelsey Asbille, Finn Wittrock, Moray Treadwell, Daniel Francis, Denis Kostadinov, Kate Nichols, Skye Little Wing Dimov Saw, Sarah Sarandos","Kelsey Asbille, Finn Wittrock, Moray Treadwell, Daniel Francis, Denis Kostadinov, Kate Nichols, Skye Little Wing Dimov Saw, Sarah Sarandos, Zainab Azizi, Dylan Beam","The grieving Iris wakes up early in the morning and goes to the memorial in a park where her beloved son, Mateo, fell to his death. She is thinking of committing suicide by jumping off the same cliff, when a young man, Richard, dissuades her. She returns to the parking lot with Richard, and he kidnaps her. He injects a substance that will shut down her body in twenty minutes, but Iris succeeds in forcing him to crash his car into a tree and flees to a river. Her paralyzed body is found by an old farmer, Bill, who brings her home. When Bill is going to call the police, Richard arrives at his farmhouse. The numb Iris is hidden behind the couch while Richard has an argument with Bill, then subdues him. What will happen to Bill and Iris?"
tt24852126,Jingle Bell Heist,2025,96.0,6.0,14664.0,https://www.imdb.com/title/tt24852126/,https://m.media-amazon.com/images/M/MV5BM2JiNjdiN2QtNjlmMS00NzExLTlmZTEtOTVmNzNmYzhmZTc3XkEyXkFqcGc@._V1_.jpg,Comedy,"Comedy, Crime, Romance",Michael Fimognari,"Olivia Holt, Connor Swindells, Lucy Punch, Peter Serafinowicz, Natasha Joseph, Poppy Drayton, Michael Salami, Belal Sabir","Olivia Holt, Connor Swindells, Lucy Punch, Peter Serafinowicz, Natasha Joseph, Poppy Drayton, Michael Salami, Belal Sabir, Jess Lloyd-Jones, Mariah Louca","At the height of the holiday season, two strangers team up to rob one of London's most famous department stores while accidentally falling in love."
tt24870072,Locked In,2023,96.0,5.0,11986.0,https://www.imdb.com/title/tt24870072/,https://m.media-amazon.com/images/M/MV5BMDhkYjUxNGMtZTk5Yy00MTZlLThlZTAtYjc5OGE5MTk1OGI4XkEyXkFqcGc@._V1_.jpg,Drama,"Drama, Mystery, Thriller",Nour Wazzi,"Famke Janssen, Rose Williams, Alex Hassell, Finn Cole, Anna Friel, Georgia Thorne, Toby Ryan, Karl Collins","Famke Janssen, Rose Williams, Alex Hassell, Finn Cole, Anna Friel, Georgia Thorne, Toby Ryan, Karl Collins, Lesley Molony, Chris Hallaways","A kindly nurse tries to unlock the secrets of a coma patient's injury - and discovers the bitter rivalry, infidelity, betrayal and murder behind them."
tt2560092,The Magician's Elephant,2023,99.0,7.0,6906.0,https://www.imdb.com/title/tt2560092/,https://m.media-amazon.com/images/M/MV5BMzc5ZjMxZmQtNTg5Ny00NjBlLWI3YzctMDA0ODFjNDY1ODAzXkEyXkFqcGc@._V1_.jpg,Animation,"Animation, Adventure, Comedy, Drama, Family, Fantasy",Wendy Rogers,"Noah Jupe, Mandy Patinkin, Brian Tyree Henry, Natasia Demetriou, Sian Clifford, Benedict Wong, Miranda Richardson, Kirby Howell-Baptiste","Noah Jupe, Mandy Patinkin, Brian Tyree Henry, Natasia Demetriou, Sian Clifford, Benedict Wong, Miranda Richardson, Kirby Howell-Baptiste, Aasif Mandvi, Pixie Davies","follows Peter, who is searching for his long-lost sister. When he crosses paths with a fortune teller in the market square, he want to know, is his sister still alive? To get the answer, he must find a mysterious elephant and the magician who will conjure it, setting Peter off on a journey to complete three seemingly impossible tasks that will change the face of his town."
tt26067432,Wil,2023,110.0,7.0,7810.0,https://www.imdb.com/title/tt26067432/,https://m.media-amazon.com/images/M/MV5BZmE1M2EzNmYtOWJlZC00ZDY5LTg2NzAtYTJmZDJiYjY3YTRjXkEyXkFqcGc@._V1_.jpg,Drama,"Drama, History, War",Tim Mielants,"Stef Aerts, Matteo Simoni, Annelore Crollet, Kevin Janssens, Dirk Roofthooft, Dimitrij Schaad, Pierre Bokma, Karina Smulders","Stef Aerts, Matteo Simoni, Annelore Crollet, Kevin Janssens, Dirk Roofthooft, Dimitrij Schaad, Pierre Bokma, Karina Smulders, Linn Vandeborne, Marc Lauwrys","1942. Will and Lode, two young policemen in the occupied city of Antwerp, are forced to take part in the manhunt for Jews. At the same time, they support the resistance. And in the midst of all the chaos and violence, love blossoms: Will falls head over heels for the charms of Lode's sister Yvette. A contradictory cocktail of emotions brings him to the brink, for how do you simultaneously save yourself, your loved ones and the Jews from the clutches of the occupier?"
tt26160190,Seumateuponeul tteoreotteuryeosseul ppuninde,2023,117.0,7.0,14645.0,https://www.imdb.com/title/tt26160190/,https://m.media-amazon.com/images/M/MV5BNzBhN2IzMmYtOGY5MC00ZDkwLTkxYWUtMDkzZmJmZWFiYmRhXkEyXkFqcGc@._V1_.jpg,Crime,"Crime, Drama, Mystery, Thriller",Kim Tae-joon,"Chun Woo-hee, Yim Si-wan, Kim Hee-won, Park Ho-san, Kim Ye-won, Jeon Jin-oh, Oh Hyun-kyung, Ryu Sung-hyun","Chun Woo-hee, Yim Si-wan, Kim Hee-won, Park Ho-san, Kim Ye-won, Jeon Jin-oh, Oh Hyun-kyung, Ryu Sung-hyun, Jeon Ik-ryeong, Kim Joo-ryoung",A woman's life is turned upside-down when a dangerous man gets hold of her lost cell phone and uses it to track her every move.
tt26229612,The Diplomat,2025,130.0,7.0,17128.0,https://www.imdb.com/title/tt26229612/,https://m.media-amazon.com/images/M/MV5BNjNhODY5OWEtZjMxNy00NzFhLWIzOTQtZTNmYjUwOGRiMzYwXkEyXkFqcGc@._V1_.jpg,Drama,"Drama, Thriller",Shivam Nair,"John Abraham, Sadia Khateeb, Kumud Mishra, Sharib Hashmi, Amitoj Mann, Jagjeet Sandhu, Bhawani Muzamil, Vidhatri Bandi","John Abraham, Sadia Khateeb, Kumud Mishra, Sharib Hashmi, Amitoj Mann, Jagjeet Sandhu, Bhawani Muzamil, Vidhatri Bandi, Advin, Raghavv Bbhanot",Uzma Ahmed enters Indian Embassy in Pakistan claiming to be an Indian citizen and asks for help as her husband Tahir is torturing her mentally as well as physically. The embassy staff at first mistake her to be a terrorist or an ISI agent but after cross checking her details and verifying her passport they get a clear picture. JP Singh an Indian diplomat in Pakistan gives her refuge in embassy but Tahir claims that Uzma has been forcefully kept in the embassy by JP. Tahir claims are spoiling the image of India on another land so JP asks Uzma to open up in media about the truth and abuse she faced from her husband.After hearing tale of Uzma on how she was cheated and bought to Pakistan and forced to marry Tahir who abused her mentally and physically. JP just has three weeks to give justice to Uzma as her visa is about to expire during this period and as per law even the embassy cant shelter her after that.
tt26258204,Dokjeon 2,2023,114.0,6.0,2337.0,https://www.imdb.com/title/tt26258204/,https://m.media-amazon.com/images/M/MV5BNjA0OGJhMjYtNTQ3YS00ZGE5LTg5YzAtOGRlMTA1NWJkMTM4XkEyXkFqcGc@._V1_.jpg,Action,"Action, Crime, Thriller",Jong-Yeol Baek,"Cho Jin-woong, Cha Seung-won, Han Hyo-joo, Oh Seung-hoon, Andreas Fronk, Halley Kim, Jung Joon-won, Kim Dong-young","Cho Jin-woong, Cha Seung-won, Han Hyo-joo, Oh Seung-hoon, Andreas Fronk, Halley Kim, Jung Joon-won, Kim Dong-young, Lee Joo-young, Lee Joo-young","Detective Won-ho risks everything to apprehend the leader of a vast drug cartel, known as 'Mr. Lee,' and in so doing, becomes entangled in a complex relationship with two of the organization's prominent figures, Brian and Rak. Meanwhile, a formidable and brutal figure named Big Knife emerges within their midst."
tt26342662,M3GAN 2.0,2025,120.0,6.0,55887.0,https://www.imdb.com/title/tt26342662/,https://m.media-amazon.com/images/M/MV5BMzFmNjVjZWQtZjI5Zi00YThiLTg0ZWItZDdjYzhhZDE1NTE2XkEyXkFqcGc@._V1_.jpg,Action,"Action, Horror, Sci-Fi, Thriller",Gerard Johnstone,"Allison Williams, Violet McGraw, Amie Donald, Jenna Davis, Brian Jordan Alvarez, Jen Van Epps, Ivanna Sakhno, Aristotle Athari","Allison Williams, Violet McGraw, Amie Donald, Jenna Davis, Brian Jordan Alvarez, Jen Van Epps, Ivanna Sakhno, Aristotle Athari, Jemaine Clement, Timm Sharp","Two years after the events of the first film, roboticist Gemma has become a vocal advocate for the regulation of artificial intelligence, while her niece, Cady, navigates life as a teenager. Their relative stability is shattered when a defense contractor illegally uses stolen M3GAN technology to develop AMELIA, a military-grade autonomous robot. When AMELIA becomes self-aware and initiates a dangerous AI takeover, Gemma discovers that M3GAN's consciousness has survived in the cloud. Forced by necessity, Gemma and her team must resurrect and upgrade their infamous creation, casting the former villain as the only ally capable of stopping the relentless military machine."
tt26443597,Zootopia 2,2025,108.0,7.0,154273.0,https://www.imdb.com/title/tt26443597/,https://m.media-amazon.com/images/M/MV5BYjg1Mjc3MjQtMTZjNy00YWVlLWFhMWEtMWI3ZTgxYjJmNmRlXkEyXkFqcGc@._V1_.jpg,Animation,"Animation, Adventure, Comedy, Crime, Family, Mystery","Byron Howard, Jared Bush","Ginnifer Goodwin, Jason Bateman, Ke Huy Quan, Fortune Feimster, Andy Samberg, David Strathairn, Idris Elba, Shakira","Ginnifer Goodwin, Jason Bateman, Ke Huy Quan, Fortune Feimster, Andy Samberg, David Strathairn, Idris Elba, Shakira, Patrick Warburton, Quinta Brunson","Officers Judy Hopps and Nick Wilde are still fighting to be taken seriously as detectives - a struggle that gets worse when their off-the-books smuggling probe turns into a public disaster. With Chief Bogo threatening to split them up, the pair chase one last lead: a mysterious snake seen near the crime scene. That trail leads them to Gary DeSnake, a pit viper fugitive obsessed with exposing a secret behind the city's climate-controlling weather walls. When Judy and Nick realize he's telling the truth, they're suddenly framed by the powerful Lynxley family, whose buried crimes drove Zootopia's reptiles underground - and whose new plans are far more sinister. Branded fugitives, Judy and Nick join forces with eccentric beaver conspiracy buff Nibbles Maplestick to track down Gary and uncover the city's founding injustice - a case that will test their partnership, upend everything they thought they knew about Zootopia, and turn friends and enemies upside-down."
tt26446278,Le Comte de Monte-Cristo,2024,178.0,8.0,50465.0,https://www.imdb.com/title/tt26446278/,https://m.media-amazon.com/images/M/MV5BMTY4NTA3ZDYtMWVkYy00MGNkLTlmYzUtODQ5YjZlZTA3YjA5XkEyXkFqcGc@._V1_.jpg,Action,"Action, Adventure, Drama, Romance, Thriller","Alexandre de La Patellière, Matthieu Delaporte","Pierre Niney, Bastien Bouillon, Anaïs Demoustier, Anamaria Vartolomei, Laurent Lafitte, Pierfrancesco Favino, Patrick Mille, Vassili Schneider","Pierre Niney, Bastien Bouillon, Anaïs Demoustier, Anamaria Vartolomei, Laurent Lafitte, Pierfrancesco Favino, Patrick Mille, Vassili Schneider, Julien De Saint Jean, Julie De Bona","Edmond Dantes becomes the target of a sinister plot and is arrested on his wedding day for a crime he did not commit. After 14 years in the island prison of Château d'If, he manages a daring escape. Now rich beyond his dreams, he assumes the identity of the count of Monte-Cristo and exacts his revenge on the men who betrayed him."
tt26452781,Marked Men: Rule + Shaw,2025,93.0,5.0,4573.0,https://www.imdb.com/title/tt26452781/,https://m.media-amazon.com/images/M/MV5BYTlhNjFjYjktZDM3MS00OTRhLWFlMWEtNWIxZDY0NmMyNDM0XkEyXkFqcGc@._V1_.jpg,Romance,Romance,Nick Cassavetes,"Alexander Ludwig, Chase Stokes, Daisy Jelley, Ella Balinska, Hannah Kepple, Matthew Noszka, Michael Bradway, Natalie Alyn Lind","Alexander Ludwig, Chase Stokes, Daisy Jelley, Ella Balinska, Hannah Kepple, Matthew Noszka, Michael Bradway, Natalie Alyn Lind, Paul Johansson, Sydney Taylor","Shaw Landon has loved Rule Archer from the moment she laid eyes on him. Rule, a fiery-tempered rebel tattoo artist, doesn't have time for a good girl pre-med student like Shaw - even if she's the only one who can see the person he truly is. She lives by other people's rules; he makes his own. But a short skirt, too many birthday cocktails, and spilled secrets lead to a night neither can forget. Now, Shaw and Rule must figure out how a girl like her and a guy like him are supposed to be together without destroying their love...or each other."
tt26533869,The Jester,2023,90.0,4.0,5494.0,https://www.imdb.com/title/tt26533869/,https://m.media-amazon.com/images/M/MV5BNzJlMTUzNTUtZjM5Mi00MDVjLWFhM2UtZWNhNzJjOTg5MDRiXkEyXkFqcGc@._V1_.jpg,Horror,"Horror, Mystery, Thriller",Colin Krawchuk,"Michael Sheffield, Lelia Symington, Delaney White, Matt Servitto, Lena Janes, Mia Rae Roberts, Riley Collins, Mary Jane Pentony","Michael Sheffield, Lelia Symington, Delaney White, Matt Servitto, Lena Janes, Mia Rae Roberts, Riley Collins, Mary Jane Pentony, Cory Okouchi, Sam Lukowski","A malevolent being known as The Jester terrorizes the inhabitants of a small town on Halloween night, including two estranged sisters who must come together to find a way to defeat this evil entity."
tt26546123,Beautiful Wedding,2024,100.0,4.0,5497.0,https://www.imdb.com/title/tt26546123/,https://m.media-amazon.com/images/M/MV5BMjU0ZWRkOWQtOGViMy00Y2E5LTgzOWItNjRhODgxNGJmODZhXkEyXkFqcGc@._V1_.jpg,Comedy,"Comedy, Romance",Roger Kumble,"Dylan Sprouse, Virginia Gardner, Austin North, Libe Barer, Rob Estes, Steven Bauer, Kyle Richards, Alex Aiono","Dylan Sprouse, Virginia Gardner, Austin North, Libe Barer, Rob Estes, Steven Bauer, Kyle Richards, Alex Aiono, Emmanuel Kabongo, Molly Miller","After a crazy night in Las Vegas, Abby and Travis discover that they're married, and they head to Mexico for a honeymoon with friends and family."
tt26547864,Konferensen,2023,100.0,6.0,16802.0,https://www.imdb.com/title/tt26547864/,https://m.media-amazon.com/images/M/MV5BOGE3ZjA3YmEtYzIzZi00NmQzLTg4YWItYjdmMjdjNjYxYjIwXkEyXkFqcGc@._V1_.jpg,Comedy,"Comedy, Horror, Mystery, Thriller",Patrik Eklund,"Katia Winter, Adam Lundgren, Eva Melander, Bahar Pars, Amed Bozan, Maria Sid, Christoffer Nordenrot, Claes Hartelius","Katia Winter, Adam Lundgren, Eva Melander, Bahar Pars, Amed Bozan, Maria Sid, Christoffer Nordenrot, Claes Hartelius, Cecilia Nilsson, Lola Zackow","The employees of Kolarangën county are gathered in an event on the eve of initiating the construction of a mall in the rural area. The manager Ingela joins project manager Jonas; the playful Kaj; the veterans Torbjörn and Anette; the middle-aged Eva; and the friends Nadja; Amir; and Lina at a hotel in the countryside administrated by Jenny and her staff, composed by Cleo, who is responsible for physical activity and motivation exercises; handyman Roger; chef Karl and Sotis. The guests are distributed in five cabins, and they have a meeting to discuss the project. Lina, who was in medical license due to burnout, learns that the farmer and owner of the place where the mall will be built has not received any compensation. Further, he committed suicide when his farm was destroyed. Jonas tells her that she signed the contract, but she has no recollection. She suspects that Jonas is corrupt and sneaks into his room to open his laptop. She finds corruption in the business and copies the files to a pen drive. Meanwhile, a masked serial-killer begins to kill people in the hotel, participants and staff."
tt26548664,Dzisiaj spisz ze mna,2023,92.0,4.0,1419.0,https://www.imdb.com/title/tt26548664/,https://m.media-amazon.com/images/M/MV5BMGY5ZGMxNTctYjEyYi00YmYzLWI4NTMtZGUwYTM4MTAyODA0XkEyXkFqcGc@._V1_.jpg,Drama,"Drama, Romance",Robert Wichrowski,"Roma Gasiorowska, Wojciech Zielinski, Maciej Musial, Jacek Koman, Malgorzata Mikolajczak, Ewa Wencel, Karolina Porcari, Marta Król","Roma Gasiorowska, Wojciech Zielinski, Maciej Musial, Jacek Koman, Malgorzata Mikolajczak, Ewa Wencel, Karolina Porcari, Marta Król, Jadwiga Zurawska, Magdalena Groszek","Nina has an organized life: a good job, beautiful daughters and a loving husband. However, over time, the charm in her relationship was broken. When Nina's marriage is in crisis, she accidentally meets a young and handsome intern at work. Jan turns her world upside down and awakens in her the girl she used to be before she became an exemplary wife and mother."
tt26584495,Companion,2025,97.0,7.0,189928.0,https://www.imdb.com/title/tt26584495/,https://m.media-amazon.com/images/M/MV5BYjkyZTA5NzAtYWU3Zi00MWM4LTgxNzAtNDQxY2JmNjMwYjk4XkEyXkFqcGc@._V1_.jpg,Sci-Fi,"Sci-Fi, Thriller",Drew Hancock,"Sophie Thatcher, Jack Quaid, Lukas Gage, Megan Suri, Harvey Guillén, Rupert Friend, Jaboukie Young-White, Matt McCarthy","Sophie Thatcher, Jack Quaid, Lukas Gage, Megan Suri, Harvey Guillén, Rupert Friend, Jaboukie Young-White, Matt McCarthy, Marc Menchaca, Woody Fu","Since Iris and Josh met in a supermarket, the two have been inseparable. Now they want to spend the weekend together with Josh's friends at the luxurious lake estate of Sergey. His mistress Kat, and friends Eli and Patrick will also be there. At first, Iris is unsure, convinced that everyone hates her. After a bumpy start, the six spend a boisterous evening together. But the following morning will change their lives forever."
tt26612950,Das Lehrerzimmer,2023,98.0,7.0,31502.0,https://www.imdb.com/title/tt26612950/,https://m.media-amazon.com/images/M/MV5BOTkwZDgzNzgtMDBiZC00Y2M2LWI3MmUtZDM2Zjk1ZDc1YWJiXkEyXkFqcGc@._V1_.jpg,Drama,"Drama, Thriller",Ilker Çatak,"Leonie Benesch, Anne-Kathrin Gummich, Rafael Stachowiak, Michael Klammer, Eva Löbau, Kathrin Wehlisch, Sarah Bauerett, Canan Samadi","Leonie Benesch, Anne-Kathrin Gummich, Rafael Stachowiak, Michael Klammer, Eva Löbau, Kathrin Wehlisch, Sarah Bauerett, Canan Samadi, Kersten Reimann, Henriette Sievers","When her money kept in the teachers' lounge is stolen, Carla a teacher of the school decides to investigate. She faces objections from her colleagues but continues nevertheless little knowing that this would the beginning of serious problems for her."
tt26625693,The Order,2024,116.0,7.0,64624.0,https://www.imdb.com/title/tt26625693/,https://m.media-amazon.com/images/M/MV5BZWIxOGQyYjYtOGEwOC00YWNjLWJmNTktZjJlM2RmNTdjMmVlXkEyXkFqcGc@._V1_.jpg,Crime,"Crime, Drama, Thriller",Justin Kurzel,"Marc Maron, George Tchortov, Daniel Yip, Daniel Doheny, Sebastian Pigott, Jude Law, John Warkentin, Nicholas Hoult","Marc Maron, George Tchortov, Daniel Yip, Daniel Doheny, Sebastian Pigott, Jude Law, John Warkentin, Nicholas Hoult, Phillip Forest Lewitski, Tye Sheridan","In 1983, a series of increasingly violent bank robberies, counterfeiting operations and armored car heists frightened communities throughout the Pacific Northwest. As baffled law enforcement agents scrambled for answers, a lone FBI agent (Law), stationed in the sleepy, picturesque town of Coeur d'Alene, Idaho, came to believe the crimes were not the work of traditional, financially motivated criminals but a group of dangerous domestic terrorists, inspired by a radical, charismatic leader (Hoult), plotting a devastating war against the federal government of the United States."
tt26671996,Locked,2025,95.0,6.0,27143.0,https://www.imdb.com/title/tt26671996/,https://m.media-amazon.com/images/M/MV5BZjg2NDFhZDEtYzZlZC00ZTRkLTg4NDctYjIwNTQxYWY4ODFiXkEyXkFqcGc@._V1_.jpg,Thriller,Thriller,David Yarovesky,"Bill Skarsgård, Anthony Hopkins, Ashley Cartwright, Michael Eklund, Navid Charkhi, Ricardo Pequenino, Gaston Morrison, Reese Alexander","Bill Skarsgård, Anthony Hopkins, Ashley Cartwright, Michael Eklund, Navid Charkhi, Ricardo Pequenino, Gaston Morrison, Reese Alexander, Emma Kombe, Jodi Pongratz","When Eddie breaks into a luxury SUV, he steps into a deadly trap set by William, a self-proclaimed vigilante delivering his own brand of twisted justice. With no means of escape, Eddie must fight to survive in a ride where escape is an illusion, survival is a nightmare, and justice shifts into high gear."
tt26678938,Pretty Lethal,2026,88.0,6.0,15914.0,https://www.imdb.com/title/tt26678938/,https://m.media-amazon.com/images/M/MV5BMTRmMTE4MmYtOWRmNi00ZDJjLWFmY2UtNTliMzlkNTUzNDRjXkEyXkFqcGc@._V1_.jpg,Action,"Action, Horror, Thriller",Vicky Jewson,"Maddie Ziegler, Lana Condor, Lydia Leonard, Avantika, Millicent Simmonds, Iris Apatow, Tamás Hagyó, Julian Krenn","Maddie Ziegler, Lana Condor, Lydia Leonard, Avantika, Millicent Simmonds, Iris Apatow, Tamás Hagyó, Julian Krenn, Miklós Béres, Péter Végh","An action-packed thriller where five ballerinas, on their way to a prestigious dance competition, are barely on speaking terms when their bus breaks down in a remote forest. With no other options, they reluctantly seek shelter at an unsettling roadside inn run by Devora Kasimer, a reclusive former ballet prodigy. From the moment they arrive, something feels wrong--and their worst instincts prove right. As the situation turns deadly, the fractured team must set aside rivalries and weaponize years of brutal training, turning grace, discipline, and even pointe shoes into tools for survival."
tt26735622,Balls Up,2026,104.0,5.0,15584.0,https://www.imdb.com/title/tt26735622/,https://m.media-amazon.com/images/M/MV5BZjJlMDFmOWMtY2NhZS00MzAwLWFiOWQtNzBiZDNiOWRiMDA4XkEyXkFqcGc@._V1_.jpg,Action,"Action, Comedy, Crime, Sport",Peter Farrelly,"Mark Wahlberg, Paul Walter Hauser, Sacha Baron Cohen, Benjamin Bratt, Luciano Szafir, Eva De Dominici, Daniela Melchior, Molly Shannon","Mark Wahlberg, Paul Walter Hauser, Sacha Baron Cohen, Benjamin Bratt, Luciano Szafir, Eva De Dominici, Daniela Melchior, Molly Shannon, Chelsey Crisp, Eric André","Two marketers pitch a bold new condom World Cup sponsorship. After a booze-fueled scandal, they must outrun chaos to survive."
tt26736843,The Watchers,2024,102.0,6.0,73312.0,https://www.imdb.com/title/tt26736843/,https://m.media-amazon.com/images/M/MV5BN2I3MjIzYzMtNDkxNS00ZDIzLWEzZjktNDJlZDZlOGZlMTMxXkEyXkFqcGc@._V1_.jpg,Fantasy,"Fantasy, Horror, Mystery, Thriller",Ishana Shyamalan,"Dakota Fanning, Georgina Campbell, Olwen Fouéré, Oliver Finnegan, Alistair Brammer, John Lynch, Siobhan Hewlett, Hannah Dargan","Dakota Fanning, Georgina Campbell, Olwen Fouéré, Oliver Finnegan, Alistair Brammer, John Lynch, Siobhan Hewlett, Hannah Dargan, Emily Dargan, Joel Figueroa","This forest isn't charted on any map. Every car breaks down at its treeline. Mina's is no different. Left stranded, she is forced into the dark woodland only to find a woman shouting, urging Mina to run to a concrete bunker. As the door slams behind her, the building is besieged by screams. Mina finds herself in a room with a wall of glass, and an electric light that activates at nightfall, when the Watchers come above ground. These creatures emerge to observe their captive humans and terrible things happen to anyone who doesn't reach the bunker in time."
tt26739529,Money Shot: The Pornhub Story,2023,94.0,5.0,5809.0,https://www.imdb.com/title/tt26739529/,https://m.media-amazon.com/images/M/MV5BMmM5NTMwYzgtYTdiZi00ZGY5LTliYmEtY2I5ZGY4ZTcyMGU3XkEyXkFqcGc@._V1_.jpg,Documentary,Documentary,Suzanne Hillinger,"Noelle Perdue, Michael Stabile, Wolf Hudson, Siri Dahl, Martin Patriquin, Bree Mills, Cherie DeVille, Asa Akira","Noelle Perdue, Michael Stabile, Wolf Hudson, Siri Dahl, Martin Patriquin, Bree Mills, Cherie DeVille, Asa Akira, Natassia Dreams, Gwen Adora",Follow the rise of the most famous adult entertainment platform and the recent backlash it has received.
tt26753003,Trap,2024,105.0,6.0,172018.0,https://www.imdb.com/title/tt26753003/,https://m.media-amazon.com/images/M/MV5BMzJiN2UyZjgtMjQ3MS00MDhhLTg5ZDItZmVjMTU3MTcwNzE4XkEyXkFqcGc@._V1_.jpg,Crime,"Crime, Horror, Mystery, Thriller",M. Night Shyamalan,"Josh Hartnett, Ariel Donoghue, Saleka Shyamalan, Alison Pill, Hayley Mills, Jonathan Langdon, Mark Bacolcol, Marnie McPhail","Josh Hartnett, Ariel Donoghue, Saleka Shyamalan, Alison Pill, Hayley Mills, Jonathan Langdon, Mark Bacolcol, Marnie McPhail, Kid Cudi, Russ","In M. Night Shyamalan's latest outing, everyone in a large city is in a frenzy. Why? That's because they're up and ready to watch a concert performed by famous pop star Lady Raven. Two of her fans, a man named Cooper and his daughter Riley, attend the concert with high spirits, but things slowly begin to change their tune. Amongst the screams of adoration and sounds of applause, the concert itself has a hidden identity: a front to fish out an infamous serial killer known as The Butcher. With security cameras rigged, armies of policemen with weapons at the ready, and police vehicles surrounding the venue, will anyone survive their concert experience or is there more to The Butcher than meets the eye?"
tt26787296,O Lado Bom de ser Traída,2023,98.0,4.0,5026.0,https://www.imdb.com/title/tt26787296/,https://m.media-amazon.com/images/M/MV5BOGVmODcyMmQtN2FlYy00ZjhlLWIyMDEtNzkyZmZiNDk1YzRjXkEyXkFqcGc@._V1_.jpg,Drama,"Drama, Mystery, Romance, Thriller",Diego Freitas,"Giovanna Lancellotti, Leandro Lima, Camilla de Lucas, Bruno Montaleone, Micael Borges, Louise D'Tuani, Drayson Menezzes, Thadeu Matos","Giovanna Lancellotti, Leandro Lima, Camilla de Lucas, Bruno Montaleone, Micael Borges, Louise D'Tuani, Drayson Menezzes, Thadeu Matos, Reynaldo Machado, Aguida Aguiar","Babi discovers a betrayal by her long-term partner and decides to embark on a new adventure in life. On this journey, she meets judge Marco and they begin to live a story permeated by a lot of sexual tension."
tt26861992,Mea Culpa,2024,120.0,4.0,7693.0,https://www.imdb.com/title/tt26861992/,https://m.media-amazon.com/images/M/MV5BMmY2OGU4MmItOTg0Zi00NWUyLWI3YjgtOGJlMzFiNWQ5Mjg4XkEyXkFqcGc@._V1_.jpg,Crime,"Crime, Drama, Thriller",Tyler Perry,"Kelly Rowland, Trevante Rhodes, Nick Sagar, Sean Sagar, RonReaco Lee, Shannon Thornton, Kerry O'Malley, Arianna Barron","Kelly Rowland, Trevante Rhodes, Nick Sagar, Sean Sagar, RonReaco Lee, Shannon Thornton, Kerry O'Malley, Arianna Barron, Connor Weil, Angela Robinson","When criminal defense attorney Mea Harper takes on the murder case of artist Zyair Malloy, the truth isn't as obvious as it seems. While she tries to determine the innocence or guilt of her cagy-yet-seductive client, it is uncovered that everyone is guilty of something."
tt26915336,Mars Express,2023,88.0,8.0,15621.0,https://www.imdb.com/title/tt26915336/,https://m.media-amazon.com/images/M/MV5BMzM0ZmE1YjYtY2NkYS00MmU1LTg3YmQtNDdjNTY4N2JjYTc4XkEyXkFqcGc@._V1_.jpg,Animation,"Animation, Action, Mystery, Sci-Fi, Thriller",Jérémie Périn,"Léa Drucker, Mathieu Amalric, Daniel Njo Lobé, Marie Bouvet, Sébastien Chassagne, Marthe Keller, Geneviève Doang, Thomas Roditi","Léa Drucker, Mathieu Amalric, Daniel Njo Lobé, Marie Bouvet, Sébastien Chassagne, Marthe Keller, Geneviève Doang, Thomas Roditi, Thierry Jahn, Serge Faliu","In 2200, private detective Aline Ruby and her android partner Carlos Rivera are hired by a wealthy businessman to track down a notorious hacker. On Mars, they descend deep into the underbelly of the planet's capital city where they uncover a darker story of brain farms, corruption, and a missing girl who holds a secret about the robots that threatens to change the face of the universe."
tt26926267,Mother of the Bride,2024,88.0,5.0,18498.0,https://www.imdb.com/title/tt26926267/,https://m.media-amazon.com/images/M/MV5BYmY3YTExZTEtYWViMy00ZDQ0LWJlZGMtYTU2Yzc1NGE3MzgzXkEyXkFqcGc@._V1_.jpg,Comedy,"Comedy, Drama, Romance",Mark Waters,"Brooke Shields, Miranda Cosgrove, Benjamin Bratt, Rachael Harris, Sean Teale, Chad Michael Murray, Michael McDonald, Wilson Cruz","Brooke Shields, Miranda Cosgrove, Benjamin Bratt, Rachael Harris, Sean Teale, Chad Michael Murray, Michael McDonald, Wilson Cruz, Tasneem Roc, Dalip Sondhi","Lana's daughter Emma, who has been in London for a few years, returns home and announces that she is engaged and getting married soon. Emma works as an influencer, and the wedding is paid for by her sponsors and will be held in Phuket, Thailand. Lana is taken aback but wants her daughter to be happy and supports her decision. However, when they arrive in Thailand, it turns out that the father of her daughter's fiancé is Will, whom Lana dated during college. It quickly becomes awkward since they did not part on the best of terms. It gets no better when the sponsors take over the entire wedding planning."
tt26928684,Summer Camp,2024,95.0,5.0,2446.0,https://www.imdb.com/title/tt26928684/,https://m.media-amazon.com/images/M/MV5BZTY4M2ZjN2ItMzJjNi00MDcxLWEwYjktZmRkZTIzZjE5MGRjXkEyXkFqcGc@._V1_.jpg,Comedy,Comedy,Castille Landon,"Diane Keaton, Kathy Bates, Alfre Woodard, Eugene Levy, Dennis Haysbert, Beverly D'Angelo, Nicole Richie, Josh Peck","Diane Keaton, Kathy Bates, Alfre Woodard, Eugene Levy, Dennis Haysbert, Beverly D'Angelo, Nicole Richie, Josh Peck, Betsy Sodaro, Tom Wright","Follows Nora, Ginny, and Mary, three childhood best friends who used to spend every summer at a sleep-away camp together. After years, when the opportunity to get back together for a summer camp reunion presents itself, they all seize it."
tt26940324,Jackpot!,2024,106.0,6.0,35652.0,https://www.imdb.com/title/tt26940324/,https://m.media-amazon.com/images/M/MV5BMmQ2ZGU3ODYtNzA0Yi00NDlhLWIxNzYtM2E2Y2FhOGNjZjIyXkEyXkFqcGc@._V1_.jpg,Action,"Action, Comedy",Paul Feig,"Seann William Scott, Marian Green, David Conk, Josh Diogo, Rosanna Scotto, Dolly De Leon, Conor McCullagh, Awkwafina","Seann William Scott, Marian Green, David Conk, Josh Diogo, Rosanna Scotto, Dolly De Leon, Conor McCullagh, Awkwafina, Simu Liu, John Cena","In the very near future, the Grand Lottery has been established in economically-challenged California. The only catch? Kill the winner before sundown and you can legally claim their prize. New Los Angeles transplant Katie (Awkwafina) accidentally finds herself with the winning ticket and must join forces with amateur jackpot protector Noel (John Cena) to make it to sundown in order to claim her multi-billion dollar prize, while dealing with Noel's protection rival Louis Lewis (Simu Liu), who also wants to get her to sundown in order to claim his rich protection commission."
tt27004149,Kabut Berduri,2024,110.0,5.0,1507.0,https://www.imdb.com/title/tt27004149/,https://m.media-amazon.com/images/M/MV5BZTg2NjgzNmEtODIwNi00ZDRhLWE2MTAtMGMxM2M4ODczNTEzXkEyXkFqcGc@._V1_.jpg,Crime,"Crime, Drama, Mystery, Thriller",Edwin,"Putri Marino, Yoga Pratama, Lukman Sardi, Yudi Ahmad Tajudin, Yusuf Mahardika, Kiki Narendra, Siti Fauziah, Maryam Supraba","Putri Marino, Yoga Pratama, Lukman Sardi, Yudi Ahmad Tajudin, Yusuf Mahardika, Kiki Narendra, Siti Fauziah, Maryam Supraba, Sita Nursanti, Iedil Dzuhrie Alaudin","Sanja Arunika. He is a detective with the rank of Second Police Inspector (Ipda) who comes from a big city. Sanja was transferred from Jakarta to Kalimantan, he was given the task of investigating a serial murder case that occurred on the border between Indonesia and Malaysia. The chase and the use of firearms were inevitable when Sanja started hunting for the alleged perpetrator. From his investigations, he slowly succeeded in uncovering various mysteries."
tt27050277,El correo,2024,101.0,6.0,5979.0,https://www.imdb.com/title/tt27050277/,https://m.media-amazon.com/images/M/MV5BMzY5NjdlOGYtNTY4Yi00MTdjLTg2ZTYtMGQ5OGI3MTQ5OTkxXkEyXkFqcGc@._V1_.jpg,Action,"Action, Adventure, Crime, Drama, Thriller",Daniel Calparsoro,"Arón Piper, María Pedraza, Luis Tosar, Laura Sépul, Nourdin Batan, José Manuel Poga, Luis Zahera, Manuel Gancedo","Arón Piper, María Pedraza, Luis Tosar, Laura Sépul, Nourdin Batan, José Manuel Poga, Luis Zahera, Manuel Gancedo, Antonio Buíl, Lukas Maximilian",Follows a hustler and his rise to the top of the corruption that surrounded the real estate bubble after the arrival of the euro in Spain.
tt27192829,Hataraku saibou,2024,109.0,7.0,1615.0,https://www.imdb.com/title/tt27192829/,https://m.media-amazon.com/images/M/MV5BOTYzOTkwZjEtOWYxMC00NWM5LWIxOWQtYThjMTJhNmZhYTk2XkEyXkFqcGc@._V1_.jpg,Action,"Action, Adventure, Comedy, Fantasy",Hideki Takeuchi,"Mei Nagano, Takeru Satoh, Mana Ashida, Kôji Yamamoto, Riisa Naka, Wakana Matsumoto, Shôta Sometani, Rihito Itagaki","Mei Nagano, Takeru Satoh, Mana Ashida, Kôji Yamamoto, Riisa Naka, Wakana Matsumoto, Shôta Sometani, Rihito Itagaki, Ryô Katô, Seishirô Katô","The world is a dangerous place for a red blood cell just trying to get her deliveries finished. Fortunately, she's not alone... she's got a whole human body's worth of cells ready to help out. The mysterious white blood cell, the buff and brash killer T cell, the nerdy neuron, even the cute little platelets, everyone's got to come together if they want to keep you healthy."
tt27197387,AKA,2023,122.0,7.0,15146.0,https://www.imdb.com/title/tt27197387/,https://m.media-amazon.com/images/M/MV5BNDJiZmQ3OGUtOTEzYS00NDRkLTlmNjQtMTAzOWRjYTZhZGMwXkEyXkFqcGc@._V1_.jpg,Action,"Action, Crime, Thriller",Morgan S. Dalibert,"Alban Lenoir, Éric Cantona, Thibault de Montalembert, Sveva Alviti, Saïdou Camara, Lucille Guillaume, Kevin Layne, Philippe Résimont","Alban Lenoir, Éric Cantona, Thibault de Montalembert, Sveva Alviti, Saïdou Camara, Lucille Guillaume, Kevin Layne, Philippe Résimont, Vincent Heneine, Nathalie Odzierejko","After serving French government in a dangerous mission in Tunisia, undercover agent Adam Franco is assigned by his boss Kruger to eliminate the Sudanese terrorist Moktar Al Tayed. Minister Marconnet, who commands Kruger, tells that Tayed is the responsible for the terrorist attack to the Etoile Hotel with several casualties. Adam shall infiltrate in the gang of Victor Pastore, who has connections with Tayed. Adam befriends Pastore's stepson Jonathan ""Joe"" and gets closer to the gangster Pee Wee, who is friend of Tayed. He protects the fellow gangsters in a heist, when they are attacked by the gang of Pastore's rival, the Egyptian Amet. But when Joe is kidnapped by Amet and his men and Pastore refuses to pay the ransom Adam decides to forget his mission and retrieve the boy. But soon he learns that nothing is as it seems to be."
tt27218960,Y2K,2024,91.0,5.0,21325.0,https://www.imdb.com/title/tt27218960/,https://m.media-amazon.com/images/M/MV5BYTQxNWJmYTEtZTMzMS00MDk1LTlkMTgtYmRhOTRmMjdkOGRiXkEyXkFqcGc@._V1_.jpg,Comedy,"Comedy, Horror, Sci-Fi",Kyle Mooney,"Jaeden Martell, Rachel Zegler, Julian Dennison, Daniel Zolghadri, Lachlan Watson, Fred Durst, Kyle Mooney, Eduardo Franco","Jaeden Martell, Rachel Zegler, Julian Dennison, Daniel Zolghadri, Lachlan Watson, Fred Durst, Kyle Mooney, Eduardo Franco, Mason Gooding, The Kid Laroi","A group of teenagers decide to celebrate New Year's Eve in 1999, expecting a normal night of fun. However, as the clock strikes midnight and the new millennium begins, technology starts behaving unpredictably, turning everyday devices into dangerous threats. As chaos spreads, they must find a way to survive the night while facing the consequences of a world where technology has gone out of control."
tt27369902,Dagr,2024,77.0,4.0,3245.0,https://www.imdb.com/title/tt27369902/,https://m.media-amazon.com/images/M/MV5BODI2ODE1YzktMmFkNi00NjMwLTlkMWYtZDk0M2U5Yzk2MTAwXkEyXkFqcGc@._V1_.jpg,Horror,"Horror, Thriller",Matthew Butler-Hart,"Riz Moritz, Ellie Duckles, Tori Butler-Hart, Matt Barber, Emma King, Graham Butler, Hattie Chapman, Luca Thompson","Riz Moritz, Ellie Duckles, Tori Butler-Hart, Matt Barber, Emma King, Graham Butler, Hattie Chapman, Luca Thompson","Two young women seeking internet stardom pose as catering staff on a high-end fashion commercial. Unbeknownst to the ad team the women's plan is to film themselves stealing all the expensive merchandise, giving it away to people who need it, and post it on their Youtube channel. However, when they arrive at the location there's no-one there. Seeing this as the perfect opportunity to set up hidden cameras and get started on the theft, they discover an iPad which holds footage of the commercial shot so far. But what looks to be a glossy homage to Jean-Luc Goddard, soon turns into a Blair Witch paranormal nightmare."
tt27396895,"Disco, Ibiza, Locomía",2024,104.0,6.0,1783.0,https://www.imdb.com/title/tt27396895/,https://m.media-amazon.com/images/M/MV5BOThlZGVmMmItOTNhZi00MzYzLTgyNTktODQ5MDM5MTNkNWUyXkEyXkFqcGc@._V1_.jpg,Biography,"Biography, Drama, Music",Kike Maíllo,"Jaime Lorente, Alberto Ammann, Alejandro Speitzer, Iván Pellicer, Pol Granch, Blanca Suárez, Javier Morgade, Albert Baró","Jaime Lorente, Alberto Ammann, Alejandro Speitzer, Iván Pellicer, Pol Granch, Blanca Suárez, Javier Morgade, Albert Baró, Vito Sanz, Eva Llorach","Follows the Spanish group Locomía, showcasing the ins and outs of club culture, the golden age of record companies and the explosion of Latin music in Miami."
tt27403986,Juror #2,2024,114.0,7.0,131124.0,https://www.imdb.com/title/tt27403986/,https://m.media-amazon.com/images/M/MV5BMjM4YjA1NTItOWI3Ni00MzAwLThmMjMtNmM2MWY2Y2ZmOGIzXkEyXkFqcGc@._V1_.jpg,Crime,"Crime, Drama, Mystery, Thriller",Clint Eastwood,"Nicholas Hoult, Zoey Deutch, Megan Mieduch, Toni Collette, Melanie Harrison, Adrienne C. Moore, Drew Scheid, Leslie Bibb","Nicholas Hoult, Zoey Deutch, Megan Mieduch, Toni Collette, Melanie Harrison, Adrienne C. Moore, Drew Scheid, Leslie Bibb, J.K. Simmons, Kiefer Sutherland","Justin, whose wife is about to give birth to their first child, is selected on the jury for a murder trial. At a point in the trial he realises he may have been responsible for the death. This would exonerate the accused but incriminate him. He now walks a fine line between these two outcomes."
tt27410895,Släpp taget,2024,110.0,7.0,7585.0,https://www.imdb.com/title/tt27410895/,https://m.media-amazon.com/images/M/MV5BM2E0MWQ0MWEtMzM1Mi00ZjhiLTlhOTUtYWVlZjhlMGVlMTRlXkEyXkFqcGc@._V1_.jpg,Drama,Drama,Josephine Bornebusch,"Josephine Bornebusch, Pål Sverre Hagen, Sigrid Johnson, Olle Tikkakoski, Leon Mentori, Tone Danielsen, Niklas Falk, Irma Jämhammar","Josephine Bornebusch, Pål Sverre Hagen, Sigrid Johnson, Olle Tikkakoski, Leon Mentori, Tone Danielsen, Niklas Falk, Irma Jämhammar, Mathias Lithner, Lola Zackow","Finding out what really matters. In the center is Stella. She has everything under control... except her preschool son's constant need for attention, her daughter's teenage mood swings, and her emotionally unavailable husband. The family is about to break when Stella receives a message that changes everything. She decides to take a trip with her family where she has to achieve the impossible to bring her family together again."
tt27411270,En del av dig,2024,99.0,6.0,3340.0,https://www.imdb.com/title/tt27411270/,https://m.media-amazon.com/images/M/MV5BMTBlODMyYmMtMTVmMi00YmZiLThhODgtM2I0MGM4ZmQyYTA4XkEyXkFqcGc@._V1_.jpg,Drama,Drama,Sigge Eklund,"Felicia Maxime, Edvin Ryding, Zara Larsson, Ida Engvoll, Nikki Hanseblad, Alva Bratt, Olivia Essén, Maxwell Cunningham","Felicia Maxime, Edvin Ryding, Zara Larsson, Ida Engvoll, Nikki Hanseblad, Alva Bratt, Olivia Essén, Maxwell Cunningham, Emil Hedayat, Mustafa Al-Mashhadani","Life and death that portrays the experience of being 17 years old and feeling like your heart is about to burst from your chest. Agnes' older sister Julia possesses everything that Agnes dreams of: she's the coolest person in school, the center of every party, and she's dating Noel. If only Agnes could be more like her. When the worst possible thing occurs, Agnes' world is turned upside down and she's forced to reinvent herself. Suddenly, she's on the verge of obtaining everything she's ever desired, but at what cost?"
tt27419292,Killer Heat,2024,95.0,6.0,16070.0,https://www.imdb.com/title/tt27419292/,https://m.media-amazon.com/images/M/MV5BYmI2MzhmZmEtZjMyZC00MzJiLTlkZTEtNGNhZDEwYWVmMWZhXkEyXkFqcGc@._V1_.jpg,Crime,"Crime, Drama, Mystery, Romance, Thriller",Philippe Lacôte,"Joseph Gordon-Levitt, Shailene Woodley, Richard Madden, Clare Holman, Babou Ceesay, Abbey Lee, Eleni Vergeti, Dimitris Topalidis","Joseph Gordon-Levitt, Shailene Woodley, Richard Madden, Clare Holman, Babou Ceesay, Abbey Lee, Eleni Vergeti, Dimitris Topalidis, Christos Efthimou, Harper Linnane","A detective is called in to investigate the death of a rock climber after the family suspects foul play. As the investigation progresses, the detective gets caught in a dangerous love triangle and must uncover a tangled web of passion and betrayal that complicates the search for the sinister truth. Nothing--and no one--is as they seem in this romantic thriller."
tt27425164,War 2,2025,170.0,5.0,34511.0,https://www.imdb.com/title/tt27425164/,https://m.media-amazon.com/images/M/MV5BNzBjYzZhYmQtNGRjYS00YTBiLTg3M2EtZTM4OWQ4MTllZTZlXkEyXkFqcGc@._V1_.jpg,Action,"Action, Adventure, Thriller",Ayan Mukerji,"Anil Kapoor, Arista Mehta, Ashutosh Rana, Benedict Garrett, Bobby Deol, Hrithik Roshan, K.C. Shankar, Kiara Advani","Anil Kapoor, Arista Mehta, Ashutosh Rana, Benedict Garrett, Bobby Deol, Hrithik Roshan, K.C. Shankar, Kiara Advani, N.T. Rama Rao Jr., Soni Razdan","Years ago Agent Kabir went rogue. Became India's greatest villain ever. But this time, as he descends further into the deepest shadows... India sends its deadliest, most lethal agent after him. A Special Units Officer who is more than Kabir's equal -- absolutely nuclear. Agent Vikram. A relentless terminator driven by his own demons, determined to put a bullet into Kabir's skull. A brutal cat versus rottweiler game begins as the two face off -- the entire world is their brutal bloody battleground. The choices ahead of them are impossible. The price to be paid is ultimate. This is a war with spectacular action and heart-wrenching emotion."
tt27487473,Le salaire de la peur,2024,104.0,5.0,4622.0,https://www.imdb.com/title/tt27487473/,https://m.media-amazon.com/images/M/MV5BODM2MGM3ZDUtYThkOS00OTY1LThkNGMtMWRhNzM0NGQzZWVhXkEyXkFqcGc@._V1_.jpg,Action,"Action, Adventure, Drama, Thriller",Julien Leclercq,"Franck Gastambide, Alban Lenoir, Sofiane Zermani, Ana Girardot, Bakary Diombera, Astrid Whettnall, Alka Matewa, Sarah Afchain","Franck Gastambide, Alban Lenoir, Sofiane Zermani, Ana Girardot, Bakary Diombera, Astrid Whettnall, Alka Matewa, Sarah Afchain, Ghita Berdai, Rabie Kati","In the middle of the desert, near a refugee camp, an oil well catches fire, directly threatening the lives of the population. Dispatching experts to the site, the company operating the well realizes that it has only one solution to avert the catastrophe: detonate the oil well with nitroglycerin within 24 hours. Against a large sum of money, a powerhouse team is then sent 800 km away to transport 200 kg of explosives in two trucks. The team now has less than 20 hours to reach the oil well. 20 hours to traverse hostile zones controlled by armed rebels, cross minefields, and drive two trucks loaded with nitroglycerin over rough terrain!. The race against the clock has begun."
tt27489557,Abigail,2024,109.0,7.0,123874.0,https://www.imdb.com/title/tt27489557/,https://m.media-amazon.com/images/M/MV5BNmUxMDRiNjQtYjE0NS00OWZkLTlhZjktYjQ1MmNjNDlhNDdkXkEyXkFqcGc@._V1_.jpg,Action,"Action, Comedy, Crime, Drama, Horror, Thriller","Matt Bettinelli-Olpin, Tyler Gillett","Melissa Barrera, Dan Stevens, Alisha Weir, William Catlett, Kathryn Newton, Kevin Durand, Angus Cloud, Giancarlo Esposito","Melissa Barrera, Dan Stevens, Alisha Weir, William Catlett, Kathryn Newton, Kevin Durand, Angus Cloud, Giancarlo Esposito, Matthew Goode, Mahmoud Aldahchan","After a group of would-be criminals kidnap the 12-year-old ballerina daughter of a powerful underworld figure, all they have to do to collect a $50 million ransom is watch the girl overnight. In an isolated mansion, the captors start to dwindle, one by one, and they discover, to their mounting horror, that they're locked inside with no normal little girl."
tt27503384,Perfect Days,2023,124.0,8.0,111494.0,https://www.imdb.com/title/tt27503384/,https://m.media-amazon.com/images/M/MV5BNGVmODFkM2MtOTEzMy00MjFjLThjZmYtODMxZmI1MzcyNDkyXkEyXkFqcGc@._V1_.jpg,Drama,Drama,Wim Wenders,"Miyako Tanaka, Kōji Yakusho, Long Mizuma, Tokio Emoto, Soraji Shibuya, Aoi Iwasaki, Kisuke Shimazaki, Yuriko Kawasaki","Miyako Tanaka, Kōji Yakusho, Long Mizuma, Tokio Emoto, Soraji Shibuya, Aoi Iwasaki, Kisuke Shimazaki, Yuriko Kawasaki, Aki Kobayashi, Arisa Nakano",Hirayama works as a toilet cleaner in Tokyo. He seems content with his simple life. He follows a structured everyday life and dedicates his free time to his passion for music and books. Hirayama also has a fondness for trees and photographs them. More of his past is gradually revealed through a series of unexpected encounters.
tt27543578,Good Fortune,2025,97.0,6.0,54870.0,https://www.imdb.com/title/tt27543578/,https://m.media-amazon.com/images/M/MV5BYjk3ZTgwZmUtOTVlMy00ODExLTkzMTUtYzRhM2FjNGYyMzZkXkEyXkFqcGc@._V1_.jpg,Comedy,"Comedy, Fantasy, Romance",Aziz Ansari,"Keanu Reeves, Blanca Araceli, Aziz Ansari, Joe Mande, Aditya Geddada, Alexander Jo, Kristen Henley, Seth Rogen","Keanu Reeves, Blanca Araceli, Aziz Ansari, Joe Mande, Aditya Geddada, Alexander Jo, Kristen Henley, Seth Rogen, Keke Palmer, Sandra Oh",A well-meaning but rather inept angel named Gabriel meddles in the lives of a struggling gig worker and a wealthy venture capitalist.
tt27543632,The Housemaid,2025,131.0,7.0,195937.0,https://www.imdb.com/title/tt27543632/,https://m.media-amazon.com/images/M/MV5BNjZiYjg3YzEtZTkwOS00MWYzLTgxODctNmNhMWU2MTI2YmVjXkEyXkFqcGc@._V1_.jpg,Drama,"Drama, Mystery, Thriller",Paul Feig,"Sydney Sweeney, Amanda Seyfried, Peter Colandro, Don DiPetta, Lamar Baucom-Slaughter, Michele Morrone, Brandon Sklenar, Indiana Elle","Sydney Sweeney, Amanda Seyfried, Peter Colandro, Don DiPetta, Lamar Baucom-Slaughter, Michele Morrone, Brandon Sklenar, Indiana Elle, Sarah Cooper, Kathy Costa McKeown","Millie arrives at a wealthy household seeking stability after instability. The Catalyst appears in the uneasy dynamic between Nina and Andrew, where generosity carries control beneath it. Millie responds by reading the room and using charm as survival instinct. As the Collision builds, attention, jealousy, and shifting alliances turn the home into a tense psychological arena. A Moral Pivot arrives when Millie must choose whether to remain pliant or assert herself within a system that rewards manipulation, and the cost of either path presses directly on her sense of identity."
tt27548083,Poisoned: The Dirty Truth About Your Food,2023,83.0,7.0,3304.0,https://www.imdb.com/title/tt27548083/,https://m.media-amazon.com/images/M/MV5BY2FhZGI4MTMtYTFkNy00ZWU2LTkzM2QtM2YzM2M3YWJjNTBjXkEyXkFqcGc@._V1_.jpg,Documentary,Documentary,Stephanie Soechtig,"Ben Chapman, Candie Ingberg, Christine Haughney, Darin Detwiler, Mindy Brashears, Pablo Dayer, Rosa DeLauro, Sandy Eskin","Ben Chapman, Candie Ingberg, Christine Haughney, Darin Detwiler, Mindy Brashears, Pablo Dayer, Rosa DeLauro, Sandy Eskin, Scott Ingberg, Stephanie Ingberg",A call to action for the officials who have the power to mitigate the danger caused by foodborne pathogens that kill thousands of people in the U.S. every year.
tt27552099,Mike & Nick & Nick & Alice,2026,107.0,6.0,26103.0,https://www.imdb.com/title/tt27552099/,https://m.media-amazon.com/images/M/MV5BZDBiNjIyNjUtNWZlYy00MGU4LWFjNDUtMGExYTZlNmNhZTY4XkEyXkFqcGc@._V1_.jpg,Action,"Action, Comedy, Crime, Sci-Fi",BenDavid Grabinski,"Vince Vaughn, James Marsden, Eiza González, Keith David, Jimmy Tatro, Arturo Castro, Lewis Tan, Stephen Root","Vince Vaughn, James Marsden, Eiza González, Keith David, Jimmy Tatro, Arturo Castro, Lewis Tan, Stephen Root, Dolph Lundgren, Ben Schwartz","Two friends navigate the dangerous world of organized crime, testing their loyalty and survival skills as they get deeper into the criminal underworld."
tt27578157,Kolory zla. Czerwien,2024,111.0,6.0,10898.0,https://www.imdb.com/title/tt27578157/,https://m.media-amazon.com/images/M/MV5BZWQ0OTAzMjMtNTJkYS00ODUwLTg5NGYtYTUwOWMzZjU1NThlXkEyXkFqcGc@._V1_.jpg,Crime,"Crime, Drama, Mystery, Thriller",Adrian Panek,"Jakub Gierszal, Maja Ostaszewska, Zofia Jastrzebska, Andrzej Konopka, Przemyslaw Bluszcz, Wojciech Zielinski, Andrzej Zielinski, Jan Wieteska","Jakub Gierszal, Maja Ostaszewska, Zofia Jastrzebska, Andrzej Konopka, Przemyslaw Bluszcz, Wojciech Zielinski, Andrzej Zielinski, Jan Wieteska, Michal Karmowski, Natalia Sitarska","A Tri-City beach becomes a place of dramatic discovery when the sea washes up the body of a young girl. The victim's unusual mutilation points to murder. The investigation is headed by an ambitious and tenacious prosecutor, Leopold Bilski. The victim's mother, Judge Helena Bogucka, is also involved in the investigation. All clues lead to one of the seaside clubs, which turns out to be related to the murder of a woman from 15 years ago. From the information collected during the investigation and the evidence concealed for years, the dark face of the criminal Tri-City slowly emerges. Bilski and Bogucka's discoveries begin to be very inconvenient for the local police."
tt27599851,Apocalipsis Z: El principio del fin,2024,117.0,6.0,24408.0,https://www.imdb.com/title/tt27599851/,https://m.media-amazon.com/images/M/MV5BZjBiMDZjMzMtYzRjYS00ODc0LTlmNDEtYjQxYjJkYjdhODdkXkEyXkFqcGc@._V1_.jpg,Action,"Action, Horror, Sci-Fi, Thriller",Carles Torrens,"Francisco Ortiz, José María Yazpik, Berta Vázquez, Iria del Río, Marta Poveda, Amalia Gómez, María Salgueiro, Yuri Mykhaylychenko","Francisco Ortiz, José María Yazpik, Berta Vázquez, Iria del Río, Marta Poveda, Amalia Gómez, María Salgueiro, Yuri Mykhaylychenko, Ian Monclús, Yaiza Macías","In Spain, the lawyer and manufacturer of a solar panels Manel and his beloved wife Julia visit his sister Belén and her family near Christmas. While returning home, they have a discussion and a subsequent car accident, where Julia dies. One year later, Manel is depressed and living alone with his cat Lúculo in Galicia. He does not pay attention to the outbreak of the TSJ virus in Europe, more lethal than Covid 19. The military husband of Belén, Mario, succeeds in being transferred with Belén and their little son Carlos, to the Canary Islands and they call Manel to join them. But the Spanish government closes the borders trying to contain the virus that turns people into violent zombies. Belén and Mario advise Manel to stay home and ignore the government shelters where the probability of infections is greater. But Manel has only a few supplies and soon he needs to loot supplies in the closed house, in the beginning of his fight to survive with Lúculo."
tt27613895,Goat,2026,100.0,7.0,31211.0,https://www.imdb.com/title/tt27613895/,https://m.media-amazon.com/images/M/MV5BYzE5OTJkOGMtYWFiNi00NTlkLWE3ZWItY2ZlNjkyOWVhMjMyXkEyXkFqcGc@._V1_.jpg,Animation,"Animation, Action, Comedy, Family, Sport",Tyree Dillihay,"Caleb McLaughlin, Gabrielle Union, Stephen Curry, Aaron Pierre, Nicola Coughlan, David Harbour, Nick Kroll, Jenifer Lewis","Caleb McLaughlin, Gabrielle Union, Stephen Curry, Aaron Pierre, Nicola Coughlan, David Harbour, Nick Kroll, Jenifer Lewis, Patton Oswalt, Jelly Roll","A young anthropomorphic goat named Will Harris dreams of playing roar-ball, a high-intensity, animalistic version of basketball dominated by much larger, fiercer creatures. After a video of Will challenging the league's MVP, Mane Attraction, goes viral, he is recruited as a marketing tactic for the struggling Vineland Thorns."
tt27621210,Ice Road: Vengeance,2025,112.0,5.0,18814.0,https://www.imdb.com/title/tt27621210/,https://m.media-amazon.com/images/M/MV5BNjNlOGE0ZmMtNTk2MC00NTBhLTg2Y2QtZjdkZjIwNjQzYzY3XkEyXkFqcGc@._V1_.jpg,Action,"Action, Adventure, Thriller",Jonathan Hensleigh,"Liam Neeson, Bingbing Fan, Marcus Thomas, Grace O'Sullivan, Saksham Sharma, Bernard Curry, Geoff Morrell, Mahesh Jadu","Liam Neeson, Bingbing Fan, Marcus Thomas, Grace O'Sullivan, Saksham Sharma, Bernard Curry, Geoff Morrell, Mahesh Jadu, Amelia Bishop, Shapoor Batliwalla","Following the death of his brother, veteran trucker Mike McCann travels to Nepal with a singular, solemn mission: to scatter his late brother's ashes at the summit of Mount Everest. Upon arriving, he hires Dhani, a skilled local mountain guide, to help navigate the treacherous terrain. However, their journey takes a harrowing turn when they join a group of passengers on the ""Kiwi Express,"" a tour bus traversing the perilous, high-altitude mountain pass known as the ""Road to the Sky."" Their route is intercepted by a group of ruthless mercenaries working for a corrupt industrial conglomerate determined to displace a local village for a hydroelectric dam project. Trapped on the narrow mountain road with no escape, Mike must channel his survival instincts to lead a desperate fight against the mercenaries, protecting the passengers and the villagers from an ruthless corporate conspiracy."
tt27640680,La Dama del Silencio. El caso Mataviejitas,2023,111.0,6.0,1720.0,https://www.imdb.com/title/tt27640680/,https://m.media-amazon.com/images/M/MV5BMTZjYTcwMWQtNmQ5OC00M2VlLWI1ZTctMDgyMmRkZTgyODAyXkEyXkFqcGc@._V1_.jpg,Documentary,"Documentary, Crime, History, Mystery",María José Cuevas,"Alejandra Alday, Anselmo Apodac, Antonio Baranda, Bernardo Bátiz, Claudia Bolaños, Jesús Briones, Juana Barraza, La Chola","Alejandra Alday, Anselmo Apodac, Antonio Baranda, Bernardo Bátiz, Claudia Bolaños, Jesús Briones, Juana Barraza, La Chola, Marco Antonio Cacique, Ted Bundy","The year 2000 marks the start of a new decade in Mexico City. A number of murders has the capital police at a stalemate: older ladies are being strangled in their own homes. The victims' profiles are causing never-before-seen social outrage and media coverage. The Attorney General's Office is employing all its resources and efforts to capture Mexico's first serial killer. Witnesses describe the suspect as tall, robust, and strong, passing off as a nurse to earn the victims' trust. In January 2006, after more than 40 murders, several failed arrests, and multiple contradictions, a woman is detained in broad daylight. Her name: Juana Barraza. Known in the world of lucha libre as ""The Lady of Silence"" and baptized by the media as ""The Old-Lady Killer"", a nickname that is to become part of Mexico's dark history as well as its incomparable pop culture."
tt27673536,Mardaani 3,2026,129.0,6.0,11141.0,https://www.imdb.com/title/tt27673536/,https://m.media-amazon.com/images/M/MV5BZjU1OWM4OGEtMGYzNi00MTNmLThjOGUtMjRlZmI5YjM4ODIxXkEyXkFqcGc@._V1_.jpg,Action,"Action, Crime, Drama, Thriller",Abhiraj Minawala,"Rani Mukerji, Janki Bodiwala, Mallika Prasad, Prajesh Kashyap, Eindraneel Bhattacharya, Mikhail Yawalkar, Digvijay Rohidas, Jimpa Sangpo Bhutia","Rani Mukerji, Janki Bodiwala, Mallika Prasad, Prajesh Kashyap, Eindraneel Bhattacharya, Mikhail Yawalkar, Digvijay Rohidas, Jimpa Sangpo Bhutia, Jisshu Sengupta, Diorr Varghese","Shivani Shivaji Roy does not believe in equi-distance. Two girls vanish, one the daughter of a diplomat and one the daughter of nobody the system remembers, and the gap between those two facts is the engine driving everything. Her superiors name the priority. The syndicate already knows it. Shivani works the gap, using institutional indifference as bait, only to find that the trap closes on the wrong side. The rot she is fighting is not just criminal. It is structural, bureaucratic, and intimate all at once. The cost of playing inside a crooked game while burning to tear it down begins accumulating before she can see the receipt."
tt27675583,Bad Boa's,2025,95.0,5.0,3552.0,https://www.imdb.com/title/tt27675583/,https://m.media-amazon.com/images/M/MV5BYmY4ZTNjOTItODJkMy00MTFjLTgwNGItZTk1ZjQyMjYxMWRiXkEyXkFqcGc@._V1_.jpg,Action,"Action, Comedy, Crime, Mystery",Gonzalo Fernandez Carmona,"Jandino Asporaat, Werner Kolf, Florence Vos Weeda, Ferdi Stofmeel, Ergun Simsek, Juliette van Ardenne, Stephanie van Eer, Rian Gerritsen","Jandino Asporaat, Werner Kolf, Florence Vos Weeda, Ferdi Stofmeel, Ergun Simsek, Juliette van Ardenne, Stephanie van Eer, Rian Gerritsen, Romana Vrede, Teun Kuilboer","Ramon, a dedicated special investigating officer determined to make his Rotterdam neighbourhood safer is forced to work with Jack, a reckless ex-detective temporarily demoted to Ramon's team after an incident. While these opposites must work together, they eventually discover they have more in common than they expected: the loss of a loved one who was murdered. As Ramon and Jack become a dream team, they do everything they can to track down the perpetrator, leading to several major discoveries."
tt27714946,The Monkey,2025,98.0,6.0,97415.0,https://www.imdb.com/title/tt27714946/,https://m.media-amazon.com/images/M/MV5BNzZhMTc5MWUtOTE2MS00MjUwLTljYWEtYTk1ZmVjNzhmMzYzXkEyXkFqcGc@._V1_.jpg,Horror,Horror,Osgood Perkins,"Theo James, Tatiana Maslany, Christian Convery, Colin O'Brien, Adam Scott, Elijah Wood, Rohan Campbell, Sarah Levy","Theo James, Tatiana Maslany, Christian Convery, Colin O'Brien, Adam Scott, Elijah Wood, Rohan Campbell, Sarah Levy, Osgood Perkins, Tess Degenstein","When twin brothers Bill and Hal find their father's old monkey toy in the attic, a series of gruesome deaths start. The siblings decide to throw the toy away and move on with their lives, growing apart over the years."
tt27717667,Pedro Páramo,2024,130.0,6.0,3710.0,https://www.imdb.com/title/tt27717667/,https://m.media-amazon.com/images/M/MV5BNjI3YmY2NTEtMjI1Yy00MWM4LTkzYzEtMTA2YjlmZjdiODkzXkEyXkFqcGc@._V1_.jpg,Drama,"Drama, Fantasy, Horror, Mystery, Romance, Western",Rodrigo Prieto,"Manuel Garcia-Rulfo, Tenoch Huerta, Dolores Heredia, Ilse Salas, Hector Kotsifakis, Mayra Batalla, Roberto Sosa, Giovanna Zacarías","Manuel Garcia-Rulfo, Tenoch Huerta, Dolores Heredia, Ilse Salas, Hector Kotsifakis, Mayra Batalla, Roberto Sosa, Giovanna Zacarías, Noé Hernández, Yoshira Escárrega","Follows a dusty road to a town of death. Time shifts from one consciousness to another in a hypnotic flow of dreams, desires and memories, a world of ghosts dominated by the figure of Pedro Páramo, lover, overlord, murderer."
tt27722618,Zuo pie zi nü hai,2025,108.0,7.0,9879.0,https://www.imdb.com/title/tt27722618/,https://m.media-amazon.com/images/M/MV5BYTE2OWQxZWMtNjdjNC00NGNhLWE5OTUtZDA2ZjhhMjk0MmRmXkEyXkFqcGc@._V1_.jpg,Drama,Drama,Shih-Ching Tsou,"Janel Tsai, Shih-Yuan Ma, Nina Ye, Teng-Hui Huang, Akio Chen, Xin-Yan Chao, Teng-Hung Hsia, Yan Lin","Janel Tsai, Shih-Yuan Ma, Nina Ye, Teng-Hui Huang, Akio Chen, Xin-Yan Chao, Teng-Hung Hsia, Yan Lin, Chang Yun-Xi, Thu Lieu Tran","A single mother and her two daughters return to Taipei after several years of living in the countryside to open a stand at a buzzing night market. Each in their way will have to adapt to this new environment to make ends meet and maintain the family unity. But when their traditional grandfather forbids his youngest left-handed granddaughter from using her ""devil hand,"" generations of family secrets begin to unravel."
tt27729779,El hoyo 2,2024,99.0,5.0,48959.0,https://www.imdb.com/title/tt27729779/,https://m.media-amazon.com/images/M/MV5BNzI4YjkyODctMGJmNC00YjBjLTllNjAtNDkxNTJmZjg4MGZkXkEyXkFqcGc@._V1_.jpg,Horror,"Horror, Sci-Fi, Thriller",Galder Gaztelu-Urrutia,"Milena Smit, Hovik Keuchkerian, Natalia Tena, Óscar Jaenada, Ivan Massagué, Zorion Eguileor, Bastien Ughetto, Armando Buika","Milena Smit, Hovik Keuchkerian, Natalia Tena, Óscar Jaenada, Ivan Massagué, Zorion Eguileor, Bastien Ughetto, Armando Buika, Pedro Bachura, Antonia San Juan","A thrilling physical journey that allows an approach to the darkness, where it is scary to look. It appeals to the viewer's civil responsibility and forces them to face the limits of their own solidarity."
tt27812086,Cleaner,2025,97.0,5.0,17261.0,https://www.imdb.com/title/tt27812086/,https://m.media-amazon.com/images/M/MV5BMmE1MzkyMDctZjgzNC00YzkxLWI1YTctY2E4YzNjNmI1YTljXkEyXkFqcGc@._V1_.jpg,Action,"Action, Drama, Thriller",Martin Campbell,"Poppy Townsend White, Dudley Watts, Calvin Warrington-Heasman, Andreea Diac, Daisy Ridley, Matthew Tuck, Kate Nichols, Russell De Rozario","Poppy Townsend White, Dudley Watts, Calvin Warrington-Heasman, Andreea Diac, Daisy Ridley, Matthew Tuck, Kate Nichols, Russell De Rozario, Taz Skylar, Clive Owen","Set in present-day London, a group of radical activists take over an energy company's annual gala, seizing 300 hostages in order to expose the corruption of the hosts. Their just cause is hijacked by an extremist within their ranks, who is ready to murder everyone in the building to send his anarchic message to the world. It falls to an ex-soldier turned window cleaner, played by Ridley, suspended 50 storeys up on the outside of the building, to save those trapped inside, including her younger brother."
tt27828085,Familia,2023,104.0,7.0,1165.0,https://www.imdb.com/title/tt27828085/,https://m.media-amazon.com/images/M/MV5BZTY2NTQ4M2YtNDIwYi00ZDc2LWE5YjQtNDk0NjBmY2M1ZDkyXkEyXkFqcGc@._V1_.jpg,Drama,"Drama, Family",Rodrigo García,"Daniel Giménez Cacho, Vicky Araico, Maribel Verdú, Ángeles Cruz, Ricardo Selmen, Isabella Arroyo, Ilse Salas, Brian Shortall","Daniel Giménez Cacho, Vicky Araico, Maribel Verdú, Ángeles Cruz, Ricardo Selmen, Isabella Arroyo, Ilse Salas, Brian Shortall, Andrea Sutton, Zury Shasho",A peculiar family and explores the complexities of cohabitation around a decision that will change them forever.
tt27837387,Unknown: The Lost Pyramid,2023,83.0,7.0,4070.0,https://www.imdb.com/title/tt27837387/,https://m.media-amazon.com/images/M/MV5BNmRiNTMyNjAtMzc4MC00ZWUyLWJjNTYtODEyYWQ0NzkyNzQxXkEyXkFqcGc@._V1_.jpg,Documentary,"Documentary, History",Max Salomon,"Afaf Wahba, Ammar El-Amir Sadeq, Ashraf Mohi El Din, Essam Shehab, Hamada Shehata Ahmed Mansour, Mohamed Youssef, Mostafa Waziri, Tori Finlayson","Afaf Wahba, Ammar El-Amir Sadeq, Ashraf Mohi El Din, Essam Shehab, Hamada Shehata Ahmed Mansour, Mohamed Youssef, Mostafa Waziri, Tori Finlayson, Zahi Hawass","In the desert sands of Saqqara, the latest hotspot of Egyptian archaeology, two of the world's most famous Egyptologists seek to unearth ancient treasures. The legendary Dr. Zahi Hawass hunts for the long-lost pyramid of a forgotten Egyptian king while his protege and rival, Dr. Mostafa Waziri, searches for an unlooted tomb in an ancient necropolis. Both teams race against the clock to see who will make the bigger discovery and make their mark in history."
tt27837467,Unknown: Cave of Bones,2023,93.0,7.0,2900.0,https://www.imdb.com/title/tt27837467/,https://m.media-amazon.com/images/M/MV5BYTcxNmY5OTYtNDE4OS00YjhlLTk2ZTItNjhkYzdjNzU3ZGQ4XkEyXkFqcGc@._V1_.jpg,Documentary,Documentary,Mark Mannucci,"Lee Berger, Keneiloe Molopyane, Agusin Fuentes, John Hawks, Agustin Fuentes, Maropeng Mpete, Paul Tafforeau","Lee Berger, Keneiloe Molopyane, Agusin Fuentes, John Hawks, Agustin Fuentes, Maropeng Mpete, Paul Tafforeau","In South Africa's Cradle of Mankind, Paleoanthropologist Lee Berger has found the world's oldest graveyard and it's not human. If Lee and his team can prove that this ancient, small brained, ape-like creature practiced complex burial rituals it will change everything we know about hominid evolution and the origins of belief."
tt27837488,Unknown: Cosmic Time Machine,2023,64.0,7.0,3438.0,https://www.imdb.com/title/tt27837488/,https://m.media-amazon.com/images/M/MV5BNWI0YzZlZjEtMGI3ZC00ZTk5LThlNjItNWQyMzI3OTRiNTU1XkEyXkFqcGc@._V1_.jpg,Documentary,Documentary,Shai Gal,"Alyssa Pagan, Amber Straughn, Becky Smethurst, Bill Nelson, Joe Biden, Joseph DePasquale, Klaus Pontoppidan, Scarlin Hernandez","Alyssa Pagan, Amber Straughn, Becky Smethurst, Bill Nelson, Joe Biden, Joseph DePasquale, Klaus Pontoppidan, Scarlin Hernandez, Stefano Facchini, Thomas Zurbuchen",Follows a team of engineers and scientists in an ambitious mission to launch the James Webb Space Telescope and take the next giant leap in the understanding of the universe.
tt27843798,Jewel Thief: The Heist Begins,2025,116.0,4.0,6225.0,https://www.imdb.com/title/tt27843798/,https://m.media-amazon.com/images/M/MV5BOWM5ZGVkNjItZDg0MC00YjIwLTkyNjEtYjdlMGM2Mjc4ODFmXkEyXkFqcGc@._V1_.jpg,Action,"Action, Adventure, Thriller","Kookie Gulati, Robbie Grewal","Saif Ali Khan, Jaideep Ahlawat, Nikita Dutta, Kunal Kapoor, Kulbhushan Kharbanda, Gagan Arora, Ivana Brcan, Pankaj Deva","Saif Ali Khan, Jaideep Ahlawat, Nikita Dutta, Kunal Kapoor, Kulbhushan Kharbanda, Gagan Arora, Ivana Brcan, Pankaj Deva, Shaji Chaudhary, Sumit Gulati","A jewel thief is hired by a powerful crime lord to steal the world's most elusive diamond: the African Red Sun. His perfectly planned heist then takes a wild turn. Chaos, twists, and unexpected alliances unfold in this high-stakes race making it a deadly game of deception and betrayal."
tt27847051,O Agente Secreto,2025,161.0,7.0,62747.0,https://www.imdb.com/title/tt27847051/,https://m.media-amazon.com/images/M/MV5BNDlkMzNhYzgtNTk1Yi00M2I1LTlkOTMtY2RmZGU3YzVmMzE2XkEyXkFqcGc@._V1_.jpg,Crime,"Crime, Drama, Mystery, Thriller",Kleber Mendonça Filho,"Robson Andrade, Rubens Santos, Licínio Januário, Joálisson Cunha, Marcelo Valle, Fabiana Pirro, Hermila Guedes, Márcio De Paula","Robson Andrade, Rubens Santos, Licínio Januário, Joálisson Cunha, Marcelo Valle, Fabiana Pirro, Hermila Guedes, Márcio De Paula, Gregorio Graziosi, Buda Lira","Amid the political turmoil of 1977 Brazil, a technology expert is forced into hiding and seeks help from the underground resistance as he tries to flee the country with his young son."
tt27911000,Terrifier 3,2024,125.0,6.0,65095.0,https://www.imdb.com/title/tt27911000/,https://m.media-amazon.com/images/M/MV5BNzc2MWUyYzctY2E4Ny00ZTlmLThjNTMtMTViZGI5NjcyN2EzXkEyXkFqcGc@._V1_.jpg,Horror,Horror,Damien Leone,"Lauren LaVera, David Howard Thornton, Antonella Rose, Elliott Fullam, Samantha Scaffidi, Margaret Anne Florence, Bryce Johnson, Alexa Blair Robertson","Lauren LaVera, David Howard Thornton, Antonella Rose, Elliott Fullam, Samantha Scaffidi, Margaret Anne Florence, Bryce Johnson, Alexa Blair Robertson, Mason Mecartea, Krsy Fox","Five years after surviving Art the Clown's Halloween massacre, Sienna and Jonathan are still struggling to rebuild their shattered lives. As the holiday season approaches, they try to embrace the Christmas spirit and leave the horrors of the past behind. But just when they think they're safe, Art returns, determined to turn their holiday cheer into a new nightmare. The festive season quickly unravels as Art unleashes his twisted brand of terror, proving that no holiday is safe."
tt27931052,Pangolin: Kulu's Journey,2025,88.0,8.0,1546.0,https://www.imdb.com/title/tt27931052/,https://m.media-amazon.com/images/M/MV5BZDA3MTZiYzItNjI0ZC00OGE1LWE1NmQtZTdlYjI2ZWIxNzBhXkEyXkFqcGc@._V1_.jpg,Documentary,Documentary,Pippa Ehrlich,"Gareth Thomas, Raymond Jansen, Nicci Wright, Tlangelani Mkhatshwa, Caswell Munyai, Kulu","Gareth Thomas, Raymond Jansen, Nicci Wright, Tlangelani Mkhatshwa, Caswell Munyai, Kulu","A man discovers purpose helping rescue a trafficked baby pangolin in South Africa. He dedicates himself to rehabilitating the endangered animal for release into the wild, in this film from My Octopus Teacher's director."
tt27936770,Bhakshak,2024,134.0,7.0,7716.0,https://www.imdb.com/title/tt27936770/,https://m.media-amazon.com/images/M/MV5BNjJjODljMDMtZjFiMy00NTM4LThhMjctYWFjYzZkMmMzZTcyXkEyXkFqcGc@._V1_.jpg,Crime,"Crime, Drama",Pulkit,"Bhumi Satish Pednekkar, Sanjay Mishra, Aditya Srivastav, Sai Tamhankar, Surya Sharma, Chittaranjan Tripathy, Durgesh Kumar, Satyakam Anand","Bhumi Satish Pednekkar, Sanjay Mishra, Aditya Srivastav, Sai Tamhankar, Surya Sharma, Chittaranjan Tripathy, Durgesh Kumar, Satyakam Anand, Tanisha Malti Mehta, Vibha Chibber",Revolves around the journey of an unwavering woman's quest to seek justice and her perseverance in getting a heinous crime to light.
tt27986457,She Rides Shotgun,2025,120.0,7.0,15011.0,https://www.imdb.com/title/tt27986457/,https://m.media-amazon.com/images/M/MV5BMGY1NGU4ZDMtMTNiZS00ZDVlLTllNjQtNDViZTI3M2MxYTkxXkEyXkFqcGc@._V1_.jpg,Action,"Action, Drama, Thriller",Nick Rowland,"Ana Sophia Heger, Jamie Bernadette, Goldie Tom, Taron Egerton, Kiko Sanchez, Loren Anthony, Rob Yang, Odessa A'zion","Ana Sophia Heger, Jamie Bernadette, Goldie Tom, Taron Egerton, Kiko Sanchez, Loren Anthony, Rob Yang, Odessa A'zion, David Lyons, Travis Hammer","After years in prison, Nate (Egerton) has made some dangerous enemies, including the powerful criminal gang he worked for on the inside. Desperate for a fresh start, Nate cuts ties with his old crew on his release from prison, but the gang retaliates by putting a hit on his family. Nate picks up Polly, the shy 11-year-old daughter he hardly knows, and goes on the run to keep her out of harm's way. As they attempt to stay off the radar, it becomes clear that their enemies are relentless and won't give up easily. Nate teaches Polly how to survive and watches her transform from a timid little girl into a formidable force. In turn, Nate learns what loving unconditionally means as he bonds with his daughter and battles for their future."
tt27987046,"Jeon, Ran",2024,126.0,7.0,7501.0,https://www.imdb.com/title/tt27987046/,https://m.media-amazon.com/images/M/MV5BZDgyZjcxNzYtNGRkYi00NGEwLTgzNTgtZDBkODRjNWFiNGI2XkEyXkFqcGc@._V1_.jpg,Action,"Action, Drama, History, Thriller, War",Kim Sang-man,"Gang Dong-won, Park Jeong-min, Kim Shin-rock, Jin Seon-kyu, Jung Sung-il, Cha Seung-won, Choi Dae-hoon, Hwang Boreum-Byeol","Gang Dong-won, Park Jeong-min, Kim Shin-rock, Jin Seon-kyu, Jung Sung-il, Cha Seung-won, Choi Dae-hoon, Hwang Boreum-Byeol, Jeon Bae-soo, Namisi Govin Emma","Set in the Joseon era during a tumultuous time in the aftermath of war, take a journey through the lives of two childhood friends-turned-adversaries: Cheon Yeong, a slave with remarkable martial prowess; and Jong Ryeo, Cheon Yeng's master and scion of Joseon's most influential military family."
tt28026215,Guns Up,2025,92.0,6.0,6878.0,https://www.imdb.com/title/tt28026215/,https://m.media-amazon.com/images/M/MV5BMTIzODM0YzgtM2ZjZi00MjYzLWEyMGMtMjcyY2QwYTVhZmQ3XkEyXkFqcGc@._V1_.jpg,Action,"Action, Comedy",Edward Drake,"Kevin James, Christina Ricci, Luis Guzmán, Joey Diaz, Melissa Leo, Timothy V. Murphy, Solomon Hughes, Francis Cronin","Kevin James, Christina Ricci, Luis Guzmán, Joey Diaz, Melissa Leo, Timothy V. Murphy, Solomon Hughes, Francis Cronin, Maximilian Osinski, Miroslav Barnyashev","On the brink of leaving ""The Family,"" a mob henchman's final job goes off the rails. With the clock ticking, the ex-cop has one night to get his unsuspecting family out of the city before he gets snuffed out."
tt28073548,Love Is in the Air,2023,88.0,6.0,5230.0,https://www.imdb.com/title/tt28073548/,https://m.media-amazon.com/images/M/MV5BM2RkMGVmZWYtN2UwNS00NzhjLWE5ODktZmJmMWExNzU5MGZhXkEyXkFqcGc@._V1_.jpg,Comedy,"Comedy, Drama, Romance",Adrian Powers,"Delta Goodrem, Joshua Sasse, Roy Billing, Steph Tisdell, Simon Brook McLachlan, Daniela Pizzirani, Mia Grunwald, Craig Walker","Delta Goodrem, Joshua Sasse, Roy Billing, Steph Tisdell, Simon Brook McLachlan, Daniela Pizzirani, Mia Grunwald, Craig Walker, Dante Surace, Hugh Parker","Dana is a pilot for a small airline in Australia. The company was started by her mother and is now being carried on by Dana and her father. However, things are a bit rocky as Dana prefers to focus on the company's social mission rather than the more lucrative tourism industry. William works for his father in London. His father is a financier who has previously invested in Dana's airline. William is sent to Australia to liquidate the company but soon becomes involved in the operations and Dana's strong determination to continue her mother's legacy."
tt28075881,Do Patti,2024,126.0,6.0,70846.0,https://www.imdb.com/title/tt28075881/,https://m.media-amazon.com/images/M/MV5BZjRmMzA2MWYtZGEyMS00YjY4LWJiOTEtNjU1NWMyYTRjM2M3XkEyXkFqcGc@._V1_.jpg,Crime,"Crime, Drama, Mystery, Thriller",Shashanka Chaturvedi,"Kajol, Kriti Sanon, Shaheer Sheikh, Tanvi Azmi, Brijendra Kala, Prachee Shah, Vivek Mushran, Rohit Tiwari","Kajol, Kriti Sanon, Shaheer Sheikh, Tanvi Azmi, Brijendra Kala, Prachee Shah, Vivek Mushran, Rohit Tiwari, Chittaranjan Tripathy, Vriddhi Jain",Between two pretty twin sisters one is timid and introverted while the other is bubbly and daring. A handsome young businessman known to both girls decides to get married to the timid one but he has anger control issues and indulges in domestic violence. Soon the situation spirals into more serious developments.
tt28078628,Soul on Fire,2025,112.0,7.0,1862.0,https://www.imdb.com/title/tt28078628/,https://m.media-amazon.com/images/M/MV5BYTVlNDY1OWUtMjFmNy00MjA4LThiNWEtNzRjMGM2MGUzNjZmXkEyXkFqcGc@._V1_.jpg,Biography,"Biography, Drama",Sean McNamara,"Joel Courtney, William H. Macy, DeVon Franklin, John Corbett, James McCracken, Stephanie Szostak, Masey McLain, Stella Bratcher","Joel Courtney, William H. Macy, DeVon Franklin, John Corbett, James McCracken, Stephanie Szostak, Masey McLain, Stella Bratcher, Lucy Panozzo, Mikey Cestone","Directed by Sean McNamara (""Soul Surfer"", ""Reagan""), written by Gregory Poirier and based on O'Leary's bestselling memoir, ""On Fire"", this film is an emotional and faith-filled portrait of resilience as O'Leary not only battles to survive but ultimately discovers what it means to truly live. From frontline workers to family members and the support of the wider community, this film is a celebration of heroes."
tt28083456,Is This Thing On?,2025,121.0,7.0,19729.0,https://www.imdb.com/title/tt28083456/,https://m.media-amazon.com/images/M/MV5BZmY0N2YzMTItYmQyNi00MjdjLTk4NDYtOGU5NzhkM2RiMmEzXkEyXkFqcGc@._V1_.jpg,Comedy,"Comedy, Drama",Bradley Cooper,"Will Arnett, Laura Dern, Andra Day, Bradley Cooper, Blake Kane, Calvin Knegten, Scott Icenogle, Sean Hayes","Will Arnett, Laura Dern, Andra Day, Bradley Cooper, Blake Kane, Calvin Knegten, Scott Icenogle, Sean Hayes, Ciarán Hinds, Christine Ebersole","As their marriage unravels, Alex faces middle age and divorce, seeking new purpose in the New York comedy scene. Meanwhile, his wife Tess confronts sacrifices made for their family, forcing them to navigate co-parenting and identities."
tt28105944,A través de tu mirada,2024,105.0,6.0,7366.0,https://www.imdb.com/title/tt28105944/,https://m.media-amazon.com/images/M/MV5BOWNiNTAwOWItNjY4NC00MzY1LTk5NzEtYzE0Mzk2YWNhMjc2XkEyXkFqcGc@._V1_.jpg,Comedy,"Comedy, Drama, Romance",Marçal Forés,"Clara Galle, Julio Peña, Natalia Azahara, Hugo Arbues, Eric Masip, Andrea Chaparro, Emilia Lazo, Ivan Lapadula","Clara Galle, Julio Peña, Natalia Azahara, Hugo Arbues, Eric Masip, Andrea Chaparro, Emilia Lazo, Ivan Lapadula, Carla Tous, Rachel Lascar","After the events of the summer, Ares and Raquel can't find a way to carry on their relationship and decide to go their separate ways. When they see each other again in winter, the love and attraction they feel for each other is undeniable."
tt28182736,Puppy Love,2023,106.0,6.0,13928.0,https://www.imdb.com/title/tt28182736/,https://m.media-amazon.com/images/M/MV5BMTYwYjcyNjItNGUxZi00NmE2LWFhNDQtM2E0ODQ3NTE0YTY0XkEyXkFqcGc@._V1_.jpg,Comedy,"Comedy, Romance","Nick Fabiano, Richard Alan Reid","Lucy Hale, Grant Gustin, Nore Davis, Christine Lee, Alessandro Miro, Jane Seymour, Corey Woods, Michael Hitchcock","Lucy Hale, Grant Gustin, Nore Davis, Christine Lee, Alessandro Miro, Jane Seymour, Corey Woods, Michael Hitchcock, Sarah Peguero, Ali Karr","After a disastrous first date, Nicole and Max vow to lose each other's numbers until their dogs find a love match. Hilariously mismatched Nicole and Max are forced to become responsible co-parents, but end up finding love themselves."
tt28239363,Duplicity,2025,109.0,5.0,3225.0,https://www.imdb.com/title/tt28239363/,https://m.media-amazon.com/images/M/MV5BZGEzNjdlYzYtMzNjMC00Yjg1LTgzMmItN2Y5NGM1NmYxYjBiXkEyXkFqcGc@._V1_.jpg,Drama,"Drama, Mystery",Tyler Perry,"Kat Graham, Meagan Tandy, Tyler Lepley, RonReaco Lee, Joshua Adeyeye, Nick Barrotta, Jimi Stanton, Shannon LaNier","Kat Graham, Meagan Tandy, Tyler Lepley, RonReaco Lee, Joshua Adeyeye, Nick Barrotta, Jimi Stanton, Shannon LaNier, Kim Steele, Betty Mitchell",High-powered attorney Marley faces her most personal case yet when she is tasked with uncovering the truth behind the shooting of her best friend Fela's husband. With the help of her boyfriend - a former cop turned private investigator - Marley's search for what really happened leads her down a treacherous maze of deception and betrayal.
tt28248897,Divorce in the Black,2024,122.0,5.0,4072.0,https://www.imdb.com/title/tt28248897/,https://m.media-amazon.com/images/M/MV5BNmQwZjI1NTctYmMwNS00YWQ2LWIyZmUtZGRkNTNmNzRjY2ZkXkEyXkFqcGc@._V1_.jpg,Drama,"Drama, Thriller",Tyler Perry,"Meagan Good, Cory Hardrict, Joseph Lee Anderson, Taylor Polidore Williams, Shannon Wallace, Richard Lawson, Debbi Morgan, Mark Elliott Brewer","Meagan Good, Cory Hardrict, Joseph Lee Anderson, Taylor Polidore Williams, Shannon Wallace, Richard Lawson, Debbi Morgan, Mark Elliott Brewer, Sarah Girma, Adam Jerome Sperandio",Ava's husband Dallas leaves her heartbroken as he abandons their marriage.
tt28301898,Spieleabend,2024,92.0,5.0,6290.0,https://www.imdb.com/title/tt28301898/,https://m.media-amazon.com/images/M/MV5BNTMyMzNhOTQtMmRkNi00NTFmLWE2YzktMjZiNzRhNjQ1NTlkXkEyXkFqcGc@._V1_.jpg,Comedy,"Comedy, Romance, Thriller",Marco Petry,"Dennis Mojen, Janina Uhse, Anna Maria Mühe, Axel Stein, Stephan Luca, Edin Hasanovic, Taneshia Abt, Maximilian Meyer-Bretschneider","Dennis Mojen, Janina Uhse, Anna Maria Mühe, Axel Stein, Stephan Luca, Edin Hasanovic, Taneshia Abt, Maximilian Meyer-Bretschneider, Bernd Hölscher, Alfonsina Bencosme","A young man meets his new girlfriend's friends for the first time at their regular game night, putting him under pressure to make a good impression. But then suddenly, her ex shows up as well."
tt28309594,Nonnas,2025,111.0,7.0,49277.0,https://www.imdb.com/title/tt28309594/,https://m.media-amazon.com/images/M/MV5BODM0M2M4YWQtMzhlNy00NjdkLWFkODktOGNlNTc4OTFiZjZmXkEyXkFqcGc@._V1_.jpg,Comedy,"Comedy, Drama, Family",Stephen Chbosky,"Theodore Helm, Jimmy Smagula, Jamie Eddy, Adam Ferrara, Jack Casey, Kate Eastman, Vince Vaughn, Lorraine Bracco","Theodore Helm, Jimmy Smagula, Jamie Eddy, Adam Ferrara, Jack Casey, Kate Eastman, Vince Vaughn, Lorraine Bracco, Brenda Vaccaro, Talia Shire","After losing his beloved mother, a man risks everything to honor her by opening an Italian restaurant with actual grandmothers as the chefs."
tt28349451,The Shadow Strays,2024,144.0,7.0,11516.0,https://www.imdb.com/title/tt28349451/,https://m.media-amazon.com/images/M/MV5BODdmZTc0MzktN2IwNy00NWJiLTlmZWEtZjVjNGY1ODEzNjk5XkEyXkFqcGc@._V1_.jpg,Action,"Action, Crime, Thriller",Timo Tjahjanto,"Aurora Ribero, Hana Malasan, Taskya Namya, Agra Piliang, Andri Mashadi, Kristo Immanuel, Adipati Dolken, Ali Fikry","Aurora Ribero, Hana Malasan, Taskya Namya, Agra Piliang, Andri Mashadi, Kristo Immanuel, Adipati Dolken, Ali Fikry, Arswendy Bening Swara, Kin Wah Chew","Codename 13, a 17-year-old trained assassin is under suspension because of a sloppy mission in Japan. The girl built a conscience when she met Monji, an 11 year old boy who lost his mother to a crime syndicate. When Monji is captured, 13 is hellbent on setting a path of destruction to rescue the boy, including going against her mentor and the organization who hires her, the Shadow."
tt28355490,Romantik Hirsiz,2024,99.0,5.0,2722.0,https://www.imdb.com/title/tt28355490/,https://m.media-amazon.com/images/M/MV5BNWM3YTQwMzMtNDhiYy00NTZiLTgxNjEtYTBkMmUxMDcwYzA1XkEyXkFqcGc@._V1_.jpg,Drama,"Drama, Romance",Recai Karagöz,"Birkan Sokullu, Esra Bilgiç, Firat Tanis, Ushan Çakir, Osman Alkas, Nil Keser, Hakan Ummak, Macit Tastan","Birkan Sokullu, Esra Bilgiç, Firat Tanis, Ushan Çakir, Osman Alkas, Nil Keser, Hakan Ummak, Macit Tastan, Mükremin Kaan Akkoç, Çigdem Çintuglu","After learning that the art thief she has been chasing is her ex-lover, an officer working for Interpol concocts a plan to catch him red-handed."
tt28448182,Mountain Queen: The Summits of Lhakpa Sherpa,2023,105.0,8.0,2706.0,https://www.imdb.com/title/tt28448182/,https://m.media-amazon.com/images/M/MV5BZWY0MTgyYjktMmQ1Ny00NzZkLWFlMTAtNmNiYjEwMGI1ZmU1XkEyXkFqcGc@._V1_.jpg,Documentary,"Documentary, Adventure",Lucy Walker,"Lhakpa Sherpa, Shiny Dijmarescu, Sunny Dijmarescu, Nima Sherpa","Lhakpa Sherpa, Shiny Dijmarescu, Sunny Dijmarescu, Nima Sherpa","A Young Nepalese woman of great Innate strength of character and Intelligence ,bucks the male dominated Mt. Everest Sherpa Industry with her indominitable spirit and force of Will. Uneducated and unmarried she refuses to allow the traditional ""housewife culture"" shame her with their ostracism. Instead she is the second Nepalese Woman to Summit Everest and continues summiting despite her violent Romanian husband's abuse. Never giving up , she continues breaking Everest World Records and inspires us all with her kind, loving and compassionate nature."
tt28477867,LEGO Marvel Avengers: Code Red,2023,46.0,6.0,1403.0,https://www.imdb.com/title/tt28477867/,https://m.media-amazon.com/images/M/MV5BNWI2NWRjYzAtMGI4OS00NzgzLTk2MWEtNGI1ODI0ZWYzNjJjXkEyXkFqcGc@._V1_.jpg,Animation,"Animation, Action, Adventure, Comedy, Family, Sci-Fi",Ken Cunningham,"Laura Bailey, Haley Joel Osment, Will Friedle, James Mathis III, Liam O'Brien, Laura Post, Bumper Robinson, Roger Craig Smith","Laura Bailey, Haley Joel Osment, Will Friedle, James Mathis III, Liam O'Brien, Laura Post, Bumper Robinson, Roger Craig Smith, Steve Blum, Trevor Devall",The Avengers meet a dangerous new foe quite unlike anything they've ever encountered before.
tt28491891,His Three Daughters,2023,101.0,7.0,22321.0,https://www.imdb.com/title/tt28491891/,https://m.media-amazon.com/images/M/MV5BYzFhY2ZlYjctYjk1ZS00YTNiLWI0ZDktOGE3Y2YxZWQ5ZGQ4XkEyXkFqcGc@._V1_.jpg,Drama,Drama,Azazel Jacobs,"Carrie Coon, Natasha Lyonne, Elizabeth Olsen, Rudy Galvan, Jose Febus, Randy Ramos Jr., Jovan Adepo, Jasmine Bracey","Carrie Coon, Natasha Lyonne, Elizabeth Olsen, Rudy Galvan, Jose Febus, Randy Ramos Jr., Jovan Adepo, Jasmine Bracey, Jay O. Sanders","From writer-director Azazel Jacobs (French Exit, The Lovers) comes this bittersweet and often funny story of an elderly patriarch and the three grown daughters who come to be with him in his final days. Katie is a controlling Brooklyn mother dealing with a wayward teenage daughter; free-spirited Christina (Elizabeth Olsen) is a different kind of mom, separated from her offspring for the first time; and Rachel (Natasha Lyonne) is a sports-betting stoner who has never left her father's apartment - much to the chagrin of her step-sisters, who share a different worldview. Continuing his astute exploration of family dynamics in close-knit spaces, Jacobs follows the siblings over the course of three volatile days, as death looms, grievances erupt, and love seeps through the cracks of a fractured home."
tt28494829,Mudosilmugwan,2024,108.0,7.0,11002.0,https://www.imdb.com/title/tt28494829/,https://m.media-amazon.com/images/M/MV5BNWRkMTAzOGYtOTE4Ny00Yzg3LWExYzAtNDVhNjJjYmIwMTRkXkEyXkFqcGc@._V1_.jpg,Action,"Action, Comedy, Crime, Drama",Kim Joo-hwan,"Kim Woo-bin, Kim Sung Kyun, Kim Yool-ho, Lee Hae-young, Son Sang-yeon, Lee Joong-ok, Kim Ji-young, Park Ji-Yeol","Kim Woo-bin, Kim Sung Kyun, Kim Yool-ho, Lee Hae-young, Son Sang-yeon, Lee Joong-ok, Kim Ji-young, Park Ji-Yeol, Kang Hyoung-suk, Cha Wang Hyeon",A talented martial artist who can't walk past a person in need unites with a probation officer to fight and prevent crime as a martial arts officer.
tt28497675,Maníaco do Parque,2024,103.0,5.0,1844.0,https://www.imdb.com/title/tt28497675/,https://m.media-amazon.com/images/M/MV5BMzc5ODZmZTItYjI0NS00OTRjLTgyOTUtMzhiOGVhNWY1OWM0XkEyXkFqcGc@._V1_.jpg,Crime,"Crime, Drama",Mauricio Eça,"Silvero Pereira, Giovanna Grigio, Mariana Amâncio, Marco Antonio Barreto, Gilberto Barros, Arianne Botelho, Bruna Carvalho, Nathália Falcão","Silvero Pereira, Giovanna Grigio, Mariana Amâncio, Marco Antonio Barreto, Gilberto Barros, Arianne Botelho, Bruna Carvalho, Nathália Falcão, Ingrid Gaigher, Leonardo Garcez","The Park Maniac dives into the story of one of Brazil's most notorious serial killer, the motorcycle courier Francisco, who was accused of attacking twenty-three women, murdering ten of them, and hiding their bodies in a park in São Paulo in the 1990s. Elena, a young reporter, investigates the crimes as a means to boost her career. While Francisco continues to live freely, skating through parks and attacking women, his fame in the sensationalist media grows dramatically, causing fear and terror across the country."
tt28510079,Culpa tuya,2024,118.0,5.0,20534.0,https://www.imdb.com/title/tt28510079/,https://m.media-amazon.com/images/M/MV5BYTE0NDkwM2YtZmYwMS00NTRmLWI3YWYtMzY5Njc5NDk4YWFlXkEyXkFqcGc@._V1_.jpg,Drama,"Drama, Romance",Domingo González,"Nicole Wallace, Gabriel Guevara, Marta Hazas, Iván Sánchez, Eva Ruiz, Víctor Varona, Gabriela Andrada, Álex Béjar","Nicole Wallace, Gabriel Guevara, Marta Hazas, Iván Sánchez, Eva Ruiz, Víctor Varona, Gabriela Andrada, Álex Béjar, Goya Toledo, Javier Morgade","Despite their parents' efforts to separate them, Noah and Nick's love seems unbreakable. However, work and college open their lives to new relationships."
tt28552695,Isabella: O Caso Nardoni,2023,104.0,6.0,1958.0,https://www.imdb.com/title/tt28552695/,https://m.media-amazon.com/images/M/MV5BMWRiNjUzYWYtYTllYi00ZGFkLWIyY2ItNjk0ODk5ODAzZjM2XkEyXkFqcGc@._V1_.jpg,Documentary,"Documentary, Crime","Cláudio Manoel, Micael Langer","Alexandre Nardoni, Anna Carolina Jatobá, Francisco Cembranelli, Hebe Camargo, Ilana Casoy, José Luiz Datena, Márcio Campos, Marcos Carneiro","Alexandre Nardoni, Anna Carolina Jatobá, Francisco Cembranelli, Hebe Camargo, Ilana Casoy, José Luiz Datena, Márcio Campos, Marcos Carneiro, Maria Lydia Flandoli, Rodrigo Hidalgo","When a 5-year-old girl falls from her father's apartment, her mother embarks on a quest for justice - and is put under the national spotlight."
tt28567745,Sen Büyümeye Bak,2024,99.0,5.0,1208.0,https://www.imdb.com/title/tt28567745/,https://m.media-amazon.com/images/M/MV5BODY3ZWMwMDQtZDBkNS00M2NhLWExNmQtMDg3YjdjOTM1YmNlXkEyXkFqcGc@._V1_.jpg,Comedy,"Comedy, Drama, Romance",Ketche,"Kaan Urgancioglu, Melisa Pamuk, Mert Ege Ak, Ezgi Senler, Çagdas Onur Öztürk, Perihan Savaş, Asaf Baydar, Milane Eren","Kaan Urgancioglu, Melisa Pamuk, Mert Ege Ak, Ezgi Senler, Çagdas Onur Öztürk, Perihan Savaş, Asaf Baydar, Milane Eren, Altay Hacioglu, Alper Baytekin","A newly reunited father and son grapple with new beginnings after tragedy, but can they manage to fill the void left by a beloved wife and mother?"
tt28657879,Los dos hemisferios de Lucca,2025,96.0,7.0,1886.0,https://www.imdb.com/title/tt28657879/,https://m.media-amazon.com/images/M/MV5BMGEyMmY0YmMtOThlNy00MDljLWJlMzktMDE4YzllZDUwMmZjXkEyXkFqcGc@._V1_.jpg,Drama,Drama,Mariana Chenillo,"Ari Brickman, Bárbara Mori, Bill Rogers, Danish Husain, Guillermo Quintanilla, Hernán Mendoza, Joe Hernandez, Juan Pablo Medina","Ari Brickman, Bárbara Mori, Bill Rogers, Danish Husain, Guillermo Quintanilla, Hernán Mendoza, Joe Hernandez, Juan Pablo Medina, Julián Tello, Sean Burgos","A middle-class couple in Mexico is extremely worried because their young son has cerebral palsy for which there is no cure in that country. On learning that effective medical treatment is available in India, they decide to make a visit there and get their son treated. Since they are foreigners in India they face a few bureaucratic hurdles and personal difficulties. They however remain strong willed and determined in their mission to cure their son."
tt28664733,I byeole pilyohan,2025,96.0,7.0,6381.0,https://www.imdb.com/title/tt28664733/,https://m.media-amazon.com/images/M/MV5BNGY3OWYxMzAtNzllNC00MGU0LThhNDUtMjU1MjNhMWIxYjg1XkEyXkFqcGc@._V1_.jpg,Animation,"Animation, Comedy, Drama, Romance, Sci-Fi",Han Ji-won,"Kim Tae-ri, Hong Kyung, Sharon Kwon, Kang Goo-Han, Ahn Young-mi, Jang Mi, Yoon A-Young, Choi Han","Kim Tae-ri, Hong Kyung, Sharon Kwon, Kang Goo-Han, Ahn Young-mi, Jang Mi, Yoon A-Young, Choi Han, David J Robbins, Lee Myung Hee","Nan-young, whose astronaut mom failed to return to Earth when things went awry during her Mars probe. Nan-young has always dreamed of exploring space too and longs to go to Mars in hopes of finding a trace of her mom. Her dream comes true when she is selected as one of the astronauts for a Mars probe project. Before she blasts off though, she meets Jay, a musician who also fixes retro sound instruments."
tt28690443,Sei nell'anima,2024,112.0,6.0,1193.0,https://www.imdb.com/title/tt28690443/,https://m.media-amazon.com/images/M/MV5BM2ZiMmYyNWItZjQwZS00NGNmLThjOWEtZTFmOTMzYzAxNjUzXkEyXkFqcGc@._V1_.jpg,Biography,"Biography, Drama, Music",Cinzia TH Torrini,"Alessandro Cucca, Andrea Delogu, Danylo Kotov, Emanuele Luigi Cuomo, Maurizio Lombardi, Max Lisa, Noemi Brando, Ralph Palka","Alessandro Cucca, Andrea Delogu, Danylo Kotov, Emanuele Luigi Cuomo, Maurizio Lombardi, Max Lisa, Noemi Brando, Ralph Palka, Robi Arquette, Selene Caramazza","A fragment of the life of one of the most incisive and renowned voices of our music, a thirty years old story starting from childhood and the roots of her life and career, up to her consecration, passing through a turning point that cuts Gianna's life into two parts, so much so that it is considered her true birth: the year 1983."
tt28756876,Einstein and the Bomb,2024,76.0,6.0,4587.0,https://www.imdb.com/title/tt28756876/,https://m.media-amazon.com/images/M/MV5BODc2MDhlZDctZTNlZS00NTAyLTg4MDUtMmFkZTg2YjQzMjg4XkEyXkFqcGc@._V1_.jpg,Documentary,"Documentary, Biography, History",Anthony Philipson,"Aidan McArdle, Andrew Havill, Rachel Barry, Helena Westerman, Leo Ashizawa, Jay Lewis Mitchell, Simon Markey, James Musgrave","Aidan McArdle, Andrew Havill, Rachel Barry, Helena Westerman, Leo Ashizawa, Jay Lewis Mitchell, Simon Markey, James Musgrave, Simon Haines, Toby Longworth","What happened after Einstein fled Nazi Germany? Using archival footage and his own words, this docudrama dives into the mind of a tortured genius."
tt28769440,Descansar en paz,2024,105.0,6.0,2588.0,https://www.imdb.com/title/tt28769440/,https://m.media-amazon.com/images/M/MV5BODcwNzNjZmEtODA3Zi00OWYxLTgwMDAtNWJmMDRkZTBiMzY2XkEyXkFqcGc@._V1_.jpg,Drama,"Drama, Thriller",Sebastián Borensztein,"Joaquín Furriel, Griselda Siciliani, Gabriel Goity, Lali Gonzalez, Alberto de Carabassa, Liz Burnette, Luciano Borges, Raul Daumas","Joaquín Furriel, Griselda Siciliani, Gabriel Goity, Lali Gonzalez, Alberto de Carabassa, Liz Burnette, Luciano Borges, Raul Daumas, Verónica Calvo, Víctor Dana","A family man, cornered by debt, decides to take advantage of a coincidence and an unpredictable circumstance to disappear. After many years of living away from his country under a false identity, a chance discovery provides the irresistible temptation of wanting to know how the people of his town have moved on in his absence. The question becomes an obsession: Can an entire life disappear and be forgotten? Can you start from scratch and never look back?"
tt28784834,Il corpo,2024,116.0,6.0,1246.0,https://www.imdb.com/title/tt28784834/,https://m.media-amazon.com/images/M/MV5BMjNlNWM4ZWEtN2RmNC00MzA1LTg2NmItMWJmYmU0MTkxNGI1XkEyXkFqcGc@._V1_.jpg,Thriller,Thriller,Vincenzo Alfieri,"Amanda Campana, Anastassia Bianchi, Andrea Di Luigi, Andrea Sartoretti, Claudia Gerini, Daniela Glasgow, Francesca Vettori, Giuseppe Battiston","Amanda Campana, Anastassia Bianchi, Andrea Di Luigi, Andrea Sartoretti, Claudia Gerini, Daniela Glasgow, Francesca Vettori, Giuseppe Battiston, Martinus Tocchi, Rebecca Sisti","A night watchman escapes from the morgue where he works and is run over. The inspector called to investigate discovers that the body of a recently deceased woman is missing. Questioning the widower, he begins to suspect him."
tt28793125,Den svenska länken,2026,102.0,7.0,5368.0,https://www.imdb.com/title/tt28793125/,https://m.media-amazon.com/images/M/MV5BNjc1NjBjOTQtNzQwNy00OWEwLTk0ZDEtMWQ1YTM3NzE4OTQ1XkEyXkFqcGc@._V1_.jpg,Biography,"Biography, Drama, History, War","Marcus Olsson, Thérèse Ahlbeck","Henrik Dorsin, Sissela Benn, Jonas Karlsson, Marianne Mörck, Jonas Malmsjö, Carl Jacobsson, Johan Glans, Oscar Töringe","Henrik Dorsin, Sissela Benn, Jonas Karlsson, Marianne Mörck, Jonas Malmsjö, Carl Jacobsson, Johan Glans, Oscar Töringe, Olle Jansson, Richard Ulfsäter","Swedish Foreign Ministry bureaucrat Gösta Engzell, overlooked during WWII, rescued thousands Jews while turning supposedly neutral Sweden into a moral force. His efforts challenged the status quo and left a lasting humanitarian legacy."
tt28810493,The Devil on Trial,2023,81.0,6.0,5095.0,https://www.imdb.com/title/tt28810493/,https://m.media-amazon.com/images/M/MV5BY2NjNTBjOWUtYzQyMS00YmU3LThlMTUtYTY3ZWRjYWY0ZGIzXkEyXkFqcGc@._V1_.jpg,Documentary,"Documentary, Crime, Horror",Chris Holt,"David Glatzel, Alan Glatzel, Carl Glatzel Jr., Arne Cheyenne Johnson, Chris McKinnell, Maximos McIntyre, Glenn Cooper, Martin Minnella","David Glatzel, Alan Glatzel, Carl Glatzel Jr., Arne Cheyenne Johnson, Chris McKinnell, Maximos McIntyre, Glenn Cooper, Martin Minnella, Mike Allen, Debbie Glatzel","The first and only time ""demonic possession"" has officially been used as a defense in a U.S. murder trial. Including firsthand accounts of alleged devil possession and a shocking murder, this extraordinary story forces reflection on our fear of the unknown."
tt28943278,Heart of the Hunter,2024,105.0,5.0,2394.0,https://www.imdb.com/title/tt28943278/,https://m.media-amazon.com/images/M/MV5BZjhiMWM3NjEtNzkxNy00NTNjLWEyNzQtYjdiZTFkODczNWYxXkEyXkFqcGc@._V1_.jpg,Action,"Action, Thriller",Mandla Dube,"Bonko Khoza, Connie Ferguson, Masasa Mbangeni, Tim Theron, Peter Butler, Nicole Fortuin, Sisanda Henna, Milan Murray","Bonko Khoza, Connie Ferguson, Masasa Mbangeni, Tim Theron, Peter Butler, Nicole Fortuin, Sisanda Henna, Milan Murray, Deon Coetzee, Boleng Mogotsi",A retired assassin is pulled back into action when his friend uncovers a dangerous conspiracy at the heart of the South African government.
tt29114029,Fabbricante di lacrime,2024,103.0,5.0,15616.0,https://www.imdb.com/title/tt29114029/,https://m.media-amazon.com/images/M/MV5BMDAxYzI3ZWYtYzgyOC00OGViLWE5MDItNGM2OTk4ZmZlNTk3XkEyXkFqcGc@._V1_.jpg,Drama,"Drama, Fantasy, Romance",Alessandro Genovesi,"Simone Baldasseroni, Caterina Ferioli, Sabrina Paravicini, Alessandro Bedetti, Roberta Rovelli, Orlando Cinque, Eco Andriolo, Nicky Passarella","Simone Baldasseroni, Caterina Ferioli, Sabrina Paravicini, Alessandro Bedetti, Roberta Rovelli, Orlando Cinque, Eco Andriolo, Nicky Passarella, Sveva Romana Candelletta, Laura Baldi","Within the walls of the Grave, the orphanage where Nica grew up, a legend has always been told: that of the maker of tears, a mysterious craftsman, guilty of crafting all the fears and anxieties that inhabit the hearts of men. But at seventeen years old, the time has come for Nica to leave fairy tales behind. Her biggest dream is about to come true. Mr and Mrs Milligan have started the adoption process and are ready to give her the family she has always wanted. In her new home, however, Nica is not alone. Along with her, Rigel, a restless and mysterious orphan, the last person in the world Nica would want as an adoptive brother, is also taken from the Grave. Rigel is intelligent, smart, plays the piano like an enchanting demon and has a beauty that can enchant, but his angelic appearance conceals a dark nature. Even though Nica and Rigel are united by a common past of pain and hardship, living together seems impossible, but kindness and anger are two different ways of fighting pain to stay alive and to conceal the emotions that devastate their hearts, becoming for each other that tears-maker of legend. To the maker of tears you cannot lie: and they will have to find the courage to accept that desperate force that attract them towards each other called love."
tt29195603,Loups-Garous,2024,94.0,6.0,11642.0,https://www.imdb.com/title/tt29195603/,https://m.media-amazon.com/images/M/MV5BNjBjODdjMjAtYmY3Mi00ODdkLTlkODctMzFiNWIxOWRjMzc3XkEyXkFqcGc@._V1_.jpg,Adventure,"Adventure, Comedy, Fantasy",François Uzan,"Franck Dubosc, Jean Reno, Suzanne Clément, Lisa Do Couto Teixeira, Raphael Romand, Alizée Caugnies, Grégory Fitoussi, Jonathan Lambert","Franck Dubosc, Jean Reno, Suzanne Clément, Lisa Do Couto Teixeira, Raphael Romand, Alizée Caugnies, Grégory Fitoussi, Jonathan Lambert, Bruno Gouery, Victoire Dauxerre","When night falls, and the players have their eyes closed, werewolves make victims among the villagers."
tt29242846,Il treno dei bambini,2024,106.0,7.0,10423.0,https://www.imdb.com/title/tt29242846/,https://m.media-amazon.com/images/M/MV5BOTBiZTY0NDctOWUyMy00ZGYzLWI2ZGUtNjQwMzI0ZWU5ZmQ3XkEyXkFqcGc@._V1_.jpg,Drama,"Drama, History",Cristina Comencini,"Barbara Ronchi, Serena Rossi, Stefano Accorsi, Christian Cervone, Francesco Di Leva, Antonia Truppo, Monica Nappo, Dora Romano","Barbara Ronchi, Serena Rossi, Stefano Accorsi, Christian Cervone, Francesco Di Leva, Antonia Truppo, Monica Nappo, Dora Romano, Beatrice Schiros, Ivan Zerbinati","1946. Amerigo is seven years old and has never left Naples and his mother Antonietta. His world, made up of streets and poverty, however, is about to change. On board one of the ""trains of happiness"" he will spend the winter in the north, where a young woman, Derna, will welcome him and take care of him. Next to her Amerigo acquires an awareness that leads him to a painful choice that will change her life forever. It will take him many years to discover the truth: those who love you don't hold you back, but they let you go."
tt29247040,Baramulla,2025,120.0,7.0,12911.0,https://www.imdb.com/title/tt29247040/,https://m.media-amazon.com/images/M/MV5BYmU5OGFiN2QtZDBiZC00MjdiLTg5ZmMtNWI2Yjg2NGU0MzhjXkEyXkFqcGc@._V1_.jpg,Crime,"Crime, Horror, Mystery, Thriller",Aditya Suhas Jambhale,"Manav Kaul, Bhasha Sumbli, Arista Mehta, Ashwini Koul, Mir Sarwar, Vikas Shukla, Aquib, Dafiq","Manav Kaul, Bhasha Sumbli, Arista Mehta, Ashwini Koul, Mir Sarwar, Vikas Shukla, Aquib, Dafiq, Inthikav Alam, Shradda Bhatt",A police officer investigating missing children cases discovers disturbing truths while supernatural occurrences threaten his family and Baramulla's tranquility.
tt29260436,GTMax,2024,100.0,5.0,1520.0,https://www.imdb.com/title/tt29260436/,https://m.media-amazon.com/images/M/MV5BZDk1ODA0ZmQtNmM4YS00Mzc1LWJmMDItYmU3ZGE0M2FjMGY0XkEyXkFqcGc@._V1_.jpg,Action,"Action, Crime, Drama",Olivier Schneider,"Ava Baya, Jalil Lespert, Jérémie Laheurte, Thibaut Evrard, Riadh Belaïche, Gérard Lanvin, Samir Decazza, Clémentine Célarié","Ava Baya, Jalil Lespert, Jérémie Laheurte, Thibaut Evrard, Riadh Belaïche, Gérard Lanvin, Samir Decazza, Clémentine Célarié, Céline Jorrion, Rayan Bouazza","Soélie, a young motocross prodigy, sees her dreams of success shattered by an accident. She now devotes herself to training her brother, Michael. When he is recruited by TMAX scooter racers for a high-profile heist in Paris, Soélie must overcome her fears to save him."
tt29268110,Smile 2,2024,127.0,7.0,152998.0,https://www.imdb.com/title/tt29268110/,https://m.media-amazon.com/images/M/MV5BYTg5OTMyMGMtYzMwNC00NDMyLWE0OGUtMTQ1ODcwM2FjOTM4XkEyXkFqcGc@._V1_.jpg,Horror,"Horror, Mystery, Thriller",Parker Finn,"Naomi Scott, Rosemarie DeWitt, Lukas Gage, Miles Gutierrez-Riley, Peter Jacobson, Ray Nicholson, Dylan Gelula, Raúl Castillo","Naomi Scott, Rosemarie DeWitt, Lukas Gage, Miles Gutierrez-Riley, Peter Jacobson, Ray Nicholson, Dylan Gelula, Raúl Castillo, Kyle Gallner, Drew Barrymore","About to embark on a new world tour, global pop sensation Skye Riley (Naomi Scott) begins experiencing increasingly terrifying and inexplicable events. Overwhelmed by the escalating horrors and the pressures of fame, Skye is forced to face her dark past to regain control of her life before it spirals out of control."
tt29288566,Nice Girls,2024,92.0,4.0,1432.0,https://www.imdb.com/title/tt29288566/,https://m.media-amazon.com/images/M/MV5BMjRjODJlNzMtMDE3MS00NzNmLWI0OTQtMWE1NTNhNzkyYTFjXkEyXkFqcGc@._V1_.jpg,Action,"Action, Comedy, Crime",Noémie Saglio,"Alice Taglioni, Stéfi Celma, Baptiste Lecaplain, Noémie Lvovsky, Lucien Jean-Baptiste, Katrina Durden, Virgile Bramly, Delphine Baril","Alice Taglioni, Stéfi Celma, Baptiste Lecaplain, Noémie Lvovsky, Lucien Jean-Baptiste, Katrina Durden, Virgile Bramly, Delphine Baril, Franz Lang, Antoine Duléry","The intrepid Léo, self-proclaimed ""best cop on the Riviera"", learns that her colleague and brother Ludo has been killed in Hamburg. While she wants to discover the truth, she is forced by her superior to let a German supercop do it. There is no question of letting a ""shame in a suit"" investigate, especially when she discovers that it is, in fact, attractive and highly-trained Mélanie. Forced to team up, these two women with characters as explosive as they are opposite have no idea that Nice is facing an imminent threat and that they share an unimagined link."
tt29361963,Rebuilding,2025,96.0,7.0,2780.0,https://www.imdb.com/title/tt29361963/,https://m.media-amazon.com/images/M/MV5BMWQ4MmIxNmUtNjBjNC00MGIzLThjODUtZDFmOWI3NDgzYmM4XkEyXkFqcGc@._V1_.jpg,Drama,Drama,Max Walker-Silverman,"Josh O'Connor, Eli Malouff, Meghann Fahy, Amy Madigan, Lily LaTorre, Kali Reis, Zeilyanna Martinez, Taresa Ott Beiriger","Josh O'Connor, Eli Malouff, Meghann Fahy, Amy Madigan, Lily LaTorre, Kali Reis, Zeilyanna Martinez, Taresa Ott Beiriger, Dwight Mondragon, David Bright","After losing the old family ranch to a wildfire, a cowboy, Dusty, winds up in a small FEMA camp in the vast American West. The last of a long line of ranchers, he's stranded between the legacy of his land and the changes to it. But he begins to reconnect with his young daughter, Callie Rose, and his ex wife, Ruby, and ultimately the neighborhood around him that he never chose-a world of people who all lost their houses like he did. Together they find an unlikely community-and maybe even hope, beauty, and a future in this wild place."
tt29368988,Campamento con mamá,2024,95.0,6.0,1025.0,https://www.imdb.com/title/tt29368988/,https://m.media-amazon.com/images/M/MV5BZDRiNjc0MDItMzIwMy00MzkzLWJkNWUtM2VkYTFlYjIzYTM5XkEyXkFqcGc@._V1_.jpg,Comedy,Comedy,Martino Zaidelis,"Natalia Oreiro, Milo Lis, Pablo Rago, Dalia Gutmann, Sofía Morandi, Sebastián Arzeno, Paula Baldini, Mora Starosta","Natalia Oreiro, Milo Lis, Pablo Rago, Dalia Gutmann, Sofía Morandi, Sebastián Arzeno, Paula Baldini, Mora Starosta, Zoe Kunischi Segovia, Manuel Kaplan","Patri is an overbearing mother who struggles to connect with her teen son, who is determined to move in with his father. In an attempt to prove that she's cool--and to keep him under her roof--she offers to take him and his friends on a camping road trip, striving nonstop for his affection all the way."
tt29383300,Ett ärligt liv,2025,122.0,6.0,1750.0,https://www.imdb.com/title/tt29383300/,https://m.media-amazon.com/images/M/MV5BNmVkM2NhMTEtZGY3NC00NTU0LTllODQtMDQyOGZiYjk1NzE3XkEyXkFqcGc@._V1_.jpg,Drama,"Drama, Mystery, Thriller",Mikael Marcimain,"Simon Lööf, Nora Rios, Peter Andersson, Nathalie Merchant, Willy Ramnek Petri, Arvid von Heland, Christoffer Rigeblad, Fabian Hedlund","Simon Lööf, Nora Rios, Peter Andersson, Nathalie Merchant, Willy Ramnek Petri, Arvid von Heland, Christoffer Rigeblad, Fabian Hedlund, Lucas Grimstedt, Alice Andersson","Simon arrives in Lund full of anticipation and ready for his life to really begin; but is quickly disappointed by law school. During a violent protest march he meets the anarchistic young woman Max and falls in love. She dazzles him with a world of excess, lies and huge risks and when he realizes the damage that's done, it's already too late to escape."
tt29439114,The Room Next Door,2024,107.0,7.0,29076.0,https://www.imdb.com/title/tt29439114/,https://m.media-amazon.com/images/M/MV5BYzk2MjI1YTgtOTcxYS00OTUyLTgyOTAtMGE0OGYyMjc0MTc3XkEyXkFqcGc@._V1_.jpg,Drama,Drama,Pedro Almodóvar,"Julianne Moore, Tilda Swinton, John Turturro, Alessandro Nivola, Juan Diego Botto, Raúl Arévalo, Victoria Luengo, Alex Høgh Andersen","Julianne Moore, Tilda Swinton, John Turturro, Alessandro Nivola, Juan Diego Botto, Raúl Arévalo, Victoria Luengo, Alex Høgh Andersen, Esther McGregor, Alvise Rigo","Ingrid (Julianne Moore) and Martha (Tilda Swinton) were close friends in their youth, when they worked together at the same magazine. Ingrid went on to become an autofiction novelist while Martha became a war reporter, and they were separated by the circumstances of life. After years of being out of touch, they meet again in an extreme but strangely sweet situation."
tt29471733,Picture This,2025,101.0,5.0,6866.0,https://www.imdb.com/title/tt29471733/,https://m.media-amazon.com/images/M/MV5BM2YxZDIyMWEtNzgzNS00Nzk1LTg2ZjUtNGRjYTJlMThmYjY0XkEyXkFqcGc@._V1_.jpg,Comedy,"Comedy, Romance",Prarthana Mohan,"Simone Ashley, Hero Fiennes Tiffin, Sindhu Vee, Luke Fetherston, Nikesh Patel, Adil Ray, Anoushka Chadha, Eben Figueiredo","Simone Ashley, Hero Fiennes Tiffin, Sindhu Vee, Luke Fetherston, Nikesh Patel, Adil Ray, Anoushka Chadha, Eben Figueiredo, Kulvinder Ghir, Asim Chaudhry","In this heartfelt rom-com, struggling photographer Pia (Simone Ashley) receives a prediction: true love and career success await her in the next five dates she goes on. With her sister's wedding looming and family playing matchmaker, her ex (Hero Fiennes Tiffin) reappears, throwing both her love and professional life into chaos."
tt29538571,60 Minuten,2024,88.0,6.0,5811.0,https://www.imdb.com/title/tt29538571/,https://m.media-amazon.com/images/M/MV5BNGI0MjI4MjUtOGY4OS00MGRmLWI1N2ItMzU4ZDM0ZWM4ZTI2XkEyXkFqcGc@._V1_.jpg,Action,"Action, Adventure, Drama, Sport",Oliver Kienle,"Emilio Sakraya, Dennis Mojen, Marie Mouroum, Paul Wollin, Florian Schmidtke, Aristo Luis, José Barros, Vassilis Koukalani","Emilio Sakraya, Dennis Mojen, Marie Mouroum, Paul Wollin, Florian Schmidtke, Aristo Luis, José Barros, Vassilis Koukalani, Janna Striebeck, Morik Heydo","MMA fighter Octavio only has an hour to come to his daughter's birthday, otherwise he could lose custody of her forever. But to achieve his goal, he lets a big fight whiz, which all sorts of shady characters don't like. As the Octavio chase, the merciless race against time will soon push the young father to his limits."
tt29538620,Bang,2025,88.0,5.0,1072.0,https://www.imdb.com/title/tt29538620/,https://m.media-amazon.com/images/M/MV5BNjQ0NjI5OTAtYzhmNC00OGUyLTkwZDUtNmJhZTU5ODk0YmQxXkEyXkFqcGc@._V1_.jpg,Action,"Action, Crime, Thriller",Wych Kaosayananda,"Jack Kesy, Peter Weller, Marie Broenner, Steve Bastoni, Kane Kosugi, Paul Mann, Tristin Mays, Elliott Allison","Jack Kesy, Peter Weller, Marie Broenner, Steve Bastoni, Kane Kosugi, Paul Mann, Tristin Mays, Elliott Allison, Carlo Natale, Dana Blouin","Follows a ruthless hitman who, after narrowly escaping a fatal attempt on his life, betrays his gang in an effort to find forgiveness but ends up becoming a target himself."
tt29544253,Night of the Zoopocalypse,2024,91.0,6.0,2144.0,https://www.imdb.com/title/tt29544253/,https://m.media-amazon.com/images/M/MV5BNDY5NjE2MjYtOWNhZC00YWJhLTg5MTAtYWUxMmEwYTE0ZjQ3XkEyXkFqcGc@._V1_.jpg,Animation,"Animation, Adventure, Comedy, Family, Fantasy, Horror, Sci-Fi","Ricardo Curtis, Rodrigo Perez-Castro","Gabbi Kosmidis, David Harbour, Pierre Simpson, Paul Sun-Hyung Lee, Scott Thompson, Christina Nova, Heather Loreto, Bryn McAuley","Gabbi Kosmidis, David Harbour, Pierre Simpson, Paul Sun-Hyung Lee, Scott Thompson, Christina Nova, Heather Loreto, Bryn McAuley, Carolyn Scott, Kyle Derek",A wolf and mountain lion team up when a meteor unleashes a virus turning zoo animals into zombies. They join forces with other survivors to rescue the zoo and stop the deranged mutant leader from spreading the virus.
tt29552248,Swapped,2026,98.0,7.0,24419.0,https://www.imdb.com/title/tt29552248/,https://m.media-amazon.com/images/M/MV5BNWFlNWM2Y2YtY2VhOC00MWFiLWExNWYtYWViYzJhMDQyMTJiXkEyXkFqcGc@._V1_.jpg,Animation,"Animation, Adventure, Comedy, Family, Fantasy",Nathan Greno,"Michael B. Jordan, Juno Temple, Tracy Morgan, Cedric The Entertainer, Justina Machado, Nate Torrence, Camden Brooks, Táta Vega","Michael B. Jordan, Juno Temple, Tracy Morgan, Cedric The Entertainer, Justina Machado, Nate Torrence, Camden Brooks, Táta Vega, Ambika Mod, Lolly Adefope","Things aren't going well for the Puku species and it's all thanks to Ollie. When Ollie was little, he disobeyed his father's advice to stay away from other animals and taught a Javan how to open and eat piplets. This act of kindness quickly gets out of hand and leads to the Javan stealing all of the piplets from the Pukus, leaving them with nothing. Ollie tries to make things up to the others by scaring away the Javan. All goes well until one Javan rebels and crashes into Ollie, causing him to fall down a hole and crash into a magic pod. When he wakes up, Ollie realises that he has become a Javan. Fortunately, there is another pod nearby, but before he can get to it, Ivy, the Javan from earlier, touches it first, turning herself into a Puku. Fully swapped, the two must work together to navigate through the valley and find more pods, while figuring out the benefits of this transformation."
tt29603959,Novocaine,2025,110.0,7.0,93456.0,https://www.imdb.com/title/tt29603959/,https://m.media-amazon.com/images/M/MV5BMWU4MmUxODktMWUwYy00YzM0LTg1ZmItNzVlMTZhOWVlNWFjXkEyXkFqcGc@._V1_.jpg,Action,"Action, Comedy, Crime, Thriller","Dan Berk, Robert Olsen","Jack Quaid, Amber Midthunder, Ray Nicholson, Jacob Batalon, Betty Gabriel, Matt Walsh, Conrad Kemp, Evan Hengst","Jack Quaid, Amber Midthunder, Ray Nicholson, Jacob Batalon, Betty Gabriel, Matt Walsh, Conrad Kemp, Evan Hengst, Craig Jackson, Lou Beatty Jr.","When the girl of his dreams is kidnapped, a man incapable of feeling physical pain turns his rare condition into an unexpected advantage in the fight to rescue her."
tt29609422,Tee yod,2023,120.0,6.0,3733.0,https://www.imdb.com/title/tt29609422/,https://m.media-amazon.com/images/M/MV5BNDE2NDBlMmEtY2M3Yi00ZTBkLWE3MDktYzcyOGQ1YzdiYzZiXkEyXkFqcGc@._V1_.jpg,Horror,"Horror, Thriller",Taweewat Wantha,"Nadech Kugimiya, Jelilcha Kapaun, Mim Rattawadee Wongthong, Kajbhunditt Jaidee, Peerakrit Phacharaboonyakiat, Nutthatcha Padovan, Arisara Wongchalee, Kunyapak Noppawong Na Ayutthaya","Nadech Kugimiya, Jelilcha Kapaun, Mim Rattawadee Wongthong, Kajbhunditt Jaidee, Peerakrit Phacharaboonyakiat, Nutthatcha Padovan, Arisara Wongchalee, Kunyapak Noppawong Na Ayutthaya, Nutda Chawawanid, Sorabodee Changsiri","Set in a remote farming village during 1972, the story follows Yak as he returns from military duty to find his younger sister Yam afflicted by a mysterious illness tied to an encounter with a woman in black. Her condition deteriorates into trance states and violent possession despite the family's desperate attempts at spiritual intervention and medical transport. The supernatural force proves resistant to conventional exorcism rituals and physical confrontation, escalating its attacks even after apparent victories. What begins as a sibling rescue mission transforms into an exhausting war against an entity that feeds on familial bonds and refuses to be permanently banished."
tt29634843,40 Acres,2024,113.0,6.0,7640.0,https://www.imdb.com/title/tt29634843/,https://m.media-amazon.com/images/M/MV5BOTRmZTIzMzQtZDQwOS00NGM5LWI1YTItMTc0MjE0NjczMDhlXkEyXkFqcGc@._V1_.jpg,Action,"Action, Drama, Fantasy, Thriller",R.T. Thorne,"Danielle Deadwyler, Kataem O'Connor, Michael Greyeyes, Milcania Diaz-Rojas, Leenah Robinson, Jaeda LeBlanc, Haile Amare, Elizabeth Saunders","Danielle Deadwyler, Kataem O'Connor, Michael Greyeyes, Milcania Diaz-Rojas, Leenah Robinson, Jaeda LeBlanc, Haile Amare, Elizabeth Saunders, Tyrone Benskin, Mimi Côté",Hailey Freeman and her family are the last descendants of African American farmers who settled in 1875 in rural Canada after the first Civil War. In a famine-decimated future they struggle to make their last stand against those intent on taking their home.
tt2965408,Lost on a Mountain in Maine,2024,98.0,6.0,3152.0,https://www.imdb.com/title/tt2965408/,https://m.media-amazon.com/images/M/MV5BNTE3MGJiMTYtZGE5OS00N2VjLThhOTYtMWM4YzIwYTc5OGQ0XkEyXkFqcGc@._V1_.jpg,Adventure,"Adventure, Family",Andrew Kightlinger,"Luke David Blumm, Paul Sparks, Caitlin FitzGerald, Griffin Wallace Henkel, Ethan Slater, Bates Wilder, Mason Cufari, Jacob Heimer","Luke David Blumm, Paul Sparks, Caitlin FitzGerald, Griffin Wallace Henkel, Ethan Slater, Bates Wilder, Mason Cufari, Jacob Heimer, Laurent Rejto, Nancy Marie Nicosia","The true story of 12-year-old Donn Fendler, who, after becoming lost in the rugged wilderness of northern Maine during the summer of 1939, grapples not only with his fight to survive, but with the broken relationship with his father whom he may never see again."
tt29722855,Hwangya,2024,107.0,6.0,14084.0,https://www.imdb.com/title/tt29722855/,https://m.media-amazon.com/images/M/MV5BZDljZjg4OWYtYzVkYi00ZTVjLWI2YzYtMzc0YjQyOWVlMjYxXkEyXkFqcGc@._V1_.jpg,Action,"Action, Adventure, Crime, Drama, Mystery, Sci-Fi, Thriller",Heo Myeong-haeng,"Earl Baylon, Hao Feng, Jang Young-nam, June Angela, Jung Young-joo, Kim Young-ah, Lee Hee-joon, Lee Jun-young","Earl Baylon, Hao Feng, Jang Young-nam, June Angela, Jung Young-joo, Kim Young-ah, Lee Hee-joon, Lee Jun-young, Ma Dong-seok, Roh Jeong-eui","When an earthquake turns Seoul into a lawless badland, a fearless huntsman goes on to rescue a teenager from a mad doctor who held the teenager captive in a camp full of dangerous cultists."
tt29768333,Balle perdue 3,2025,111.0,6.0,4197.0,https://www.imdb.com/title/tt29768333/,https://m.media-amazon.com/images/M/MV5BZGJkM2I2MjAtMmRiNy00MTkyLTg4ZDUtZjI1MmQxNzljNTUxXkEyXkFqcGc@._V1_.jpg,Action,"Action, Crime, Drama, Thriller",Guillaume Pierret,"Alban Lenoir, Nicolas Duvauchelle, Stéfi Celma, Gérard Lanvin, Quentin D'Hainaut, Julie Tedesco, Anne Serra, Charles Morillon","Alban Lenoir, Nicolas Duvauchelle, Stéfi Celma, Gérard Lanvin, Quentin D'Hainaut, Julie Tedesco, Anne Serra, Charles Morillon, Ramzy Bedia, Sébastien Lalanne","In southern France, Lino is a getaway driver, ex-convict and burglar who builds cars for criminal purposes."
tt29919979,Prom Dates,2024,86.0,5.0,2009.0,https://www.imdb.com/title/tt29919979/,https://m.media-amazon.com/images/M/MV5BYmRhOGRiZmEtNGJiYS00NWQ0LTgyZDMtMzgwMzBlNzY3ZjQ5XkEyXkFqcGc@._V1_.jpg,Comedy,Comedy,Kim O. Nguyen,"Julia Lester, Antonia Gentry, Kenny Ridwan, JT Neal, Jordan Buhat, Zión Moreno, Terry Hu, Emery Kelly","Julia Lester, Antonia Gentry, Kenny Ridwan, JT Neal, Jordan Buhat, Zión Moreno, Terry Hu, Emery Kelly, John Michael Higgins, Chelsea Handler","""Prom Dates"" follows best friends Jess and Hannah, who made a pact at 13 to have the perfect senior prom. Despite the impending changes that college will bring over the next four years, the two are committed to honoring their prom pact. But with only 24 hours left before the big event, everything falls apart when they break up with each of their dates. Jess and Hannah are left with one night to find new dates and live out their middle-school fantasies."
tt29927663,Daehongsu,2025,109.0,5.0,25749.0,https://www.imdb.com/title/tt29927663/,https://m.media-amazon.com/images/M/MV5BMTI4MjQ2YWUtN2ZmYS00YmRjLWI1MzYtZGU3M2MwNGY4ZGUwXkEyXkFqcGc@._V1_.jpg,Action,"Action, Adventure, Drama, Sci-Fi",Byung-woo Kim,"Kim Da-mi, Park Hae-soo, Kwon Eun-sung, Yuna, Kim Min-Gwi, Ahn Hyun Ho, Kim Kyu-na, Jung Min-joon","Kim Da-mi, Park Hae-soo, Kwon Eun-sung, Yuna, Kim Min-Gwi, Ahn Hyun Ho, Kim Kyu-na, Jung Min-joon, Park Mi-hyeon, Lee Dong-chan","A great flood has hit planet Earth. People, including An Na and Hee Jo struggle to survive in their apartment building, which is sinking into the water. An Na is an AI development researcher and Hee Jo belongs to a human resource security team, who is trying to save An Na from the disaster. But why is Hee Jo trying to save An Na and who is behind it?"
tt30007864,The American Society of Magical Negroes,2024,104.0,4.0,13323.0,https://www.imdb.com/title/tt30007864/,https://m.media-amazon.com/images/M/MV5BYTk0YWRlNjAtY2NhZi00MWIxLWIwMTUtMmJhOTcwMjM1MzlhXkEyXkFqcGc@._V1_.jpg,Comedy,"Comedy, Fantasy",Kobi Libii,"Justice Smith, Zachary Barton, Anthony Coons, Robbie Troy, Gillian Vigman, James E. Welsh, David Alan Grier, Mia Ford","Justice Smith, Zachary Barton, Anthony Coons, Robbie Troy, Gillian Vigman, James E. Welsh, David Alan Grier, Mia Ford, Eric Lutz, Kees DeVos",A young man is recruited into a secret society of magical black people who dedicate their lives to a cause of utmost importance: making white people's lives easier.
tt30017619,The Bad Guys 2,2025,104.0,7.0,31373.0,https://www.imdb.com/title/tt30017619/,https://m.media-amazon.com/images/M/MV5BY2YwODhmODctMjE2OS00Y2EyLWEyZTEtOGU3ODk5MGIzYmU1XkEyXkFqcGc@._V1_.jpg,Animation,"Animation, Action, Adventure, Comedy, Crime, Family, Mystery",Pierre Perifel,"Joey Naber, Omid Djalili, Monia Ayachi, Jaylen Moore, Awkwafina, Craig Robinson, Anthony Batarse, Anthony Ramos","Joey Naber, Omid Djalili, Monia Ayachi, Jaylen Moore, Awkwafina, Craig Robinson, Anthony Batarse, Anthony Ramos, Marc Maron, Sam Rockwell","The Bad Guys are struggling to find trust and acceptance in their newly minted lives as Good Guys, when they are pulled out of retirement and forced to do ""one last job"" by an all-female squad of criminals."
tt30023697,Timeless Heroes: Indiana Jones and Harrison Ford,2023,90.0,8.0,1048.0,https://www.imdb.com/title/tt30023697/,https://m.media-amazon.com/images/M/MV5BNjQ4NTg1ZTUtNTVmZS00ODAwLTk3MDYtNGFmMTViZWIxZjNmXkEyXkFqcGc@._V1_.jpg,Documentary,Documentary,Laurent Bouzereau,"Harrison Ford, Phoebe Waller-Bridge, Kathleen Kennedy, Frank Marshall, George Lucas, James Mangold, Steven Spielberg, Lawrence Kasdan","Harrison Ford, Phoebe Waller-Bridge, Kathleen Kennedy, Frank Marshall, George Lucas, James Mangold, Steven Spielberg, Lawrence Kasdan, John Williams, Karen Allen","Documentary exploring actor Harrison Ford's enduring appeal and his upbringing, including his foray into the entertainment business, his casting in the ""Indiana Jones"" franchise and the impact and inspiration generated by the films."
tt30096221,Ella McCay,2025,115.0,5.0,7189.0,https://www.imdb.com/title/tt30096221/,https://m.media-amazon.com/images/M/MV5BN2Q2NGYyYTMtYWQyNC00NzJhLWFjODUtMzlkMmIxNDU4ODI1XkEyXkFqcGc@._V1_.jpg,Comedy,"Comedy, Drama",James L. Brooks,"Emma Mackey, Jamie Lee Curtis, Albert Brooks, Spike Fearn, Woody Harrelson, Rebecca Hall, Ayo Edebiri, Kumail Nanjiani","Emma Mackey, Jamie Lee Curtis, Albert Brooks, Spike Fearn, Woody Harrelson, Rebecca Hall, Ayo Edebiri, Kumail Nanjiani, Jack Lowden, Julie Kavner",An idealistic young woman juggles her family and work life in a comedy about the people you love and how to survive them.
tt30144839,One Battle After Another,2025,161.0,8.0,444376.0,https://www.imdb.com/title/tt30144839/,https://m.media-amazon.com/images/M/MV5BMzBkZmQ0NjMtNTZlMy00ZjdlLTg5ODUtYWFlNGM0YzE3MTg0XkEyXkFqcGc@._V1_.jpg,Crime,"Crime, Thriller",Paul Thomas Anderson,"Teyana Taylor, Leonardo DiCaprio, Regina Hall, Wood Harris, Alana Haim, Shayna McHayle, Paul Grimstad, Dijon","Teyana Taylor, Leonardo DiCaprio, Regina Hall, Wood Harris, Alana Haim, Shayna McHayle, Paul Grimstad, Dijon, Sean Penn, Benicio Del Toro","Washed-up revolutionary Bob exists in a state of stoned paranoia, surviving off-grid with his spirited, self-reliant daughter, Willa. When his evil nemesis resurfaces after 16 years and she goes missing, the former radical scrambles to find her, father and daughter both battling the consequences of his past."
tt30150769,The Best You Can,2025,103.0,6.0,2959.0,https://www.imdb.com/title/tt30150769/,https://m.media-amazon.com/images/M/MV5BOGFlNTAyMGYtNzlmNC00MTI5LWIwYTMtZjA4ZGFlZTI1OWRlXkEyXkFqcGc@._V1_.jpg,Comedy,"Comedy, Drama, Romance",Michael J. Weithorn,"Kevin Bacon, Kyra Sedgwick, Judd Hirsch, Brittany O'Grady, Olivia Luccardi, Meera Rohit Kumbhani, Ray Romano, Misha Brooks","Kevin Bacon, Kyra Sedgwick, Judd Hirsch, Brittany O'Grady, Olivia Luccardi, Meera Rohit Kumbhani, Ray Romano, Misha Brooks, Heather Burns, Rob Benedict","Cynthia is married to Warren, who is much older than her and is now beginning to suffer from dementia. Stan, a former police officer, works as a security guard in the residential area where Cynthia and Warren live, and one night they are affected by a break-in in which Stan tries to intervene. Stan is also dealing with prostate problems, and Cynthia, who is a urologist, encourages him to visit her clinic. An unexpected friendship develops between them, while Cynthia struggles with Warren's worsening condition and with his daughter, who has never accepted that her father married Cynthia."
tt30177031,Curry & Cyanide: The Jolly Joseph Case,2023,98.0,7.0,4868.0,https://www.imdb.com/title/tt30177031/,https://m.media-amazon.com/images/M/MV5BYWZiZDk2M2UtY2RkOS00NDczLWJlYzUtYzUxNjcxMmUxY2Q1XkEyXkFqcGc@._V1_.jpg,Documentary,"Documentary, Crime",Christo Tomy,"B.A. Aloor, C.S. Chandrika, K.G. Simon, Megna Srivastav, Nikhila Henry, Remo Roy, Renji Wilson, Rojo Thomas","B.A. Aloor, C.S. Chandrika, K.G. Simon, Megna Srivastav, Nikhila Henry, Remo Roy, Renji Wilson, Rojo Thomas, VV Pillay","The real life case of Jolly Joseph, a lady suspected of planning the cyanide poisoning of six family members over more than ten years, including a two-year-old kid."
tt30217143,Strul,2024,98.0,6.0,8080.0,https://www.imdb.com/title/tt30217143/,https://m.media-amazon.com/images/M/MV5BOTMwZmFkZjctOGJhMi00ZmQyLTk4ODAtYTM0OTFlNjkyZTVlXkEyXkFqcGc@._V1_.jpg,Action,"Action, Comedy, Crime",Jon Holmberg,"Filip Berg, Amy Deasismont, Eva Melander, Måns Nathanaelson, Dejan Cukic, Joakim Sällquist, Sissela Benn, Peter Gardiner","Filip Berg, Amy Deasismont, Eva Melander, Måns Nathanaelson, Dejan Cukic, Joakim Sällquist, Sissela Benn, Peter Gardiner, Magnus Sundberg, Babak Yousefi","He is divorced and works as a salesman at a major electronics chain and looks forward to every other week when he gets to spend time with his daughter Julia. Suddenly life is turned upside down. Conny is in the wrong place at the wrong time, becomes innocently convicted of murder and ends up in prison. There he meets criminals Norinder and Musse who mistake Conny for being a pilot, the profession of his wife's new successful boyfriend Tomas. Conny becomes a part of the criminals escape plan he will fly the ""getaway plane"" ...but he also needs to find her daughter a horse for her birthday."
tt30253036,Kinda Pregnant,2025,97.0,5.0,18759.0,https://www.imdb.com/title/tt30253036/,https://m.media-amazon.com/images/M/MV5BYzA3Mjc0NTEtMjYyMS00OWNmLTg3MmYtN2E3MDNkMWQ4NjI0XkEyXkFqcGc@._V1_.jpg,Comedy,"Comedy, Drama",Tyler Spindel,"Amy Schumer, Will Forte, Jillian Bell, Brianne Howey, Lizze Broadway, Urzila Carlson, Chris Geere, Damon Wayans Jr.","Amy Schumer, Will Forte, Jillian Bell, Brianne Howey, Lizze Broadway, Urzila Carlson, Chris Geere, Damon Wayans Jr., Alex Moffat, Joel David Moore","Like most young women of her age Lainy dreams of having a relationship, getting pregnant and starting a family but despite her best efforts it doesn't happen. Even as a child she had always had dreams of having a family. Now she finds her colleagues getting married and having families. In sheer desperation and with no other option she pretends to be pregnant by putting on an artificial baby bump. She is happy when she gets extra affection and help because of her condition. She continues interacting with people without getting exposed and in the bargain she finds true love when she gets into a romantic relationship with her boyfriend. Will she fulfill her desire ?"
tt30253473,Materialists,2025,116.0,6.0,106270.0,https://www.imdb.com/title/tt30253473/,https://m.media-amazon.com/images/M/MV5BNmQxMTI1YmEtOGY3Yi00NzVlLWEzMjAtYTI1NWZkNDFiMDg1XkEyXkFqcGc@._V1_.jpg,Comedy,"Comedy, Drama, Romance",Celine Song,"Dakota Johnson, Chris Evans, Pedro Pascal, Zoë Winters, Marin Ireland, Dasha Nekrasova, Emmy Wheeler, Louisa Jacobson","Dakota Johnson, Chris Evans, Pedro Pascal, Zoë Winters, Marin Ireland, Dasha Nekrasova, Emmy Wheeler, Louisa Jacobson, Eddie Cahill, Sawyer Spielberg",An ambitious young New York City matchmaker finds herself torn between the perfect match and her imperfect ex.
tt30292390,Sebastian Fitzeks Der Heimweg,2024,97.0,6.0,5327.0,https://www.imdb.com/title/tt30292390/,https://m.media-amazon.com/images/M/MV5BMjg3ZTBhYjktOGUwOC00YWUzLWE0YzktYTgyZWY5MTZlZjkxXkEyXkFqcGc@._V1_.jpg,Crime,"Crime, Thriller",Adolfo J. Kolmerer,"Luise Heyer, Sabin Tambrea, Friedrich Mücke, Rainer Bock, Andreas Döhler, Shadi Eck, Benjamin Hartwig, Sasha Marini","Luise Heyer, Sabin Tambrea, Friedrich Mücke, Rainer Bock, Andreas Döhler, Shadi Eck, Benjamin Hartwig, Sasha Marini, Romy Miesner, Kristin Suckow",Klara is going to die today unless she kills her husband instead. The Calendar Killer has given her that impossible choice. When Jules starts his night shift at a safety helpline for lonely women on their way home Klara's call reaches him.
tt30308957,Kärlek fårever,2025,96.0,5.0,2004.0,https://www.imdb.com/title/tt30308957/,https://m.media-amazon.com/images/M/MV5BNTExMDQ0OTMtYzZjYS00YWEzLTk5ZWYtMGUzYWZlNjYxNDcwXkEyXkFqcGc@._V1_.jpg,Comedy,"Comedy, Romance",Staffan Lindberg,"Matilda Källström, Charlie Gustafsson, Kjell Bergqvist, Anja Lundqvist, Elias Buskas, Katarina Ewerlöf, Niklas Engdahl, Samuel Astor","Matilda Källström, Charlie Gustafsson, Kjell Bergqvist, Anja Lundqvist, Elias Buskas, Katarina Ewerlöf, Niklas Engdahl, Samuel Astor, Stine Landin Dettmann, Vilhelm Blomgren","Hanna and Samuel from Stockholm plan a low-key, intimate wedding on Gotland, but their families and friends shatter that dream and everything ends in chaos. Hanna runs away from the wedding and a fight breaks out. Out of this nightmare a new day dawns. A day that will be the start of a happier future."
tt30387012,Border 2,2026,200.0,6.0,21334.0,https://www.imdb.com/title/tt30387012/,https://m.media-amazon.com/images/M/MV5BYjdhNmE4MTItYjZlYi00MjQ2LTliOGMtN2ViMzU0M2M3ODMyXkEyXkFqcGc@._V1_.jpg,Action,"Action, Drama, War",Anurag Singh,"Sunny Deol, Varun Dhawan, Diljit Dosanjh, Ahan Shetty, Mona Singh, Sonam Bajwa, Medha Rana, Anya Singh","Sunny Deol, Varun Dhawan, Diljit Dosanjh, Ahan Shetty, Mona Singh, Sonam Bajwa, Medha Rana, Anya Singh, Puneet Issar, Suniel Shetty","Tensions arising between West Pakistan and East Pakistan and many migrants crossing the border to enter India.Looking at the situation the Indian government decides to interfere and support Bengali Independence movement leading to air strikes by Pakistan on several Indian airbases. The Indian army, though not in a great position and shortage of manpower declares war against Pakistan.Major Fateh Singh Kaler leading the Sikh regiment and Hosihar Singh 3 Grenadiers,Air force lead by Nirmal Singh Sekhon and Navy by Mahendra Sngh Rawat.A decade before the three youngsters Hoshiar Singh,Nirmal Singh and Mahendra Singh were trained under strict Fateh Singh. As the country is now gearing up for the war against the enemy the four soldier are waiting at the Borders of Land,Air and water to protect their Motherland."
tt30394627,"Muchachos, la película de la gente",2023,100.0,8.0,1212.0,https://www.imdb.com/title/tt30394627/,https://m.media-amazon.com/images/M/MV5BYTA4N2IxMzYtODBlZi00YTIxLWI5MGQtZTU3ZmNhMjFlM2E1XkEyXkFqcGc@._V1_.jpg,Documentary,"Documentary, Sport",Jesus Braceras,Guillermo Francella,Guillermo Francella,"The celebrations for the title of the Argentine National Team in the World Cup in Qatar 2022, through videos of Argentines around the world and unpublished material of the party in the streets."
tt30422937,Naadaniyaan,2025,119.0,3.0,16135.0,https://www.imdb.com/title/tt30422937/,https://m.media-amazon.com/images/M/MV5BNDRkNWM0NTQtZmIyNy00MzZmLWI4OTktNzM0NTMzMGJiYzUyXkEyXkFqcGc@._V1_.jpg,Drama,"Drama, Romance",Shauna Gautam,"Khushi Kapoor, Mahima Chaudhry, Barun Chanda, Shaan Madan, Suniel Shetty, Asha Rajgor, Saiyam Luthra, Shivamm Gupta","Khushi Kapoor, Mahima Chaudhry, Barun Chanda, Shaan Madan, Suniel Shetty, Asha Rajgor, Saiyam Luthra, Shivamm Gupta, Neel Deewan, Ibrahim Ali Khan",A privileged Delhi socialite hires a middle-class student to pose as her boyfriend to maintain her social status. Their pretense becomes complicated when genuine feelings develop between them.
tt30445556,The Pickup,2025,94.0,6.0,19109.0,https://www.imdb.com/title/tt30445556/,https://m.media-amazon.com/images/M/MV5BNjNhNzQ5NmQtY2Q1Ny00NzI0LTgyMmUtYjU2MmI5NDE3MGQ0XkEyXkFqcGc@._V1_.jpg,Action,"Action, Comedy, Crime",Tim Story,"Eddie Murphy, Pete Davidson, Keke Palmer, Jack Kesy, Ismael Cruz Cordova, Eva Longoria, Andrew Dice Clay, Jef Holbrook","Eddie Murphy, Pete Davidson, Keke Palmer, Jack Kesy, Ismael Cruz Cordova, Eva Longoria, Andrew Dice Clay, Jef Holbrook, Marshawn Lynch, Lara Grice","A routine cash pickup takes a wild turn when two mismatched armored truck drivers, Russell (Eddie Murphy) and Travis (Pete Davidson), are ambushed by ruthless criminals led by a savvy mastermind, Zoe (Keke Palmer), with plans that go way beyond the cash cargo. As chaos unfolds around them, the unlikely duo must navigate high-risk danger, clashing personalities, and one very bad day that keeps getting worse."
tt30446847,Jay Kelly,2025,132.0,7.0,42116.0,https://www.imdb.com/title/tt30446847/,https://m.media-amazon.com/images/M/MV5BMWRlNDM1NjktZDkyYi00Zjk0LWE5MTQtNWEyNzMwODY1Njc5XkEyXkFqcGc@._V1_.jpg,Comedy,"Comedy, Drama",Noah Baumbach,"Stanley Townsend, Emily Mortimer, Erica Sweany, Kevin Shen, George Clooney, David Neumann, Leila Farzad, Juliet Cowan","Stanley Townsend, Emily Mortimer, Erica Sweany, Kevin Shen, George Clooney, David Neumann, Leila Farzad, Juliet Cowan, Adam Sandler, Eleanor Matsuura","Famous movie actor Jay Kelly embarks on a journey of self-discovery, confronting his past and present with his devoted manager Ron. Poignant and humor-filled, pitched at the intersection of regrets and glories."
tt3045628,Holland,2025,110.0,5.0,18960.0,https://www.imdb.com/title/tt3045628/,https://m.media-amazon.com/images/M/MV5BMDczYjZkNmMtNDYxNS00NDhkLTgyYmMtODkwMzU3ZjE1ZjBjXkEyXkFqcGc@._V1_.jpg,Crime,"Crime, Drama, Mystery, Thriller",Mimi Cave,"Nicole Kidman, Gael García Bernal, Matthew Macfadyen, Jude Hill, Jeff Pope, Isaac Krasner, Lennon Parham, Rachel Sennott","Nicole Kidman, Gael García Bernal, Matthew Macfadyen, Jude Hill, Jeff Pope, Isaac Krasner, Lennon Parham, Rachel Sennott, Chris Witaske, River Brooks","Nancy Vandergroot is a teacher and homemaker. She has a picture-perfect life with her community-pillar husband and son in tulip-filled Holland, Michigan. However, when she and a friendly colleague become suspicious of a secret, she tumbles into a twisted tale and discovers that nothing in their lives is what it seems."
tt30494321,Ricchi a tutti i costi,2024,90.0,5.0,1469.0,https://www.imdb.com/title/tt30494321/,https://m.media-amazon.com/images/M/MV5BMDZmMGE2M2MtMGViYi00MDYwLThkZWYtNDYwMTZiY2U1NmQ2XkEyXkFqcGc@._V1_.jpg,Comedy,Comedy,Giovanni Bognetti,"Christian De Sica, Angela Finocchiaro, Dharma Mangia Woods, Claudio Colica, Fioretta Mari, Antonino Bruschetta, Fernando Albizu, Irma Carolina Di Monte","Christian De Sica, Angela Finocchiaro, Dharma Mangia Woods, Claudio Colica, Fioretta Mari, Antonino Bruschetta, Fernando Albizu, Irma Carolina Di Monte, Teresa Piergentili, Darko Peric","When a grandmother falls for a cheeky suitor with dubious intentions, her family devises a secret plan to protect her life and their inheritance."
tt30496762,Maa,2025,133.0,5.0,19088.0,https://www.imdb.com/title/tt30496762/,https://m.media-amazon.com/images/M/MV5BYTZiYThhODYtN2QxOS00ZmMxLTkzMjktMGE0N2M0ZGE5Mzc2XkEyXkFqcGc@._V1_.jpg,Horror,Horror,Vishal Furia,"Kajol, Dibyendu Bhattacharya, Indraneil Sengupta, Jitin Gulati, Naveen Jagbir Sandhu, Ronit Roy, Roopkatha Chakraborty, Surjasikha Das","Kajol, Dibyendu Bhattacharya, Indraneil Sengupta, Jitin Gulati, Naveen Jagbir Sandhu, Ronit Roy, Roopkatha Chakraborty, Surjasikha Das, Vibha Rani, Yaaneea Bharadwaj","1985 Chandarpur village follows a tradition of killing new born female babies,believing it can free them from curse.40 years later Ambika lives with her husband Shuvankar ans daughter Shweta in West Bengal,Shweta wishes to visit Chandarpur but her parents ignore.Shuvankar immediately rushes to Chandarpur due his father's sudden death but never returns back as an evil force kills him on his return journey.Three months later Ambika gets call from Joydev Sarpanch of Chandarpur saying that he has found an agent for their palatial mansion as last wish of Shuvankar was to sell it.Ambika along with Shweta goes to village to do the deal where things seems to be quite paranormal.Shweta befriends Deepika and both visit an isolated spot behind the mansion and same night Deepika disappears as evil force takes her along. Ambika does not believe it and with help of Joydev calls the cops and finds that since last three months girls are disappearing from village and coming back within few days.The cops believe that it's just a fake story and someone in name of evil is kidnapping the girls for a motive.But villages warn Ambika that the actual target of evil spirit is Shweta as she is the only female surviving member of the family."
tt30515931,Keuroseu,2024,105.0,6.0,3152.0,https://www.imdb.com/title/tt30515931/,https://m.media-amazon.com/images/M/MV5BYTZlYmQ3NGEtMzY3Ny00OGMzLThmMjAtMGU1NDA1YTIxYjMwXkEyXkFqcGc@._V1_.jpg,Action,"Action, Comedy, Crime",Lee Myung Hoon,"Hwang Jung-min, Yum Jung-ah, Jeon Hye-jin, Kim Byeong-Ok, Kim Chan-hyung, Yoon Dae-yeol, Jang Eui-don, Lee Ga-kyung","Hwang Jung-min, Yum Jung-ah, Jeon Hye-jin, Kim Byeong-Ok, Kim Chan-hyung, Yoon Dae-yeol, Jang Eui-don, Lee Ga-kyung, Kim Joo-hun, Ha Jung-min","A man leaving his past behind and living as a househusband is chased by his wife for his secret life. A hardworking househusband and a former special forces officer Kang Moo is hiding his past from his wife Mi Sun who is a violent crime detective. One day, a mysterious woman, Hee Joo appears to Kang Moo and Mi Sun assumes that his husband is having an affair. Mi Sun is after Kang Moo and Kang Moo is after something else. It eventually leads both of them to unexpected situations. Kang Moo can no longer be a peaceful househusband after all.."
tt30645201,Honey Don't!,2025,89.0,5.0,30114.0,https://www.imdb.com/title/tt30645201/,https://m.media-amazon.com/images/M/MV5BMmRkNGJmNWUtNjVkMC00NTJhLTk5N2UtYmZlODdmM2UzNTRlXkEyXkFqcGc@._V1_.jpg,Comedy,"Comedy, Crime, Mystery, Thriller",Ethan Coen,"Margaret Qualley, Aubrey Plaza, Chris Evans, Lera Abova, Jacnier, Gabby Beans, Talia Ryder, Charlie Day","Margaret Qualley, Aubrey Plaza, Chris Evans, Lera Abova, Jacnier, Gabby Beans, Talia Ryder, Charlie Day, Kristen Connolly, Josh Pafchek",A small-town private investigator delves into a series of strange deaths tied to a mysterious church.
tt30789086,Control Freak,2025,104.0,5.0,2888.0,https://www.imdb.com/title/tt30789086/,https://m.media-amazon.com/images/M/MV5BZTAwMjg5NWQtMzdhYy00MTI3LTlhYzAtZDRkYjVmZDBkZmYwXkEyXkFqcGc@._V1_.jpg,Horror,Horror,Shal Ngo,"Kelly Marie Tran, Miles Robbins, Kieu Chinh, Toan Le, Callie Johnson, Sabrina Davi, Stanley White Jr., Phu Quoc","Kelly Marie Tran, Miles Robbins, Kieu Chinh, Toan Le, Callie Johnson, Sabrina Davi, Stanley White Jr., Phu Quoc, Scott Takeda, Samantha Coppola",A motivational speaker is tormented by an unrelenting itch on the back of her head.
tt30796448,The Greatest Night in Pop,2024,96.0,8.0,16885.0,https://www.imdb.com/title/tt30796448/,https://m.media-amazon.com/images/M/MV5BNDhiMmU0YzEtNzE0Mi00OTRmLWEyMjAtZWRhNzJlZmRiM2U2XkEyXkFqcGc@._V1_.jpg,Documentary,"Documentary, Music",Bao Nguyen,"Lionel Richie, Harriet Sternberg, Wendy Rees, Harry Belafonte, Steven Ivory, Ken Kragen, Quincy Jones, Larry Klein","Lionel Richie, Harriet Sternberg, Wendy Rees, Harry Belafonte, Steven Ivory, Ken Kragen, Quincy Jones, Larry Klein, Cyndi Lauper, Bruce Springsteen","On January 28th 1985, dozens of the era's most popular musicians gathered in Los Angeles to record a charity single for African famine relief. Setting egos aside, they collaborated on a song that would make history."
tt3083016,Beverly Hills Cop: Axel F,2024,118.0,6.0,88378.0,https://www.imdb.com/title/tt3083016/,https://m.media-amazon.com/images/M/MV5BMDVhYWNkNTUtZWVjMC00Y2M1LWEzNmItZjFiMzA4ZjNiODI4XkEyXkFqcGc@._V1_.jpg,Action,"Action, Comedy, Crime, Thriller",Mark Molloy,"Eddie Murphy, Joseph Gordon-Levitt, Taylour Paige, Judge Reinhold, John Ashton, Paul Reiser, Bronson Pinchot, Kevin Bacon","Eddie Murphy, Joseph Gordon-Levitt, Taylour Paige, Judge Reinhold, John Ashton, Paul Reiser, Bronson Pinchot, Kevin Bacon, Jameison Walker II, Tony Jones","Detective Axel Foley is up to his usual tricks in Detroit when Billy Rosewood, an LA private detective and long-time friend, contacts him for help. Foley's daughter, Jane Saunders, is a lawyer involved in a high-profile case and has been threatened. Foley sets off for Los Angeles, renewing many acquaintances and finding himself in the middle of a sinister conspiracy."
tt30851137,The Bride!,2026,126.0,6.0,37910.0,https://www.imdb.com/title/tt30851137/,https://m.media-amazon.com/images/M/MV5BM2VmMDVlNzgtNThhZC00ZGMwLTg4MmEtZTUzNmRiYTkxYzUyXkEyXkFqcGc@._V1_.jpg,Drama,"Drama, Horror, Romance, Sci-Fi",Maggie Gyllenhaal,"Jessie Buckley, Christian Bale, Annette Bening, Penélope Cruz, Peter Sarsgaard, Jake Gyllenhaal, John Magaro, Matthew Maher","Jessie Buckley, Christian Bale, Annette Bening, Penélope Cruz, Peter Sarsgaard, Jake Gyllenhaal, John Magaro, Matthew Maher, Jeannie Berlin, Zlatko Buric","A lonely Frankenstein travels to 1930s Chicago to ask groundbreaking scientist Dr. Euphronious to create a companion for him. The two revive a murdered young woman and The Bride is born. What ensues is beyond what either of them imagined, igniting a combustible romance, the attention of the police and a wild and radical cultural movement."
tt30852970,Lover Stalker Killer,2024,90.0,7.0,15311.0,https://www.imdb.com/title/tt30852970/,https://m.media-amazon.com/images/M/MV5BMGZmOTU4MWEtMzRkYi00NzYyLWJmMGQtZjFmZDllMTEyY2JjXkEyXkFqcGc@._V1_.jpg,Documentary,"Documentary, Crime",Sam Hobkinson,"Dave Kroupa, Nancy Raney, Chris LeGrow, Amy Flora, Jim Doty, Ryan Avis, Tony Kava, Brenda Beadle","Dave Kroupa, Nancy Raney, Chris LeGrow, Amy Flora, Jim Doty, Ryan Avis, Tony Kava, Brenda Beadle, Cari Lea Farver, Shanna Golyar","In this twisting documentary, a mechanic tries online dating for the first time and meets a woman who takes romantic obsession to a deadly extreme."
tt30868610,Chico Bento e a Goiabeira Maraviosa,2024,90.0,7.0,1593.0,https://www.imdb.com/title/tt30868610/,https://m.media-amazon.com/images/M/MV5BZmI4OThkYTItMmY0Mi00YTIwLThkNGUtY2VlMmZmZjI2NzQwXkEyXkFqcGc@._V1_.jpg,Adventure,"Adventure, Comedy, Family",Fernando Fraiha,"Isaac Amendoim, Raffiz Camargo, Taís Araújo, Guga Coelho, Pedro Dantas, Débora Falabella, Anna Julia Dias, Enzo Henrique","Isaac Amendoim, Raffiz Camargo, Taís Araújo, Guga Coelho, Pedro Dantas, Débora Falabella, Anna Julia Dias, Enzo Henrique, Livia La Gatto, Luis Lobianco",Chuck Billy and his gang must unite to save Mr. Lau's guava tree when it is put at risk.
tt30876483,Exterritorial,2025,109.0,6.0,19017.0,https://www.imdb.com/title/tt30876483/,https://m.media-amazon.com/images/M/MV5BYjVkMzI2MjAtYzA3NC00OGE1LWEyZDMtODc0YTc5NTZjYzFiXkEyXkFqcGc@._V1_.jpg,Action,"Action, Mystery, Thriller",Christian Zübert,"Jeanne Goursaud, Dougray Scott, Lera Abova, Kayode Akinyemi, Annabelle Mandeng, Rickson Guy da Silva, Tayo Schaffrath, Rada Rae","Jeanne Goursaud, Dougray Scott, Lera Abova, Kayode Akinyemi, Annabelle Mandeng, Rickson Guy da Silva, Tayo Schaffrath, Rada Rae, Kris Saddler, Nina Liu","When Special Forces soldier Sara visits the US consulate in Frankfurt with her young son, he suddenly disappears. Not only that, but no one seems to remember ever entering the building. Sara is asked to leave the consulate. But she knows that the German authorities have no access to the consulate. If she leaves now, she may never be allowed on the premises again. In the desperate search for her child, Sara goes into hiding in the labyrinth of the consulate, without suspecting that the noose of a dangerous intrigue is tightening around her neck."
tt30895834,Giannis: The Marvelous Journey,2024,109.0,8.0,2046.0,https://www.imdb.com/title/tt30895834/,https://m.media-amazon.com/images/M/MV5BN2Y4ZjkzMWUtMGQyMy00MWRjLWE4YTYtNWY0YmNlYWMzYTBmXkEyXkFqcGc@._V1_.jpg,Sport,"Sport, Documentary",Kristen Lappas,"Giannis Antetokounmpo, Alex Antetokounmpo, Kostas Antetokounmpo, Thanasis Antetokounmpo, Veronica Antetokounmpo, Vin Baker, Tony Lee Gratz, Jrue Holiday","Giannis Antetokounmpo, Alex Antetokounmpo, Kostas Antetokounmpo, Thanasis Antetokounmpo, Veronica Antetokounmpo, Vin Baker, Tony Lee Gratz, Jrue Holiday, Ernie Johnson, Jason Kidd","The story of Giannis Antetokounmpo, global NBA superstar, from the streets of Athens to becoming an NBA champion and two-time league MVP."
tt30955489,Until Dawn,2025,103.0,6.0,71747.0,https://www.imdb.com/title/tt30955489/,https://m.media-amazon.com/images/M/MV5BZWU4NDY0ODktOGI3OC00NWE1LWIwYmQtNmJiZWU3NmZlMDhkXkEyXkFqcGc@._V1_.jpg,Drama,"Drama, Horror, Mystery",David F. Sandberg,"Ella Rubin, Michael Cimino, Odessa A'zion, Ji-young Yoo, Belmont Cameli, Maia Mitchell, Peter Stormare, Tibor Szauervein","Ella Rubin, Michael Cimino, Odessa A'zion, Ji-young Yoo, Belmont Cameli, Maia Mitchell, Peter Stormare, Tibor Szauervein, Lotta Losten, Mariann Hermányi","One year after her sister Melanie mysteriously disappeared, Clover and her friends head into the remote valley where she vanished in search of answers. Exploring an abandoned visitor center, they find themselves stalked by a masked killer and horrifically murdered one by one...only to wake up and find themselves back at the beginning of the same evening. Trapped in the valley, they're forced to relive the night again and again - only each time the killer threat is different, each more terrifying than the last. Hope dwindling, the group soon realizes they have a limited number of deaths left, and the only way to escape is to survive until dawn."
tt30982333,Evidências do Amor,2024,105.0,6.0,1120.0,https://www.imdb.com/title/tt30982333/,https://m.media-amazon.com/images/M/MV5BNDBiYjU0YmYtM2Q0Ni00OTJhLWI2Y2YtZTY4NTQ1NDczYjgxXkEyXkFqcGc@._V1_.jpg,Comedy,"Comedy, Drama, Fantasy, Romance, Sci-Fi",Pedro Antonio,"Fábio Porchat, Sandy, Antônio Destro, Arthur Khol, Carlos Mariano, Duda Mamberti, Evelyn Castro, José Augusto","Fábio Porchat, Sandy, Antônio Destro, Arthur Khol, Carlos Mariano, Duda Mamberti, Evelyn Castro, José Augusto, Larissa Luz, Norma Blum","After Laura abandons him at the altar, Marco Antonio. who always thought he was a perfect fiancé, starts to time travel whenever he hears the couple's favorite song, ""Evidências."""
tt30988739,Black Bag,2025,93.0,7.0,97901.0,https://www.imdb.com/title/tt30988739/,https://m.media-amazon.com/images/M/MV5BNzA1OWU4NDMtMDUxMC00NWI4LWJhYjUtYWQ0OGQ5MTc2NDRjXkEyXkFqcGc@._V1_.jpg,Drama,"Drama, Mystery, Romance, Thriller",Steven Soderbergh,"Michael Fassbender, Gustaf Skarsgård, Cate Blanchett, Tom Burke, Marisa Abela, Regé-Jean Page, Naomie Harris, Kae Alexander","Michael Fassbender, Gustaf Skarsgård, Cate Blanchett, Tom Burke, Marisa Abela, Regé-Jean Page, Naomie Harris, Kae Alexander, Martin Bassindale, Pierce Brosnan","When intelligence agent Kathryn Woodhouse is suspected of betraying the nation, her husband - also a legendary agent - faces the ultimate test of whether to be loyal to his marriage, or his country."
tt31022050,Our Little Secret,2024,101.0,6.0,27141.0,https://www.imdb.com/title/tt31022050/,https://m.media-amazon.com/images/M/MV5BMTU3ODJmZGItNGI1OS00MTQ4LWJkZGQtMDQ0YzMxOTNhMjlhXkEyXkFqcGc@._V1_.jpg,Comedy,"Comedy, Romance",Stephen Herek,"Lindsay Lohan, Ian Harding, Kristin Chenoweth, Jon Rudnitsky, Katie Baker, Jake Brennan, Dan Bucatinsky, Tim Meadows","Lindsay Lohan, Ian Harding, Kristin Chenoweth, Jon Rudnitsky, Katie Baker, Jake Brennan, Dan Bucatinsky, Tim Meadows, Judy Reyes, Ash Santos","Avery and Logan haven't spoken in the 10 years since they broke up. As Christmas approaches, they discover that their new partners are siblings, and both of them have been invited to stay with the family for the holidays. Avery proposes that they keep their past a secret to avoid any awkward confrontations, but hiding the truth turns out to be more difficult than it seems--and spending time together reignites old sparks."
tt31032711,Bastion 36,2025,124.0,6.0,3341.0,https://www.imdb.com/title/tt31032711/,https://m.media-amazon.com/images/M/MV5BYTRhYzUwNzItYTlkZS00NDAwLTkwY2ItYTlhZTRhZTBiNTM2XkEyXkFqcGc@._V1_.jpg,Crime,"Crime, Drama, Thriller",Olivier Marchal,"Victor Belmondo, Tewfik Jallab, Yvan Attal, Juliette Dol, Soufiane Guerrab, Jean-Michel Correia, Lydia Andrei, Moussa Mansaly","Victor Belmondo, Tewfik Jallab, Yvan Attal, Juliette Dol, Soufiane Guerrab, Jean-Michel Correia, Lydia Andrei, Moussa Mansaly, Erika Sainte, Lise Lomi","Antoine Cerda, a senior police officer with the prestigious Investigation and Intervention Brigade, who is transferred to the Anti-Crime Brigade after being sanctioned by the General Inspectorate of the French National Police. The move sees him turn his back on his former comrades and unit, led by the charismatic Sami Belkaïm. When two officers from his old squad are killed in less than 24 hours and a third goes missing in mysterious circumstances, Cerda embarks on his own investigation. His inquiries will reveal an intense police rivalry and take him on a terrible downward spiral."
tt31036941,Jurassic World: Rebirth,2025,133.0,6.0,205465.0,https://www.imdb.com/title/tt31036941/,https://m.media-amazon.com/images/M/MV5BNjg2NTcwYWQtYzk4NS00MTJhLWEzZjItMzIxNjk3YzlkYzU0XkEyXkFqcGc@._V1_.jpg,Action,"Action, Adventure, Sci-Fi, Thriller",Gareth Edwards,"Scarlett Johansson, Mahershala Ali, Jonathan Bailey, Rupert Friend, Manuel Garcia-Rulfo, Luna Blaise, David Iacono, Audrina Miranda","Scarlett Johansson, Mahershala Ali, Jonathan Bailey, Rupert Friend, Manuel Garcia-Rulfo, Luna Blaise, David Iacono, Audrina Miranda, Philippine Velge, Bechir Sylvain","Five years after the events of Jurassic World Dominion, the planet's ecology has proven largely inhospitable to dinosaurs. Those remaining exist in isolated equatorial environments with climates resembling the one in which they once thrived. The three most colossal creatures across land, sea and air within that tropical biosphere hold, in their DNA, the key to a drug that will bring miraculous life-saving benefits to humankind. Covert operations expert Zora Bennett is contracted to lead a skilled team on a top-secret mission to secure the genetic material. When Zora's operation intersects with a civilian family whose boating expedition was capsized by marauding aquatic dinos, they all find themselves stranded on a forbidden island that had once housed an undisclosed research facility for Jurassic Park. There, in a terrain populated by dinosaurs of vastly different species, they come face-to-face with a sinister, shocking discovery that has been hidden from the world for decades."
tt31050594,Mercy,2026,99.0,6.0,81588.0,https://www.imdb.com/title/tt31050594/,https://m.media-amazon.com/images/M/MV5BMWJmYjcwMTMtMDU1ZC00ZGI5LTlmZDAtODI3NDA2ZTE5ZGVlXkEyXkFqcGc@._V1_.jpg,Action,"Action, Crime, Drama, Mystery, Sci-Fi, Thriller",Timur Bekmambetov,"Chris Pratt, Rebecca Ferguson, Kali Reis, Annabelle Wallis, Chris Sullivan, Kylie Rogers, Jeff Pierre, Rafi Gavron","Chris Pratt, Rebecca Ferguson, Kali Reis, Annabelle Wallis, Chris Sullivan, Kylie Rogers, Jeff Pierre, Rafi Gavron, Kenneth Choi, Jamie McBride","Set in the near future, a detective accused of murdering his wife has 90 minutes to prove his innocence to an advanced AI judge."
tt31078761,"Yomei Ichinen to Senkoku Sareta Boku ga, Yomei Hantoshi no Kimi to Deatta Hanashi",2024,118.0,8.0,4190.0,https://www.imdb.com/title/tt31078761/,https://m.media-amazon.com/images/M/MV5BZmJmZmY2YTgtYjJiMi00MmMxLTgwYjAtMDQxYjViZDRmZGI4XkEyXkFqcGc@._V1_.jpg,Drama,"Drama, Romance",Takahiro Miki,"Ren Nagase, Natsuki Deguchi, Mayu Yokota, Fumino Kimura, Nene Ôtsuka, Tōru Nakamura, Yasuko Matsuyuki, David Chen","Ren Nagase, Natsuki Deguchi, Mayu Yokota, Fumino Kimura, Nene Ôtsuka, Tōru Nakamura, Yasuko Matsuyuki, David Chen, Ikuho Akiya, Ren Hanami","Akito Hayasaka (Ren Nagase) is a talented artist. He is working hard to be accepted for the Nika Exhibition, but a tumor is discovered in his heart and he is told that he has one year left to live. Akito Hayasaka doesn't express his emotions on his diagnosis. One day, on the hospital rooftop, Akito Hayasaka meets Haruna Sakurai (Natsuki Deguchi), who is painting. Haruna Sakurai tells him that she has only half a year to live. Akito Hayasaka gets attracted to her more and more, but he doesn't tell her about his condition."
tt31101921,El cautivo,2025,134.0,6.0,2827.0,https://www.imdb.com/title/tt31101921/,https://m.media-amazon.com/images/M/MV5BMzJlNjJkMzUtNzEyOS00NDQ4LWFkYjItMTAyMDkzYzk4YmU2XkEyXkFqcGc@._V1_.jpg,Adventure,"Adventure, Biography, Drama, History, Romance",Alejandro Amenábar,"Julio Peña, Alessandro Borghi, Miguel Rellán, Fernando Tejero, Luis Callejo, José Manuel Poga, Roberto Álamo, Albert Salazar","Julio Peña, Alessandro Borghi, Miguel Rellán, Fernando Tejero, Luis Callejo, José Manuel Poga, Roberto Álamo, Albert Salazar, Juanma Muniagurria, César Sarachu","Year 1575. The young Miguel de Cervantes, wounded in naval combat, is captured on the high seas on his way back to Spain by Algerian corsairs. Miguel, aware that a cruel death awaits him in Algiers if his ransom is not paid soon, discovers an unexpected refuge in the art of storytelling. His fascinating tales restore hope to his fellow prisoners and eventually attract the attention of Hassan, the mysterious and dreaded Bajah of Algiers, with whom he begins to develop a strange affinity. As conflicts grow among his desperate companions, Miguel, driven by his unshakable optimism, begins to devise a daring escape plan."
tt31137117,The Carman Family Deaths,2025,90.0,6.0,3818.0,https://www.imdb.com/title/tt31137117/,https://m.media-amazon.com/images/M/MV5BMTE4MmJiYzQtZDYyZi00MDM2LTkzMTItODI3OTM4M2JmNWU4XkEyXkFqcGc@._V1_.jpg,Documentary,"Documentary, Crime, Thriller",Yon Motskin,"Nathan Carman, Eric Gempp, Sharon Hartstein, Clark Carman, Evan Lubofsky, Alfred Bucco, Charlene Gallagher, Charles Lapenna","Nathan Carman, Eric Gempp, Sharon Hartstein, Clark Carman, Evan Lubofsky, Alfred Bucco, Charlene Gallagher, Charles Lapenna, Linda Gam, Mark Francis","Nathan Carman, a young man who, after a fishing trip with his mother Linda off the coast of New England, survives a week on a life raft while she is lost at sea. The sensational incident renews interest in the unsolved murder of Carman's wealthy grandfather years earlier, spurring a media frenzy, a war over a vast family fortune, multiple investigations and ultimately federal charges against Carman for murder on the high seas. With unprecedented access to family, friends and investigators, the film is a nautical thriller that explores intimate human mysteries about family, greed, perception, mental health and the unpredictable mind of an enigmatic young man."
tt31176520,Eddington,2025,148.0,7.0,65427.0,https://www.imdb.com/title/tt31176520/,https://m.media-amazon.com/images/M/MV5BNmM0Yzc1ZjAtZTg4My00NDI3LWEwMzAtY2ZkNzMxMWMwOTFlXkEyXkFqcGc@._V1_.jpg,Comedy,"Comedy, Drama, Western",Ari Aster,"Joaquin Phoenix, Deirdre O'Connell, Emma Stone, Micheal Ward, Pedro Pascal, Cameron Mann, Matt Gomez Hidaka, Luke Grimes","Joaquin Phoenix, Deirdre O'Connell, Emma Stone, Micheal Ward, Pedro Pascal, Cameron Mann, Matt Gomez Hidaka, Luke Grimes, Amélie Hoeferle, Clifton Collins Jr.","In May of 2020, a standoff between a small-town sheriff and mayor sparks a powder keg as neighbor is pitted against neighbor in Eddington, New Mexico."
tt31181421,iHostage,2025,100.0,6.0,13793.0,https://www.imdb.com/title/tt31181421/,https://m.media-amazon.com/images/M/MV5BMGEyNWI4NjctY2NkYS00ZDY0LTkyNTUtOGRhM2UzNWYxOTc2XkEyXkFqcGc@._V1_.jpg,Crime,"Crime, Drama, Thriller",Bobby Boermans,"Soufiane Moussouli, Admir Šehović, Emmanuel Ohene Boafo, Fockeline Ouwerkerk, Roosmarijn van der Hoek, Robin Boissevain, Marcel Hensema, Loes Haverkort","Soufiane Moussouli, Admir Šehović, Emmanuel Ohene Boafo, Fockeline Ouwerkerk, Roosmarijn van der Hoek, Robin Boissevain, Marcel Hensema, Loes Haverkort, Louis Talpe, Eric Corton",A desperate man with a gun enters a big department store and threatens to shoot customers if they make a move and don't lie still. In the chaos which follows some customers escape to the store cafeteria upstairs and a store employee takes a few customers to hide in a room. The gunman however takes a customer hostage and makes a ransom demand of a large sum of money. The police get into action and surround the building. They arrange a negotiator who starts talking to the gunman to defuse the situation. Since the gunman's behavior is unpredictable the police are cautious and do not take rash decisions. Will the police be successful in this operation and safely rescue all the people trapped ?
tt31184028,Together,2025,102.0,7.0,88908.0,https://www.imdb.com/title/tt31184028/,https://m.media-amazon.com/images/M/MV5BOWI1Mzg0OWUtNDYxYy00Mzk3LTgxMjMtYWYxZjJhMjI4NDcyXkEyXkFqcGc@._V1_.jpg,Horror,"Horror, Romance",Michael Shanks,"Dave Franco, Alison Brie, Damon Herriman, Mia Morrissey, Karl Richmond, Jack Kenny, Francesca Waters, Aljin Abella","Dave Franco, Alison Brie, Damon Herriman, Mia Morrissey, Karl Richmond, Jack Kenny, Francesca Waters, Aljin Abella, Sarah Lang, Rob Brown","Years into their relationship, Tim and Millie find themselves at a crossroads as they move to the country, abandoning all that is familiar in their lives except each other. With tensions already flaring, a nightmarish encounter with a mysterious, unnatural force threatens to corrupt their lives, their love, and their flesh."
tt31193180,Sinners,2025,137.0,8.0,523641.0,https://www.imdb.com/title/tt31193180/,https://m.media-amazon.com/images/M/MV5BNjIwZWY4ZDEtMmIxZS00NDA4LTg4ZGMtMzUwZTYyNzgxMzk5XkEyXkFqcGc@._V1_.jpg,Horror,Horror,Ryan Coogler,"Miles Caton, Saul Williams, Andrene Ward-Hammond, Jack O'Connell, Tenaj L. Jackson, Michael B. Jordan, Dave Maldonado, Aadyn Encalarde","Miles Caton, Saul Williams, Andrene Ward-Hammond, Jack O'Connell, Tenaj L. Jackson, Michael B. Jordan, Dave Maldonado, Aadyn Encalarde, Helena Hu, Hailee Steinfeld","1930s. Brothers ""Smoke"" and ""Stack"" Moore return home to Mississippi after working for the Chicago Mafia. They buy a sawmill and a juke joint and use their experience as gangsters to ensure that their businesses flourish. Things appear to be going well but trouble has just hit town, trouble in supernatural form."
tt31226272,Do Deewane Seher Mein,2026,138.0,6.0,6077.0,https://www.imdb.com/title/tt31226272/,https://m.media-amazon.com/images/M/MV5BMTk4ZTc1ZjAtOThkNS00NmZkLTkwNTQtZTI2ZDhiOWY4ZjAzXkEyXkFqcGc@._V1_.jpg,Drama,"Drama, Romance",Ravi Udyawar,"Siddhant Chaturvedi, Mrunal Thakur, Ila Arun, Joy Sengupta, Ayesha Raza Mishra, Inesh Kotian, Sandeepa Dhar, Deepraj Rana","Siddhant Chaturvedi, Mrunal Thakur, Ila Arun, Joy Sengupta, Ayesha Raza Mishra, Inesh Kotian, Sandeepa Dhar, Deepraj Rana, Mona Ambegaonkar, Achint Kaur","Set in Mumbai, 'Do Deewane Seher Mein' is a millennial love story about two young people - Roshni and Shashank - both bright, brilliant, and quietly battling their own insecurities. In a world obsessed with projection - how you look, how you speak, how you present yourself, Roshni and Shashank struggle to fit in. Both socially awkward, both hiding parts of themselves, they discover that the more they pretend, the more lost they are - until they slowly fall in love with each other. It's a story about the beauty of being raw. The courage of being real, being unfiltered. A journey where two imperfect people slowly learn to embrace themselves with all their imperfections. Set against a rich visual canvas - from the restless chaos of Mumbai to its pockets of old-world charm, and finally to the snow-dusted mountains of Kumaon, Uttarakhand - the film unfolds like a moving postcard. The film reminds you that someone, somewhere, loves every bit of you - even the parts you struggle to accept. So be weird. Be you. Because you never know who might fall in love with the very version of yourself you keep trying to hide. 'Do Deewane Seher Mein' is about finding a love that frees you. A love that makes you better without asking you to change. A love that whispers to you gently - you are enough the way you are."
tt31227221,No Negociable,2024,87.0,6.0,1360.0,https://www.imdb.com/title/tt31227221/,https://m.media-amazon.com/images/M/MV5BNGM1ZjY5MGQtMGNmNy00ZjVmLTkyNTYtMTQwOGEyMTU4NzgxXkEyXkFqcGc@._V1_.jpg,Action,"Action, Comedy, Thriller",Juan Taratuto,"Alex Cooper, Alfredo Huereca, Claudette Maillé, Fernanda Borches, Geraldine Zinat, Isabella Arroyo, Jade Ramirez, Leonardo Ortizgris","Alex Cooper, Alfredo Huereca, Claudette Maillé, Fernanda Borches, Geraldine Zinat, Isabella Arroyo, Jade Ramirez, Leonardo Ortizgris, Mauricio Ochmann, Tato Alexander","Alan Binder is a skillful hostage negotiator, the best in Mexico, who will soon face the most crucial case of his career when the President and his lover are kidnapped. The kidnapper demands to negotiate only with him."
tt31227572,Predator: Badlands,2025,107.0,7.0,168881.0,https://www.imdb.com/title/tt31227572/,https://m.media-amazon.com/images/M/MV5BNTdjZGUxMTItNjRkNS00N2VhLWE4MjMtMjVhODMwMGIxNjUwXkEyXkFqcGc@._V1_.jpg,Action,"Action, Adventure, Sci-Fi, Thriller",Dan Trachtenberg,"Elle Fanning, Dimitrius Schuster-Koloamatangi, Ravi Narayan, Chris Terhune, Michael Homik, Stefan Grube, Reuben de Jong, Cameron Brown","Elle Fanning, Dimitrius Schuster-Koloamatangi, Ravi Narayan, Chris Terhune, Michael Homik, Stefan Grube, Reuben de Jong, Cameron Brown, Alison Wright, Matt Duffer","In the future, on a remote planet, Dek, a young predator recently outcast from his native clan, finds an unlikely ally in Thia. Together, they soon embark on a treacherous and extremely dangerous journey in search of the ultimate adversary."
tt31254554,Wonderland,2024,113.0,6.0,3269.0,https://www.imdb.com/title/tt31254554/,https://m.media-amazon.com/images/M/MV5BY2EzN2MwOGUtYzlkNi00MmI0LTlkZmUtOWEzZTEwZTdhMjMyXkEyXkFqcGc@._V1_.jpg,Drama,"Drama, Sci-Fi",Kim Tae-yong,"Tang Wei, Bae Suzy, Park Bo-gum, Jung Yu-mi, Choi Woo-sik, Hee Ching Paw, Choi Moo-sung, Seong Byung Sook","Tang Wei, Bae Suzy, Park Bo-gum, Jung Yu-mi, Choi Woo-sik, Hee Ching Paw, Choi Moo-sung, Seong Byung Sook, Tang Joon-sang, Lee Eol","In a virtual world called 'Wonderland', a place where people can reunite with a person they may not meet again by simulating them through A.I, a woman in her 20s requests to meet her lover who is in a coma, and a man in his 40s requests to meet his wife who passed away."
tt31314296,The Woman in the Yard,2025,88.0,5.0,22485.0,https://www.imdb.com/title/tt31314296/,https://m.media-amazon.com/images/M/MV5BNmZjZTA2ZmQtMDhiYS00NTlmLTk2NTctNTZlMzVhZmVjYTYyXkEyXkFqcGc@._V1_.jpg,Drama,"Drama, Horror, Thriller",Jaume Collet-Serra,"Danielle Deadwyler, Okwui Okpokwasili, Peyton Jackson, Estella Kahiha, Russell Hornsby, Chad Pitter","Danielle Deadwyler, Okwui Okpokwasili, Peyton Jackson, Estella Kahiha, Russell Hornsby, Chad Pitter","Ramona is a single mother who is still grieving the loss of her husband after a fatal car accident that also left her disabled, she now has to care for her two children Taylor and Annie. However when a mysterious woman clad in a black veil dress appears in her front yard, she must do everything she can to to protect her family"
tt31316096,Hack Your Health: The Secrets of Your Gut,2024,79.0,7.0,3864.0,https://www.imdb.com/title/tt31316096/,https://m.media-amazon.com/images/M/MV5BN2RkMzM2OGItYjkxNi00NWVkLTk4Y2ItOGQ1NTIxMjE2NjFmXkEyXkFqcGc@._V1_.jpg,Documentary,Documentary,Anjali Nayar,"Giulia Enders, Heiner Krammer, John Cryan, Justin L. Sonnenburg, Jack Gilbert, Annie Gupta, Maya Okada Erickson, Daniell Koepke","Giulia Enders, Heiner Krammer, John Cryan, Justin L. Sonnenburg, Jack Gilbert, Annie Gupta, Maya Okada Erickson, Daniell Koepke, Kimmie Gilbert, Takeru Kobayashi",An informative yet lighthearted documentary exploring the intricacies of the digestive system and its pivotal role in maintaining overall health and well-being.
tt31392609,Lahn Mah,2024,125.0,8.0,23294.0,https://www.imdb.com/title/tt31392609/,https://m.media-amazon.com/images/M/MV5BMTc5NjYxZWQtZGRmYi00NTBlLThlMTMtYWI1NjEwMjMyN2Q2XkEyXkFqcGc@._V1_.jpg,Comedy,"Comedy, Drama, Family",Pat Boonnitipat,"Putthipong Assaratanakul, Usha Seamkhum, Sanya Kunakorn, Jear Sarinrat Thomas, Pongsatorn Jongwilas, Tu Tontawan Tantivejakul, Duangporn Oapirat, Himawari Tajiri","Putthipong Assaratanakul, Usha Seamkhum, Sanya Kunakorn, Jear Sarinrat Thomas, Pongsatorn Jongwilas, Tu Tontawan Tantivejakul, Duangporn Oapirat, Himawari Tajiri, Wattana Subpakit, Sumalee Suteeratham","A man, driven by his desire for a multi-million dollar inheritance, begins to care for his terminally ill grandmother. However, winning her favor will not be an easy task and he is not the only one with an eye on the money."
tt31425731,Playdate,2025,93.0,6.0,31552.0,https://www.imdb.com/title/tt31425731/,https://m.media-amazon.com/images/M/MV5BNWQ4N2Y5YjYtNGE1Ni00YWExLWIzNDYtMmM2ZTc0OGJmMDA1XkEyXkFqcGc@._V1_.jpg,Action,"Action, Comedy",Luke Greenfield,"Alan Ritchson, Kevin James, Banks Pierce, Benjamin Pajak, Alan Tudyk, Sarah Chalke, Stephen Root, Isla Fisher","Alan Ritchson, Kevin James, Banks Pierce, Benjamin Pajak, Alan Tudyk, Sarah Chalke, Stephen Root, Isla Fisher, Hiro Kanagawa, Lauren Akemi Bradley",Brian has just been fired from his job. He becomes a stay-at-home dad. He accepts a playdate invitation from another stay-at-home dad who turns out to be a loose cannon.
tt31433402,Fear Street: Prom Queen,2025,90.0,5.0,27330.0,https://www.imdb.com/title/tt31433402/,https://m.media-amazon.com/images/M/MV5BNjJlMDJjZTctNDlkYi00YTNmLWIyZjUtZjdmZTFhNDQwMTQ4XkEyXkFqcGc@._V1_.jpg,Horror,"Horror, Mystery, Thriller",Matt Palmer,"India Fowler, Suzanna Son, Fina Strazza, Katherine Waterston, Lili Taylor, Chris Klein, Ariana Greenblatt, David Iacono","India Fowler, Suzanna Son, Fina Strazza, Katherine Waterston, Lili Taylor, Chris Klein, Ariana Greenblatt, David Iacono, Darrin Baker, Ella Rubin","Welcome back to Shadyside. In this next installment of the blood-soaked Fear Street franchise, prom season at Shadyside High is underway and the school's wolfpack of It Girls is busy with its usual sweet and vicious campaigns for the crown. But when a gutsy outsider is unexpectedly nominated to the court, and the other girls start mysteriously disappearing, the class of '88 is suddenly in for one hell of a prom night."
tt31495504,Der Tiger,2025,116.0,7.0,16863.0,https://www.imdb.com/title/tt31495504/,https://m.media-amazon.com/images/M/MV5BOWJkZjYzMGQtNmZhZi00NTBiLTljMTgtZGU2YzUxZmE4ZGJjXkEyXkFqcGc@._V1_.jpg,Action,"Action, Drama, Thriller, War",Dennis Gansel,"David Schütter, Laurence Rupp, Leonard Kunz, Sebastian Urzendowsky, Yoran Leicher, Tilman Strauss, André Hennicke, Arndt Schwering-Sohnrey","David Schütter, Laurence Rupp, Leonard Kunz, Sebastian Urzendowsky, Yoran Leicher, Tilman Strauss, André Hennicke, Arndt Schwering-Sohnrey, Alžběta Malá, Samuel Himal","The five-man crew of a German Tiger tank is sent on a secret mission far behind the fiercely contested front line. Fueled by the Wehrmacht's methamphetamine, their mission increasingly becomes a journey into the heart of darkness."
tt31513578,Tee yod 2,2024,110.0,6.0,2136.0,https://www.imdb.com/title/tt31513578/,https://m.media-amazon.com/images/M/MV5BYmQzMjI0YTMtNmE3OC00MTk0LWE0ODAtY2ZmNzg5M2NkMDQxXkEyXkFqcGc@._V1_.jpg,Action,"Action, Horror, Thriller",Taweewat Wantha,"Nadech Kugimiya, Kajbhunditt Jaidee, Peerakrit Phacharaboonyakiat, Jelilcha Kapaun, Mim Rattawadee Wongthong, Nutthatcha Padovan, Frank Thanatsaran Samthonglai, Mean Phiravich Attachitsataporn","Nadech Kugimiya, Kajbhunditt Jaidee, Peerakrit Phacharaboonyakiat, Jelilcha Kapaun, Mim Rattawadee Wongthong, Nutthatcha Padovan, Frank Thanatsaran Samthonglai, Mean Phiravich Attachitsataporn, Todsapol Maisuk, Paramej Noiam","In a world shrouded by darkness, a relentless force seeks retribution, undeterred by boundaries or morality"
tt31519456,La Dolce Villa,2025,99.0,6.0,13242.0,https://www.imdb.com/title/tt31519456/,https://m.media-amazon.com/images/M/MV5BNjJmM2VjODktY2UwMC00N2FiLThmOWEtOGFhZmM2MjI0MGVjXkEyXkFqcGc@._V1_.jpg,Comedy,"Comedy, Romance",Mark Waters,"Scott Foley, Violante Placido, Maia Reficco, Giuseppe Futia, Simone Luglio, Tommaso Basili, Daniel Panzironi, Nunzia Schiano","Scott Foley, Violante Placido, Maia Reficco, Giuseppe Futia, Simone Luglio, Tommaso Basili, Daniel Panzironi, Nunzia Schiano, Luisa De Santis, Lucia Ricalzone","Eric travels to Italy to stop his daughter from buying a ""one-dollar"" house in a small village. The village has a program to sell abandoned homes cheaply in an effort to breathe new life into the community. However, his daughter is determined to go through with her plan to settle down there. Instead, Eric soon finds himself involved in the renovation project, enthusiastically encouraged by the town's mayor, Francesca. There's a lot that needs fixing, including paperwork, and Eric gets help from Francesca, who wants to see the house - and the village - come alive again. Although initially skeptical about Italy, Eric soon finds himself charmed by both the village and Francesca."
tt3155298,Luther: The Fallen Sun,2023,129.0,6.0,73498.0,https://www.imdb.com/title/tt3155298/,https://m.media-amazon.com/images/M/MV5BMDFmYzdjOGYtMWY3MC00ZjQ0LWJiYjgtODc3ZDUzZmM4MmQ3XkEyXkFqcGc@._V1_.jpg,Action,"Action, Crime, Drama, Mystery, Thriller",Jamie Payne,"Idris Elba, Cynthia Erivo, Andy Serkis, Dermot Crowley, Thomas Coombes, Hattie Morahan, Lauryn Ajufo, Vincent Regan","Idris Elba, Cynthia Erivo, Andy Serkis, Dermot Crowley, Thomas Coombes, Hattie Morahan, Lauryn Ajufo, Vincent Regan, Ross Waiton, Dan Li","In London, Callum Aldrich is a young man that receives instructions by phone to go to an isolated road. He sees an accident, reports to the police and is kidnapped by a stranger. Detective John Luther is in charge of the investigation and promises Callum's mother, Corinne Aldrich, that he will find her son. However, the kidnapper David Robey, asks someone to find evidence that Luther is a dirty cop. He is arrested and sent of a maximum security prison, and Robey kills and burns Callum and other victims in a house. Luther talks to a contact to break out the prison to catch the killer. But the incompetent chief of police Odette Raine makes his hunting of the psychopath more difficult chasing him, especially because there is a mole that works for Robey at the police station."
tt31565654,Shahr zii aleasal,2024,100.0,5.0,1795.0,https://www.imdb.com/title/tt31565654/,https://m.media-amazon.com/images/M/MV5BYTY2MjEzYjAtZjhkNS00ODY1LWFmMjQtM2U3ZGI2MzA2ODQ4XkEyXkFqcGc@._V1_.jpg,Comedy,"Comedy, Romance",Elie El Semaan,"Nour Al Ghandour, Mahmoud Boushahri, Ascia Al Faraj, Mahdi Barwiz, Faisal Almezel, Abdullah Zaman, Amal Mohammad, Ghorour","Nour Al Ghandour, Mahmoud Boushahri, Ascia Al Faraj, Mahdi Barwiz, Faisal Almezel, Abdullah Zaman, Amal Mohammad, Ghorour, Qahtan Al-Qahtani, Reem Al-Najim","The son of a tycoon, Hamad, must marry within one month and then have a son or he will be disinherited. A fitness instructor, Noor, is sure her boyfriend will propose. Instead, her friend, Ascia, finds out he has gotten married on this business trip and is honeymooning in Lebanon. Friends of Hamad and Noor fix them up. Hamad needs to get married. Noor needs to get revenge on her boyfriend. She can marry Hamad and honeymoon in Lebanon and find her ex-boyfriend and vent and make his jealous. There are other twists and turns in this RomCom."
tt31567422,Night Always Comes,2025,108.0,6.0,16499.0,https://www.imdb.com/title/tt31567422/,https://m.media-amazon.com/images/M/MV5BNjI4NDI1ZDEtN2Q5Zi00ZGU4LWJmNzctNjI1NzdlOWQxMGNkXkEyXkFqcGc@._V1_.jpg,Crime,"Crime, Drama, Thriller",Benjamin Caron,"Vanessa Kirby, Zack Gottsagen, Jennifer Jason Leigh, Jennifer Lanier, Jason Rouse, Christian Blair, Erin Way, J. Claude Deering","Vanessa Kirby, Zack Gottsagen, Jennifer Jason Leigh, Jennifer Lanier, Jason Rouse, Christian Blair, Erin Way, J. Claude Deering, Smack Louis, Stephan James","Lynette, who rises each morning before sunrise to juggle multiple jobs -not all of them are on the level - while also caring for her mother Doreen and older brother Kenny. Lynette has been hardened by her hardscrabble life; her bedroom houses the washer-dryer, an oil furnace and a utility sink. There's little or no money for new clothes or for treats. Lynette has gone without so she can save cash to purchase the ramshackle home her family has rented for decades in an area where the 'G' word - gentrification - has left a bitter taste; the working classes are being pushed outta town. A plan had been in place to raise a mortgage on the property, but when that's derailed she's forced to undertake a desperate odyssey in a city of greed. Lynette has to confront dangerous people who owe her money."
tt31711040,Rukku Bakku,2024,58.0,8.0,24024.0,https://www.imdb.com/title/tt31711040/,https://m.media-amazon.com/images/M/MV5BOTVhN2ZlNmUtZTY1Mi00OTUwLWIxNzEtYzgwZjg2ZTlhNWU1XkEyXkFqcGc@._V1_.jpg,Animation,"Animation, Drama",Kiyotaka Oshiyama,"Yumi Kawai, Mizuki Yoshida, Yôichirô Saitô, Kôta Oka, Kureha Maki, Kôya Yoshihashi, Takeshi Miyajima, Daisuke Takahashi","Yumi Kawai, Mizuki Yoshida, Yôichirô Saitô, Kôta Oka, Kureha Maki, Kôya Yoshihashi, Takeshi Miyajima, Daisuke Takahashi, Jun Itô, Kaori Takeuchi","The overly confident Fujino and the shut-in Kyomoto couldn't be more different, but a love of drawing manga brings these two small-town girls together."
tt31723358,Pídeme lo que quieras,2024,114.0,4.0,2922.0,https://www.imdb.com/title/tt31723358/,https://m.media-amazon.com/images/M/MV5BNWE0OTZkMjItNTU5MS00ZGRjLThkOTEtMjdjZGJjZjUxOTVkXkEyXkFqcGc@._V1_.jpg,Drama,"Drama, Romance, Thriller",Lucía Alemany,"Gabriela Andrada, Mario Ermito, Celia Freijeiro, David Solans, Alba Ribas, Joel Bosqued, Alicia Bercán, Anna Karinvinge","Gabriela Andrada, Mario Ermito, Celia Freijeiro, David Solans, Alba Ribas, Joel Bosqued, Alicia Bercán, Anna Karinvinge, Fernando Oyagüez, Paco Tous","After his father's death, Eric Zimmerman travels to Spain to oversee his company's branches. In Madrid, he falls for Judith and engage in an intense, erotic relationship full of exploration. Eric fears his secret may end their affair."
tt31727267,Sarah's Oil,2025,103.0,7.0,3548.0,https://www.imdb.com/title/tt31727267/,https://m.media-amazon.com/images/M/MV5BODYwNmM0NjUtMGFlMS00YjIzLWEwYTAtZGE3ZWYzMGUxMmZkXkEyXkFqcGc@._V1_.jpg,Biography,"Biography, Drama, History",Cyrus Nowrasteh,"Zachary Levi, Naya Desir-Johnson, Sonequa Martin-Green, Garret Dillahunt, Mel Rodriguez, Kenric Green, Bridget Regan, Adyan Copes","Zachary Levi, Naya Desir-Johnson, Sonequa Martin-Green, Garret Dillahunt, Mel Rodriguez, Kenric Green, Bridget Regan, Adyan Copes, Stelio Savante, Selase Botchway","Sarah's Oil is inspired by the remarkable true story of Sarah Rector, an African American girl born in Oklahoma Indian Territory in the early 1900s, who believes there is oil beneath the barren land she's allotted and whose faith is proven right. As greedy oil sharks close in, Sarah turns to her family, friends, and some Texas wildcatters to maintain control of her oil-rich land, eventually becoming among the nation's first female African American millionaires-at eleven years old."
tt31747163,What Jennifer Did,2024,87.0,6.0,13478.0,https://www.imdb.com/title/tt31747163/,https://m.media-amazon.com/images/M/MV5BNWEyOWI4ODItOGNjOS00YjI0LTljZTItOWM4N2Y1NDQxNzY1XkEyXkFqcGc@._V1_.jpg,Documentary,"Documentary, Crime",Jenny Popplewell,"Jennifer Pan, Bill Courtice, Alan Cooke, Deborah Gladding, David MacDonald, Hong Ngo, Nam Nguyen, Fernando Baldassini","Jennifer Pan, Bill Courtice, Alan Cooke, Deborah Gladding, David MacDonald, Hong Ngo, Nam Nguyen, Fernando Baldassini, Eric Carty, Lenford Crawford","When Jennifer Pan calls 911 to report that her parents have been shot, she becomes the primary focus of a captivating criminal case."
tt31788773,Suki demo kirai na amanojaku,2024,112.0,6.0,2379.0,https://www.imdb.com/title/tt31788773/,https://m.media-amazon.com/images/M/MV5BNmUyNjE1YjUtZGJlNC00YTcyLTgzZWQtOGUxNjJhM2VmODY0XkEyXkFqcGc@._V1_.jpg,Animation,"Animation, Adventure, Drama, Family, Fantasy",Tomotaka Shibayama,"Kenshô Ono, Miyu Tomita, Noriko Hidaka, Satoshi Mikami, Miou Tanaka, Hisako Kyôda, Shintarô Asanuma, Aya Yamane","Kenshô Ono, Miyu Tomita, Noriko Hidaka, Satoshi Mikami, Miou Tanaka, Hisako Kyôda, Shintarô Asanuma, Aya Yamane, Tomoko Shiota, Shirô Saitô","Hiiragi Yatsuse, a first-year high school student who struggles to make friends despite his efforts to please others. His life takes an unexpected turn when one summer day, he meets Tsumugi, an oni (demon) girl on a quest to find her mother in the human world. Snow mysteriously begins to fall... and their adventure begins."
tt31828346,Pikku Siperia,2025,105.0,5.0,1967.0,https://www.imdb.com/title/tt31828346/,https://m.media-amazon.com/images/M/MV5BMmJiZTM5Y2EtZWIxMy00ZWM3LTlkOGEtZmViMWQyM2Y5ZjNhXkEyXkFqcGc@._V1_.jpg,Comedy,"Comedy, Crime, Drama, Thriller",Dome Karukoski,"Eero Ritala, Malla Malmivaara, Tommi Korpela, Rune Temte, Severi Saarinen, Teemu Aromaa, Nelly Kärkkäinen, Jenni Banerjee","Eero Ritala, Malla Malmivaara, Tommi Korpela, Rune Temte, Severi Saarinen, Teemu Aromaa, Nelly Kärkkäinen, Jenni Banerjee, Martti Suosalo, Haymon Maria Buttinger","The everyday life of the small village of Hurmevaara is shaken when a meteorite falls through the roof of a car one night. According to the town's mayor, the meteorite is very valuable for the future of the slowly dying village. Joel, the village priest, and a veteran peacekeeper, ends up guarding the meteorite in an old museum before it is sent to London for a more detailed evaluation. But a precious meteorite gets a lot of attention... While Joel protects the meteorite from both amateur and professional criminals, he tries to unravel an even greater mystery surrounding his own life. Joel's wife has recently revealed that she, finally, is pregnant. Great news, but unfortunately, Joel is unable to have children due to his war injury. He just hasn't told his wife."
tt31828554,Je m'appelle Agneta,2026,113.0,7.0,4478.0,https://www.imdb.com/title/tt31828554/,https://m.media-amazon.com/images/M/MV5BMWE3NmMxZjItNTUyYy00NDcwLTgwOTgtNDQwNTU1ODk0MGFiXkEyXkFqcGc@._V1_.jpg,Comedy,Comedy,Johanna Runevad,"Eva Melander, Claes Månsson, Jérémie Covillault, Anne-Marie Ponsot, Björn Kjellman, Richard Forsgren, Alain Doutey, Måns Molin","Eva Melander, Claes Månsson, Jérémie Covillault, Anne-Marie Ponsot, Björn Kjellman, Richard Forsgren, Alain Doutey, Måns Molin, Maxwell Cunningham, Sarah Rothman","Agneta is a colorful and funny person, but it's not obvious on the surface. She has just turned 49, her children have flown the nest, her job at the traffic office is stagnant, and Agneta feels invisible. Her husband, on the other hand, has found meaning in life by doing ice-cold baths and cycling fast in expensive gear."
tt31844586,Sisu 2,2025,89.0,7.0,39283.0,https://www.imdb.com/title/tt31844586/,https://m.media-amazon.com/images/M/MV5BM2ZiNDZiZDQtMjYyOC00MWY1LTkyZjgtNDM1MmMwZTdhOWFkXkEyXkFqcGc@._V1_.jpg,Action,"Action, Thriller, War",Jalmari Helander,"Jorma Tommila, Stephen Lang, Richard Brake, Tommi Korpela, Kaspar Velberg, Pääru Oja, Erki Laur, Maksim Demidov","Jorma Tommila, Stephen Lang, Richard Brake, Tommi Korpela, Kaspar Velberg, Pääru Oja, Erki Laur, Maksim Demidov, Mart Nurk, Riho Rosberg","Returning to the house where his family was brutally murdered during the war, ""the man who refuses to die"" (Jorma Tommila) dismantles it, loads it on a truck, and is determined to rebuild it somewhere safe in their honor. When the Red Army commander who killed his family (Stephen Lang) comes back hellbent on finishing the job, a relentless, eye-popping cross-country chase ensues - a fight to the death."
tt31868189,Happy Gilmore 2,2025,114.0,6.0,122929.0,https://www.imdb.com/title/tt31868189/,https://m.media-amazon.com/images/M/MV5BYTQyNTRmYjItMDBjYi00YWNhLWEwMmQtNzJhODNiNjEzOWJlXkEyXkFqcGc@._V1_.jpg,Comedy,"Comedy, Sport",Kyle Newacheck,"Adam Sandler, Julie Bowen, Christopher McDonald, Benny Safdie, Ben Stiller, Bad Bunny, John Daly, Dennis Dugan","Adam Sandler, Julie Bowen, Christopher McDonald, Benny Safdie, Ben Stiller, Bad Bunny, John Daly, Dennis Dugan, Haley Joel Osment, Lavell Crawford","Nearly thirty years have passed since Happy Gilmore famously won the 1996 Tour Championship. For nearly twenty years after that victory his career flourished. That ended when his wife was tragically killed on a golf course. Distraught he gave up golf and turned to looking after his five kids. Over time, however, he has become an alcoholic and is working in a supermarket. Now his daughter has the opportunity to attend a prestigious dance school and the cost sees him contemplate taking up golf again."
tt31869664,Hanma Baki tai Kengan Ashura,2024,62.0,6.0,2519.0,https://www.imdb.com/title/tt31869664/,https://m.media-amazon.com/images/M/MV5BOTNkMTU1OWQtNTE5Yi00OTViLTlhOTMtZmYxZWJiMTU2MTAwXkEyXkFqcGc@._V1_.jpg,Animation,"Animation, Action, Drama, Sport, Thriller",Toshiki Hirano,"Nobunaga Shimazaki, Tatsuhisa Suzuki, Brian Beacock, Christine Marie Cabanos, Edward Bosco, Matthew Barron, Ray Chase, Steve Blum","Nobunaga Shimazaki, Tatsuhisa Suzuki, Brian Beacock, Christine Marie Cabanos, Edward Bosco, Matthew Barron, Ray Chase, Steve Blum, Troy Baker, Yutaka Aoyama","It's the ultimate showdown. The toughest fighters from Baki Hanma (2021) and Kengan Ashura (2019) clash in this unprecedented, hard-hitting martial arts crossover."
tt31888477,Downton Abbey: The Grand Finale,2025,123.0,7.0,19792.0,https://www.imdb.com/title/tt31888477/,https://m.media-amazon.com/images/M/MV5BZTUxOWRkN2UtZjBlMS00NWU0LWE2M2ItZmY5MDJjMzlhYTk4XkEyXkFqcGc@._V1_.jpg,Drama,Drama,Simon Curtis,"Marilyn Cutts, Dominic West, Lorna Nickson Brown, Daisy May, Sophie Colquhoun, Hugh Bonneville, Elizabeth McGovern, Laura Carmichael","Marilyn Cutts, Dominic West, Lorna Nickson Brown, Daisy May, Sophie Colquhoun, Hugh Bonneville, Elizabeth McGovern, Laura Carmichael, Harry Hadden-Paton, Raquel Cassidy","When Mary finds herself in a public scandal and the family faces financial trouble, the household grapples with the threat of social disgrace. The Crawleys must embrace change with the next generation leading Downton Abbey into the future."
tt31909270,Swiped,2025,110.0,7.0,9315.0,https://www.imdb.com/title/tt31909270/,https://m.media-amazon.com/images/M/MV5BNzBhZTFhZDItZDU3Ni00MjQwLWJhN2UtZjYzYmJhZTBkODIyXkEyXkFqcGc@._V1_.jpg,Biography,"Biography, Drama, History",Rachel Lee Goldenberg,"Lily James, Ben Schnetzer, Myha'la, Jackson White, Dan Stevens, Ian Colletti, Mary Neely, Ana Yi Puig","Lily James, Ben Schnetzer, Myha'la, Jackson White, Dan Stevens, Ian Colletti, Mary Neely, Ana Yi Puig, Aidan Laprete, Pedro Correa","Whitney Wolfe rises from recent graduate to pioneering entrepreneur, overcoming sexism and industry resistance as she creates Bumble, a dating app that reimagines how people connect."
tt31956415,Freakier Friday,2025,110.0,6.0,41212.0,https://www.imdb.com/title/tt31956415/,https://m.media-amazon.com/images/M/MV5BY2Q0M2NmMjctODEwMi00NGIyLTk4NjUtMzBlNDAxYTZlZGJiXkEyXkFqcGc@._V1_.jpg,Comedy,"Comedy, Family, Fantasy",Nisha Ganatra,"Jamie Lee Curtis, Lindsay Lohan, Julia Butters, Sophia Hammons, Mark Harmon, Manny Jacinto, Maitreyi Ramakrishnan, Christina Vidal","Jamie Lee Curtis, Lindsay Lohan, Julia Butters, Sophia Hammons, Mark Harmon, Manny Jacinto, Maitreyi Ramakrishnan, Christina Vidal, Haley Hudson, Chad Michael Murray","22 years after Tess and Anna endured an identity crisis, Anna now has a daughter and a soon-to-be stepdaughter. As they navigate the challenges that come when two families merge, Tess and Anna discover that lightning might strike twice."
tt31973693,The Roses,2025,105.0,7.0,61976.0,https://www.imdb.com/title/tt31973693/,https://m.media-amazon.com/images/M/MV5BYzliNTEyYjEtNGE3Mi00ZDIzLTg1NzYtZDBhNTQ5ZDVkMmM3XkEyXkFqcGc@._V1_.jpg,Comedy,Comedy,Jay Roach,"Olivia Colman, Benedict Cumberbatch, Kate McKinnon, Andy Samberg, Ncuti Gatwa, Sunita Mani, Zoë Chao, Jamie Demetriou","Olivia Colman, Benedict Cumberbatch, Kate McKinnon, Andy Samberg, Ncuti Gatwa, Sunita Mani, Zoë Chao, Jamie Demetriou, Delaney Quinn, Hala Finley","Life seems easy for picture-perfect couple Ivy (Colman) and Theo (Cumberbatch): successful careers, great kids, an enviable sex life. But underneath the façade of the perfect family is a tinderbox of competition and resentments that's ignited when Theo's professional dreams come crashing down."
tt32047217,Delicious,2025,102.0,4.0,6499.0,https://www.imdb.com/title/tt32047217/,https://m.media-amazon.com/images/M/MV5BNTFlZGNjMDAtOTJjYS00ODg3LTgzNjItMThlYWY2NWUwYTU3XkEyXkFqcGc@._V1_.jpg,Crime,"Crime, Drama, Thriller",Nele Mueller-Stöfen,"Valerie Pachner, Fahri Yardim, Carla Díaz, Naila Schuberth, Caspar Hoffmann, Julien De Saint Jean, Sina Martens, Johann von Bülow","Valerie Pachner, Fahri Yardim, Carla Díaz, Naila Schuberth, Caspar Hoffmann, Julien De Saint Jean, Sina Martens, Johann von Bülow, Nina Zem, Miveck Packa","A well-to-do German family mother Esther, father John and their two children Alba and Philipp spend the summer holidays in their villa in the south of France. Everything seems perfect. But the façade begins to crumble one evening when, following an accident on a country road, they take in a young woman and hire her as a maid. Behind the family's initial willingness to help, other motives soon emerge: each family member has their own idea of how they want to take advantage of the woman. But this is a serious mistake that they will soon come to regret and which will dramatically change the life of the entire family because Teodora has an agenda of her own."
tt32063098,Ballad of a Small Player,2025,101.0,6.0,26491.0,https://www.imdb.com/title/tt32063098/,https://m.media-amazon.com/images/M/MV5BMWZhYzE5ODctNTUwYi00ZGE3LTliNTgtZTNkYjcxZWMxMWJjXkEyXkFqcGc@._V1_.jpg,Crime,"Crime, Drama, Mystery, Thriller",Edward Berger,"Colin Farrell, Chik-Ka Lai, Alan K. Chang, Margaret Cheung, Jason Tobin, Tilda Swinton, Fala Chen, Deanie Ip","Colin Farrell, Chik-Ka Lai, Alan K. Chang, Margaret Cheung, Jason Tobin, Tilda Swinton, Fala Chen, Deanie Ip, Selena Fong, Alex Jennings","Lord Doyle is laying low in Macau spending his days and nights on the casino floors, drinking heavily and gambling what little money he has left. Struggling to keep up with his fast-rising debts, he is offered a lifeline by the mysterious Dao Ming, a casino employee with secrets of her own. However, in hot pursuit is Cynthia Blithe a private investigator ready to confront Doyle with what he is running from. As Doyle tries to climb to salvation, the confines of reality start to close in."
tt32065103,Secrets of the Neanderthals,2024,80.0,6.0,3090.0,https://www.imdb.com/title/tt32065103/,https://m.media-amazon.com/images/M/MV5BNmJlNGM3YWMtOWQ1YS00NGExLTk0ODgtNzYzMDRiN2NmMmQ0XkEyXkFqcGc@._V1_.jpg,Documentary,Documentary,Ashley Gething,"Emma Pomeroy, Graeme Barker, Abdullah Barzani, Abdulwahab Sulaiman Hasan, Michael Hitchcock, Davorka Radovcic, Ankica Oros Srsen, Chris Hunt","Emma Pomeroy, Graeme Barker, Abdullah Barzani, Abdulwahab Sulaiman Hasan, Michael Hitchcock, Davorka Radovcic, Ankica Oros Srsen, Chris Hunt, Lucía López-Polín, Amanda Henry","A unique excavation unravels the complex and creative nature of Neanderthals, shattering preconceptions through the lens of a landmark discovery - the best-preserved Neanderthal skeleton found in over 25 years."
tt32080855,Da meng,2025,134.0,8.0,1828.0,https://www.imdb.com/title/tt32080855/,https://m.media-amazon.com/images/M/MV5BZGYwMDk0N2ItYzljYy00ZjgzLWIyZDItZGJlOTc5NzJkN2RkXkEyXkFqcGc@._V1_.jpg,Adventure,"Adventure, Drama, Family, History",Yu-Hsun Chen,"Caitlin Fang, Will Or, 9m88, Jing-Hua Tseng, Bamboo Chu-Sheng Chen, Chi-hsia Chen, Chun-Cheng Chen, Lucy Chen","Caitlin Fang, Will Or, 9m88, Jing-Hua Tseng, Bamboo Chu-Sheng Chen, Chi-hsia Chen, Chun-Cheng Chen, Lucy Chen, Yt Yating Chang, Zheng Austin",Follows a young girl as she embarks on a perilous journey to earn funds to reclaim her family's remains.
tt32084246,Mary,2024,112.0,5.0,9369.0,https://www.imdb.com/title/tt32084246/,https://m.media-amazon.com/images/M/MV5BMDM5YWJlNjgtYzUyNy00MTc4LWFkZTAtMTdlNDM2MDcwYTcyXkEyXkFqcGc@._V1_.jpg,Drama,Drama,D.J. Caruso,"Noa Cohen, Ido Tako, Ori Pfeffer, Hilla Vidor, Dudley O'Shaughnessy, Anthony Hopkins, Ray Clark, Mili Avital","Noa Cohen, Ido Tako, Ori Pfeffer, Hilla Vidor, Dudley O'Shaughnessy, Anthony Hopkins, Ray Clark, Mili Avital, Stephanie Nur, Ait ben Azzouz Brahim","In coming-of-age story Mary, the title character is shunned following the otherworldly conception of her child and forced into hiding. King Herod's relentless drive to maintain power at any cost ignites the murderous pursuit of the newborn child that he believes is a threat to his reign on the throne. The film sees the young Mary and Joseph on the run and having to hide their baby, Jesus."
tt32095441,Mikaela,2025,90.0,5.0,1219.0,https://www.imdb.com/title/tt32095441/,https://m.media-amazon.com/images/M/MV5BYWZkNTY3YjYtODY3OS00MWZiLTlkMTItN2UyMGI3ZmJkNmVmXkEyXkFqcGc@._V1_.jpg,Action,"Action, Adventure, Thriller",Daniel Calparsoro,"Antonio Resines, Natalia Azahara, Roger Casamajor, Pavel Anton, Cristina Kovani, Adriana Torrebejano, Javier Albalá, Patricia Vico","Antonio Resines, Natalia Azahara, Roger Casamajor, Pavel Anton, Cristina Kovani, Adriana Torrebejano, Javier Albalá, Patricia Vico, Bernabé Fernández, Oleg Kricunova","Epiphany Eve. An unprecedented snowstorm ravages Spain. Amidst the chaos of a collapsed highway, a group of robbers takes the opportunity to assault an armored van."
tt32129665,Un fantasma en la batalla,2025,108.0,7.0,4088.0,https://www.imdb.com/title/tt32129665/,https://m.media-amazon.com/images/M/MV5BMzI1MGMyMWUtZmRkMC00NTg4LWFlYzYtOWFjZDIyMmJmMmI3XkEyXkFqcGc@._V1_.jpg,Drama,"Drama, History, Thriller",Agustín Díaz Yanes,"Susana Abaitua, Andrés Gertrúdix, Iraia Elias, Ariadna Gil, Raúl Arévalo, Anartz Zuazua, Jaime Chávarri, Cris Iglesias","Susana Abaitua, Andrés Gertrúdix, Iraia Elias, Ariadna Gil, Raúl Arévalo, Anartz Zuazua, Jaime Chávarri, Cris Iglesias, Mikel Losada, Ander Lacalle","Inspiré par les vies et les expériences de plusieurs membres de la Garde civile directement impliqués dans la lutte contre le terrorisme et ancré dans le contexte historique, politique et social des années 1990 et 2000, Un fantasma en la Batalla raconte l'histoire d'Amaia, une jeune garde civile qui passe plus de dix ans à travailler comme agent infiltrée au sein de l'ETA, dans le but de localiser les cachettes du groupe dans le sud de la France."
tt32138452,Ad Vitam,2025,98.0,6.0,11574.0,https://www.imdb.com/title/tt32138452/,https://m.media-amazon.com/images/M/MV5BZDEzZDcxYTAtN2YxZC00OGYzLWI3MDktNmEzYWJmMjQyNDBiXkEyXkFqcGc@._V1_.jpg,Action,"Action, Crime, Drama, Mystery, Thriller",Rodolphe Lauga,"Guillaume Canet, Stéphane Caillard, Nassim Lyes, Zita Hanrot, Alexis Manenti, Johan Heldenbergh, Jean-Yves Berteloot, Stéphane Rideau","Guillaume Canet, Stéphane Caillard, Nassim Lyes, Zita Hanrot, Alexis Manenti, Johan Heldenbergh, Jean-Yves Berteloot, Stéphane Rideau, Cyrielle Clair, Stéphanie Crayencour","After escaping an attempted murder, Franck Lazareff must find his wife Leo, who has been kidnapped by a mysterious group of armed men. He is caught up by his past and plunged into a state affair that is beyond him."
tt32138821,Living with Leopards,2024,71.0,7.0,1003.0,https://www.imdb.com/title/tt32138821/,https://m.media-amazon.com/images/M/MV5BOTlmMDYzMmUtNDk3MC00MWMyLThiZjAtOGM4YjZmYTFlM2M5XkEyXkFqcGc@._V1_.jpg,Documentary,Documentary,Alex Parkinson,"Alex Parkinson, Brad Bestelink","Alex Parkinson, Brad Bestelink","In the heart of South Africa's Londolozi Game Reserve, a remarkable bond defied the very nature of the wild. Living with Leopards follows the extraordinary relationship between legendary wildlife filmmaker John Varty (JV) and Manana, a wild leopard he filmed for 16 years. Fierce, elusive, and built for survival, Manana could kill with ease- yet beside her, unarmed and unharmed, sat JV. Through his lens, JV captured the intimate and often brutal realities of a leopard's existence: the relentless struggle to keep her kills, the ever-present threat of rival predators, and the heartbreaking battles to protect her cubs. His years of dedication revealed astonishing moments rarely seen in the wild-Manana launching aerial attacks from treetops, and in an act of profound grief, consuming her own lost cub. But beyond the predator, JV uncovered something more: trust. As the years passed, Manana not only tolerated his presence but actively sought him out, an unheard-of connection for a species as solitary as the leopard. In the final weeks of her life, she offered her greatest sign of trust- allowing JV to walk beside her on an impala hunt, perhaps her last. Living with Leopards is more than a film; it is a deeply personal journey into the secret world of one of Africa's most enigmatic big cats, told through the eyes of the man who lived it."
tt32141377,28 Years Later: The Bone Temple,2026,109.0,7.0,126051.0,https://www.imdb.com/title/tt32141377/,https://m.media-amazon.com/images/M/MV5BZGU2M2Y1YTItMWYxNS00NDYxLThhOTYtNjNhOWUzNjA3MTYwXkEyXkFqcGc@._V1_.jpg,Horror,"Horror, Sci-Fi, Thriller",Nia DaCosta,"Jack O'Connell, Alfie Williams, Connor Newall, Erin Kellyman, Maura Bird, Ghazi Al Ruffai, Robert Rhodes, Emma Laird","Jack O'Connell, Alfie Williams, Connor Newall, Erin Kellyman, Maura Bird, Ghazi Al Ruffai, Robert Rhodes, Emma Laird, Sam Locke, Gareth Locke","Spike moves through initiation inside a violent cult like gang led by performative madness. His identity is reshaped as loyalty is imposed through fear and ritual. Dr. Kelson isolates himself in obsessive research, interpreting infection through a strange logic of compassion and control. As both story-lines converge, human cruelty replaces infection as the dominant force. Each character bends toward compromise, survival, or submission, while belief systems fracture under pressure and trust becomes a liability."
tt32149847,Drop,2025,95.0,6.0,59266.0,https://www.imdb.com/title/tt32149847/,https://m.media-amazon.com/images/M/MV5BOWUyOTNlMjItNWUyZC00ZGJiLTg3MDMtODJmMGQyMGY3NzU3XkEyXkFqcGc@._V1_.jpg,Drama,"Drama, Mystery, Thriller",Christopher Landon,"Meghann Fahy, Brandon Sklenar, Violett Beane, Jacob Robinson, Reed Diamond, Gabrielle Ryan, Sarah McCormack, Jeffery Self","Meghann Fahy, Brandon Sklenar, Violett Beane, Jacob Robinson, Reed Diamond, Gabrielle Ryan, Sarah McCormack, Jeffery Self, Ed Weeks, Ben Pelletier","A widowed mother on her first date in years, who arrives at an upscale restaurant where she is relieved that her date, Henry is more charming and handsome than she expected. But their chemistry begins to curdle as Violet begins being irritated and then terrorized by a series of anonymous drops to her phone."
tt32155665,53 domingos,2026,78.0,6.0,2247.0,https://www.imdb.com/title/tt32155665/,https://m.media-amazon.com/images/M/MV5BN2QzYTk0YTItMmM4OS00ZGNlLTk3NTQtZTAzNGQyMWU3MDc5XkEyXkFqcGc@._V1_.jpg,Comedy,"Comedy, Drama",Cesc Gay,"Javier Cámara, Carmen Machi, Javier Gutiérrez, Alexandra Jiménez, Ricardo Lacámara, Rosa Vivas, Carla Soto, Leyre Soto","Javier Cámara, Carmen Machi, Javier Gutiérrez, Alexandra Jiménez, Ricardo Lacámara, Rosa Vivas, Carla Soto, Leyre Soto, Pedro Miguel Martínez, Antonio Márquez","Three siblings, meet to discuss about their octogenarian father, who has started showing strange behavior."
tt32159989,After the Hunt,2025,138.0,6.0,24813.0,https://www.imdb.com/title/tt32159989/,https://m.media-amazon.com/images/M/MV5BMzYyOTAwODEtZTY4My00MjVkLWJjYjUtMjE2N2UzYTE3MTY3XkEyXkFqcGc@._V1_.jpg,Crime,"Crime, Drama, Thriller",Luca Guadagnino,"Julia Roberts, Ayo Edebiri, Andrew Garfield, Michael Stuhlbarg, Chloë Sevigny, Lío Mehiel, David Leiber, Thaddea Graham","Julia Roberts, Ayo Edebiri, Andrew Garfield, Michael Stuhlbarg, Chloë Sevigny, Lío Mehiel, David Leiber, Thaddea Graham, Will Price, Christine Dye","In 2019 at Yale University, among a circle of philosophy professors and students, Alma Imhoff - a successful PhD candidate returning after a period of medical treatment - hosts a social dinner alongside her husband, the psychiatrist Frederik. In the end, her friend (and former lover) Hank leaves the party with their student, Maggie. The next day, Maggie confides in Alma that Hank sexually assaulted her. However, Hank denies the accusation, claiming it is false and driven only by resentment over a fraudulent exam. Torn between these two accounts, Alma must decide whom to believe."
tt32176689,Boku no Hîrô Akademia za Mûbî Yuâ Nekusuto,2024,110.0,7.0,4346.0,https://www.imdb.com/title/tt32176689/,https://m.media-amazon.com/images/M/MV5BNGVmZDJhNjItYzdlOC00ODA2LWFkYjctY2NmMzNiZTQ2NTVjXkEyXkFqcGc@._V1_.jpg,Animation,"Animation, Action, Adventure, Sci-Fi",Tensai Okamura,"Daiki Yamashita, Nobuhiko Okamoto, Yûki Kaji, Ayane Sakura, Yoshimasa Hosoya, Kaito Ishikawa, Marina Inoue, Toshiki Masuda","Daiki Yamashita, Nobuhiko Okamoto, Yûki Kaji, Ayane Sakura, Yoshimasa Hosoya, Kaito Ishikawa, Marina Inoue, Toshiki Masuda, Eri Kitamura, Aoi Yûki","Deku, Bakugo, Todoroki and the rest of U.A. High Class 1-A must face off against Dark Might and the obscure crime organisation under his control, the Gollini Family."
tt32214143,Gabby's Dollhouse: The Movie,2025,98.0,5.0,2927.0,https://www.imdb.com/title/tt32214143/,https://m.media-amazon.com/images/M/MV5BMmUwNTg3ODMtZGQxZi00Y2VmLWJhMTEtZTc5ZGM1Nzc5MDViXkEyXkFqcGc@._V1_.jpg,Animation,"Animation, Adventure, Comedy, Family, Fantasy, Musical",Ryan Crego,"Gloria Estefan, Tina Ukwu, Laila Lockhart Kraner, Juliet Donenfeld, Secunda Wood, Donovan Patton, Eduardo Franco, Logan Bailey","Gloria Estefan, Tina Ukwu, Laila Lockhart Kraner, Juliet Donenfeld, Secunda Wood, Donovan Patton, Eduardo Franco, Logan Bailey, Maggie Lowe, Kristen Wiig",Gabby and Grandma Gigi's road trip takes an unexpected turn when Gabby's prized dollhouse ends up with eccentric cat lady Vera. Gabby embarks on a adventure to reunite the Gabby Cats and retrieve her beloved dollhouse before it's too late.
tt32245043,Spadek,2024,94.0,5.0,4492.0,https://www.imdb.com/title/tt32245043/,https://m.media-amazon.com/images/M/MV5BOTdhM2I5NGYtOWM0My00NDI3LTg3YWEtNTUyNzdiNDdlZDQ2XkEyXkFqcGc@._V1_.jpg,Comedy,"Comedy, Drama, Mystery",Sylwester Jakimow,"Jan Peszek, Maciej Stuhr, Joanna Trzepiecinska, Mateusz Król, Gabriela Muskala, Piotr Pacek, Piotr Polak, Adam Ferency","Jan Peszek, Maciej Stuhr, Joanna Trzepiecinska, Mateusz Król, Gabriela Muskala, Piotr Pacek, Piotr Polak, Adam Ferency, Franek Slominski, Józefina Karnkowska","When an eccentric inventor and gameshow host, played by Jan Peszek, suddenly passes away, a family of bickering oddballs, among them Maciej Stuhr, Joanna Trzepiecinska and Mateusz Król, gathers with hopes of inheriting his fortune. To everyone's surprise, the unconventional uncle prepared one last game for them to determine who would receive his inheritance. It involves a series of tasks and puzzles, testing their ability to reconcile and work together."
tt32245158,Napad,2024,113.0,6.0,4752.0,https://www.imdb.com/title/tt32245158/,https://m.media-amazon.com/images/M/MV5BZmM1MjNjZDQtZjNhNS00YzI1LWIwYzUtNzM4MjU1ODliNjVlXkEyXkFqcGc@._V1_.jpg,Crime,"Crime, Drama",Michal Gazda,"Olaf Lubaszenko, Jedrzej Hycnar, Wiktoria Gorodecka, Magdalena Boczarska, Ellen David, Miroslaw Haniszewski, Nel Kaczmarek, Richard M Dumont","Olaf Lubaszenko, Jedrzej Hycnar, Wiktoria Gorodecka, Magdalena Boczarska, Ellen David, Miroslaw Haniszewski, Nel Kaczmarek, Richard M Dumont, Stanislaw Linowski, Tod Fennell","In the early 1990s, a discharged police officer (Olaf Lubaszenko) is given a chance to reclaim his former life in exchange for capturing a group responsible for an attack on the bank. With a young policewoman assigned to the case, the detective must act quickly; media attention on the robbery is unwelcomed by new authorities."
tt32246771,Bring Her Back,2025,104.0,7.0,140627.0,https://www.imdb.com/title/tt32246771/,https://m.media-amazon.com/images/M/MV5BZTlhYTk1ZTEtOWY3NC00NWQ5LTlkOTctNjQ3ZDYyZGE5ZWNlXkEyXkFqcGc@._V1_.jpg,Horror,"Horror, Mystery","Danny Philippou, Michael Philippou","Billy Barratt, Sally Hawkins, Mischa Heywood, Jonah Wren Phillips, Stephen Phillips, Sally-Anne Upton, Sora Wong, Kathryn Adams","Billy Barratt, Sally Hawkins, Mischa Heywood, Jonah Wren Phillips, Stephen Phillips, Sally-Anne Upton, Sora Wong, Kathryn Adams, Brian Godfrey, Brendan Bacon","With death further strengthening their bond, step-siblings Andy and Piper find themselves hastily placed into the foster care system following a tragic home accident. After all, Andy is not yet of legal age to apply for guardianship; he must wait three long months before they move into their new place. Until then, the troubled youth must behave himself as Laura, an empathetic foster mum coping with silent grief, offers to adopt them both into her secluded home in the woods. However, there is something off about the artificially benevolent guardian. Without a doubt, Laura wants something so bad she can taste it. The problem is, she must never bend the rules or break the circle. But just how far is she willing to go to bring her back?"
tt32267351,Nahir,2024,122.0,5.0,1258.0,https://www.imdb.com/title/tt32267351/,https://m.media-amazon.com/images/M/MV5BYzFhYTFjZWItNWQ1MC00N2UzLThkNTUtMmIwNDNhYWQzMGRjXkEyXkFqcGc@._V1_.jpg,Biography,"Biography, Crime, Drama, Thriller",Hernán Guerschuny,"Valentina Zenere, Simon Hempe, César Bordón, Mónica Antonópulos, Nacho Gadano, Felipe Canullan Weise, Ramiro Vayo, Darío Levy","Valentina Zenere, Simon Hempe, César Bordón, Mónica Antonópulos, Nacho Gadano, Felipe Canullan Weise, Ramiro Vayo, Darío Levy, Pedro Risi, Mariel Neira","In 2018, one of the most shocking crimes in recent Argentine history occurred. Nahir Galarza, a 19-year-old woman, was accused and convicted of murdering her boyfriend, Fernando Pastorizzo, thus becoming the youngest woman in the country's history to be sentenced to life imprisonment for her crimes. However, the story takes a significant turn when Nahir completely changes her version, shifting the accusation to her father, an officer of the Argentine police, claiming he was the real killer. An accusation that the local justice system did not take seriously."
tt32299316,Dangerous Animals,2025,98.0,6.0,39461.0,https://www.imdb.com/title/tt32299316/,https://m.media-amazon.com/images/M/MV5BMTg5M2ZjNjItZThiZi00NDFiLTg3NmYtMmFhZTkxZWQ2OWVmXkEyXkFqcGc@._V1_.jpg,Horror,"Horror, Thriller",Sean Byrne,"Hassie Harrison, Jai Courtney, Josh Heuston, Ella Newton, Liam Greinke, Rob Carlton, Ali Basoka, Michael Goldman","Hassie Harrison, Jai Courtney, Josh Heuston, Ella Newton, Liam Greinke, Rob Carlton, Ali Basoka, Michael Goldman, Carla Haynes, Dylan Eastland","Zephyr, a free-spirited surfer living out of her van, finds her life in immediate peril when she is abducted by a shark-obsessed serial killer. Held captive on his remote fishing trawler alongside another victim, she realizes she is being kept as part of a ritualistic game. With hungry sharks circling the boat and no hope of rescue, Zephyr must rely on her resilience and resourcefulness to outwit her captor and escape before she becomes the latest offering to the deep."
tt32313870,Mavi Magara,2024,88.0,5.0,8495.0,https://www.imdb.com/title/tt32313870/,https://m.media-amazon.com/images/M/MV5BNTU4NTY0N2QtNjA1NC00MWFjLWI2YjQtZmUxZjM4OGU0MDU2XkEyXkFqcGc@._V1_.jpg,Drama,Drama,Altan Dönmez,"Kerem Bürsin, Devrim Özkan, Okan Yalabık, Yüsra Geyik, Ece Dizdar, Taner Birsel, Deniz Cengiz, Alper Baytekin","Kerem Bürsin, Devrim Özkan, Okan Yalabık, Yüsra Geyik, Ece Dizdar, Taner Birsel, Deniz Cengiz, Alper Baytekin, Idil Sivritepe, Temmuz Gürkan Karaca","When Cem (Kerem Bürsin), a soldier in the navy, loses his wife Alara (Devrim Özkan) to cancer, he begins a journey towards the ""Blue Cave"", the place where he promised to show his great love for her one day. Cem's journey to the Blue Cave; It turns into a surprising discovery that reveals the details of his relationship with Alara and reaffirms that true love is eternal."
tt32332404,Keeper,2025,99.0,6.0,22882.0,https://www.imdb.com/title/tt32332404/,https://m.media-amazon.com/images/M/MV5BYWEwYmY5NGYtOWFkNy00YTAxLWJmNzMtZWM0M2Y1NjcxMDMyXkEyXkFqcGc@._V1_.jpg,Horror,"Horror, Mystery",Osgood Perkins,"Tatiana Maslany, Rossif Sutherland, Birkett Turton, Eden Weiss, Cassandra Ebner, Tess Degenstein, Erin Boyes, Gina Vultaggio","Tatiana Maslany, Rossif Sutherland, Birkett Turton, Eden Weiss, Cassandra Ebner, Tess Degenstein, Erin Boyes, Gina Vultaggio, Claire Friesen, Christin Park","A couple heads out to an extravagant cabin in the woods, owned by the boyfriend, for a weekend getaway. Things start off perfectly--there's a gift cake from the cleaner, a romantic dinner--but when the boyfriend's cousin unexpectedly stops by, the atmosphere shifts. As the weekend unravels, the girlfriend begins to wonder if everything is really as it seems."
tt32360696,French Lover,2025,122.0,6.0,7189.0,https://www.imdb.com/title/tt32360696/,https://m.media-amazon.com/images/M/MV5BZjE0Y2M4N2EtODMxNi00NGUyLTk1YzMtYjI5OGY2N2MyNTEyXkEyXkFqcGc@._V1_.jpg,Comedy,"Comedy, Romance",Lisa-Nina Rives,"Omar Sy, Sara Giraudeau, Alban Ivanov, Pascale Arbillot, Agnès Hurstel, Xavier Lacaille, Cindy Bruna, Amaury de Crayencour","Omar Sy, Sara Giraudeau, Alban Ivanov, Pascale Arbillot, Agnès Hurstel, Xavier Lacaille, Cindy Bruna, Amaury de Crayencour, Isabelle Candelier, Antoine Chappey",A movie actor in Paris has a chance encounter with a waitress and he takes an immediate liking to her because of her innocence and simplicity. She is attracted to him too but treads cautiously to avoid becoming one of his flings. Later love blooms when they spend some more time together but she finds it difficult to adapt to his glamorous and busy life in the movies. She has now to make a decision whether or not to continue the romantic affair.
tt32362890,Thrash,2026,86.0,5.0,33355.0,https://www.imdb.com/title/tt32362890/,https://m.media-amazon.com/images/M/MV5BODMxNjdhMWQtMmJhYS00MDc1LTkyYzAtYTgzZTFhMmI1ODEyXkEyXkFqcGc@._V1_.jpg,Horror,"Horror, Thriller",Tommy Wirkola,"Phoebe Dynevor, Whitney Peak, Djimon Hounsou, Alyla Browne, Stacy Clausen, Dante Ubaldi, Sami Afuni, Tyler Coppin","Phoebe Dynevor, Whitney Peak, Djimon Hounsou, Alyla Browne, Stacy Clausen, Dante Ubaldi, Sami Afuni, Tyler Coppin, Adam Dunn, Chai Hansen","When a Category 5 hurricane decimates a coastal town, the storm surge brings devastation, chaos and something far more frightening: hungry sharks."
tt32376165,A House of Dynamite,2025,112.0,6.0,122939.0,https://www.imdb.com/title/tt32376165/,https://m.media-amazon.com/images/M/MV5BYmNlYTgwYzMtYzdlNC00MjJhLTlmMzItNWFiYmZhOWNhNmYzXkEyXkFqcGc@._V1_.jpg,Drama,"Drama, Thriller",Kathryn Bigelow,"Idris Elba, Rebecca Ferguson, Gabriel Basso, Jared Harris, Tracy Letts, Anthony Ramos, Moses Ingram, Jonah Hauer-King","Idris Elba, Rebecca Ferguson, Gabriel Basso, Jared Harris, Tracy Letts, Anthony Ramos, Moses Ingram, Jonah Hauer-King, Greta Lee, Jason Clarke","When a single, unattributed missile is launched at the United States, a race begins to determine who is responsible and how to respond."
tt32378300,Summer of 69,2025,101.0,6.0,3577.0,https://www.imdb.com/title/tt32378300/,https://m.media-amazon.com/images/M/MV5BMTA5MTQ2NmEtZGNiYy00MjAzLTgyNDctOTgzN2VmN2Y2YzhlXkEyXkFqcGc@._V1_.jpg,Comedy,"Comedy, Drama",Jillian Bell,"Chloe Fineman, Sam Morelos, Matt Cornett, Nicole Byer, Liza Koshy, Natalie Morales, Paula Pell, Charlie Day","Chloe Fineman, Sam Morelos, Matt Cornett, Nicole Byer, Liza Koshy, Natalie Morales, Paula Pell, Charlie Day, Alex Moffat, Fernando Carsa","Abby seeks to impress her crush by learning a specific sexual position, enlisting a stripper's help. However, she realizes true self-discovery and lasting friendship are more valuable."
tt32434379,My Fault: London,2025,120.0,6.0,18701.0,https://www.imdb.com/title/tt32434379/,https://m.media-amazon.com/images/M/MV5BN2MzOTJiOTItODBjOS00MjVhLWFiOWQtOTVjOTAyM2NkODM2XkEyXkFqcGc@._V1_.jpg,Drama,"Drama, Romance","Charlotte Fassler, Dani Girdwood","Asha Banks, Matthew Broome, Eve Macklin, Ray Fearon, Enva Lewis, Kerim Hassan, Sam Buchanan, Christina Cole","Asha Banks, Matthew Broome, Eve Macklin, Ray Fearon, Enva Lewis, Kerim Hassan, Sam Buchanan, Christina Cole, Jason Flemyng, Harry Gilby","An 18-year-old girl moves from America to London with her mother and wealthy stepfather. When she meets her stepbrother, an attraction sparks despite their efforts. Her estranged father also tracks her down after his release from prison."
tt32441275,The Accidental Twins,2024,84.0,7.0,1240.0,https://www.imdb.com/title/tt32441275/,https://m.media-amazon.com/images/M/MV5BZjBiNWNmYWQtMTgxNS00MGZmLTk3ZTktMTg5MzViOGNlMTJjXkEyXkFqcGc@._V1_.jpg,Documentary,Documentary,Alessandro Angulo,Tom Wade,Tom Wade,Two sets of identical twins switched at birth in Colombia explore their complex history and new identities in this captivating documentary.
tt32451344,Mysteries of the Terracotta Warriors,2024,77.0,7.0,2038.0,https://www.imdb.com/title/tt32451344/,https://m.media-amazon.com/images/M/MV5BZDhkZjYwMjktMWFjMy00MGE2LTg2ODgtN2JlZDVhZmJlYWE3XkEyXkFqcGc@._V1_.jpg,Documentary,"Documentary, History",James Tovell,"Bin Xiong, Jing Lusi, Xiandong Pang, Xiuzhen Janice Li, Zhu Sihong","Bin Xiong, Jing Lusi, Xiandong Pang, Xiuzhen Janice Li, Zhu Sihong","Fifty years after the Terracotta Warriors' discovery, this documentary unearths new secrets from China's first emperor's mausoleum and its 8,000 pottery soldier guards."
tt32543884,Fall for Me,2025,103.0,5.0,6203.0,https://www.imdb.com/title/tt32543884/,https://m.media-amazon.com/images/M/MV5BODUyOTc1ZDYtNjc5Ny00MzRkLTg5MDQtYTU3ZjM1MTExY2Y4XkEyXkFqcGc@._V1_.jpg,Thriller,Thriller,Sherry Hormann,"Svenja Jung, Theo Trebs, Thomas Kretschmann, Tijan Marei, Victor Meutelet, Antje Traue, Lucía Barrado, Canan Samadi","Svenja Jung, Theo Trebs, Thomas Kretschmann, Tijan Marei, Victor Meutelet, Antje Traue, Lucía Barrado, Canan Samadi, Sienna Fournet Hoeltschi, Anton Kostov","Lilli visits her sister Valeria, surprised to learn she's engaged to a Frenchman, Manu. She spontaneously meets nightclub manager Tom, sparking an instant connection. A dark secret lurks behind the island's events."
tt32549601,Caramelo,2025,101.0,7.0,9388.0,https://www.imdb.com/title/tt32549601/,https://m.media-amazon.com/images/M/MV5BNTRlMzI4MDItZDJiNS00YmNmLWE1MmQtNjZjYTVhNDdmYjQ1XkEyXkFqcGc@._V1_.jpg,Comedy,"Comedy, Drama, Family",Diego Freitas,"Rafael Vitti, Arianne Botelho, Kelzy Ecard, Bruno Vinícius, Ademara, Noemia Oliveira, Carolina Ferraz, Cristina Pereira","Rafael Vitti, Arianne Botelho, Kelzy Ecard, Bruno Vinícius, Ademara, Noemia Oliveira, Carolina Ferraz, Cristina Pereira, Paola Carosella, Amendoim","After a life-changing diagnosis, a promising chef finds hope and humor with the help of a fur-midable dog friend."
tt32550101,Straw,2025,105.0,7.0,32250.0,https://www.imdb.com/title/tt32550101/,https://m.media-amazon.com/images/M/MV5BNmZjOTU5MGQtYTcyMi00ZGJjLTk4NzQtZTcwMmI0MTczNTUwXkEyXkFqcGc@._V1_.jpg,Drama,"Drama, Thriller",Tyler Perry,"Taraji P. Henson, Sherri Shepherd, Teyana Taylor, Sinbad, Rockmond Dunbar, Ashley Versher, Mike Merrill, Glynn Turman","Taraji P. Henson, Sherri Shepherd, Teyana Taylor, Sinbad, Rockmond Dunbar, Ashley Versher, Mike Merrill, Glynn Turman, Shalèt Monique, Diva Tyler",A series of devastating events leads a single mother down an unforeseen path on which she becomes embroiled in an unthinkable situation and lands in the center of suspicion in an indifferent world.
tt32558992,Heart Eyes,2025,97.0,6.0,39800.0,https://www.imdb.com/title/tt32558992/,https://m.media-amazon.com/images/M/MV5BZDA4ZjVmM2MtYWJlNC00OTE5LThlOWQtYjQ4Yjg1ODg5MTE4XkEyXkFqcGc@._V1_.jpg,Comedy,"Comedy, Horror, Mystery, Romance",Josh Ruben,"Alex Walker, Lauren O'Hara, Latham Gaines, Alex McColl, Karlton Laing, Amy L. Workman, Olivia Holt, Gigi Zumbado","Alex Walker, Lauren O'Hara, Latham Gaines, Alex McColl, Karlton Laing, Amy L. Workman, Olivia Holt, Gigi Zumbado, Mason Gooding, Michaela Watkins","When two coworkers have to survive the Heart Eyes Killer on Valentine's Day, the two have to find out who it is."
tt32560777,Plankton: The Movie,2025,87.0,5.0,4963.0,https://www.imdb.com/title/tt32560777/,https://m.media-amazon.com/images/M/MV5BNTZmOGRiMzgtNTIxYy00ZTg4LTlhMTUtMTgwOWI0NTVhM2UwXkEyXkFqcGc@._V1_.jpg,Animation,"Animation, Adventure, Comedy, Family, Fantasy, Musical, Romance",Dave Needham,"Mr. Lawrence, Jill Talley, Tom Kenny, Bill Fagerbakke, Rodger Bumpass, Carolyn Lawrence, Clancy Brown, Mary Jo Catlett","Mr. Lawrence, Jill Talley, Tom Kenny, Bill Fagerbakke, Rodger Bumpass, Carolyn Lawrence, Clancy Brown, Mary Jo Catlett, Lori Alan, Dee Bradley Baker","When Karen the Computer decides to take over the world, it's up to Plankton to stop her - with a little help from SpongeBob and the Gal Pals (Pearl, Sandy, and Mrs. Puff)."
tt32572716,The Truth and Tragedy of Moriah Wilson,2026,95.0,7.0,5083.0,https://www.imdb.com/title/tt32572716/,https://m.media-amazon.com/images/M/MV5BM2E2MTMzNGQtZTMyNy00NDNkLWJmMDktNmM4MWJiYjNlNWRhXkEyXkFqcGc@._V1_.jpg,Documentary,"Documentary, Crime",Marina Zenovich,"Moriah Wilson, Caitlin Cash, Karen Wilson, Eric Wilson, Richard Spitler, Matt Wilson, Allen Lim, Ian Dille","Moriah Wilson, Caitlin Cash, Karen Wilson, Eric Wilson, Richard Spitler, Matt Wilson, Allen Lim, Ian Dille, Maude Farrell, Guillermo González","An intimate portrait of cyclist Moriah Wilson, raised by a fierce, loving family, whose singular drive propelled her to athletic brilliance before her life was tragically cut short by murder."
tt32598483,Goyo,2024,106.0,7.0,2505.0,https://www.imdb.com/title/tt32598483/,https://m.media-amazon.com/images/M/MV5BYWVlOTUzN2UtNWEyMC00NTM5LTlmOWQtY2Q3ZDdmODI2YTc5XkEyXkFqcGc@._V1_.jpg,Comedy,"Comedy, Drama, Romance",Marcos Carnevale,"Nicolás Furtado, Nancy Dupláa, Soledad Villamil, Pablo Rago, Alain Goulem, Alex Ivanovici, Diego Alonso Gómez, Ellen David","Nicolás Furtado, Nancy Dupláa, Soledad Villamil, Pablo Rago, Alain Goulem, Alex Ivanovici, Diego Alonso Gómez, Ellen David, Mayra Homar, Milo Lis","Goyo is a Van Gogh fan with Asperger's who works as a guide at the Museum of Fine Arts in the City of Buenos Aires. His structured routine is interrupted when he meets Eva, the museum's new security guard, and love and tenderness overwhelm him. Eva lost faith in love after a marriage crisis, which at times makes her lose faith in herself. Will the unexpected meeting between Goyo and Eva help them discover another way of loving and being loved?"
tt32600395,Hyakuemu,2025,106.0,8.0,8756.0,https://www.imdb.com/title/tt32600395/,https://m.media-amazon.com/images/M/MV5BOTYyNWZiNTktNzhiYi00YWVmLWJhZTctZTc4MDRkZGMyZjVhXkEyXkFqcGc@._V1_.jpg,Animation,"Animation, Drama, Sport",Kenji Iwaisawa,"Tôri Matsuzaka, Shôta Sometani, Jun Kasama, Kôki Uchiyama, Kenjiro Tsuda, Yuma Uchida, Rie Takahashi, Haruki Ishiya","Tôri Matsuzaka, Shôta Sometani, Jun Kasama, Kôki Uchiyama, Kenjiro Tsuda, Yuma Uchida, Rie Takahashi, Haruki Ishiya, Yuki Tanaka, Hiiro Ishibashi","In the unforgiving world of elite track and field, two runners chase the same dream through very different paths to glory. As rivalry and obsession intensify, they must confront what it truly means to push beyond their limits. An intense sports drama about pressure, ambition, and the price of chasing the impossible."
tt32642706,The Rip,2026,113.0,7.0,145888.0,https://www.imdb.com/title/tt32642706/,https://m.media-amazon.com/images/M/MV5BNjIzMGY3MzMtNDVlMS00MGU1LTkyNTItMmI4Mzk0Mjg3OTBkXkEyXkFqcGc@._V1_.jpg,Action,"Action, Crime, Drama, Mystery, Thriller",Joe Carnahan,"Matt Damon, Ben Affleck, Steven Yeun, Teyana Taylor, Catalina Sandino Moreno, Sasha Calle, Kyle Chandler, Scott Adkins","Matt Damon, Ben Affleck, Steven Yeun, Teyana Taylor, Catalina Sandino Moreno, Sasha Calle, Kyle Chandler, Scott Adkins, Daisuke Tsuji, Nestor Carbonell","A Miami narcotics unit fractures from the inside after discovering a cartel stash house loaded with cash, six weeks after their captain's unsolved murder. The city itself feels like a pressure cooker, and the team feels it: loyalty curdles fast when the numbers have that many zeroes. Carnahan keeps the interrogation frame tight, feeding information in controlled doses, trusting the ensemble to carry the weight of suspicion before the plot demands anything explicit of them. It mostly works."
tt32643830,Abadi Nan Jaya,2025,116.0,5.0,7164.0,https://www.imdb.com/title/tt32643830/,https://m.media-amazon.com/images/M/MV5BY2Y3ZGFmMjAtNGI3MS00MGNkLWI4MWYtOWNhNDhiN2Q3MWNhXkEyXkFqcGc@._V1_.jpg,Horror,"Horror, Thriller",Kimo Stamboel,"Mikha Tambayong, Eva Celia Latjuba, Donny Damara, Marthino Lio, Dimas Anggara, Varren Arianda Calief, Ardit Erwandha, Claresta Taufan Kusumarina","Mikha Tambayong, Eva Celia Latjuba, Donny Damara, Marthino Lio, Dimas Anggara, Varren Arianda Calief, Ardit Erwandha, Claresta Taufan Kusumarina, Kiki Narendra, Vonny Anggraini","Set in a remote Indonesian village, The Elixir follows Sadimin, a struggling herbalist desperate to restore his once-thriving family business. When he stumbles upon a miraculous jamu recipe that appears to reverse aging, hope briefly replaces despair. Yet his renewed vigor only intensifies old wounds between his daughter Kenes and Karina, Sadimin's much younger wife and Kenes's former best friend. As familial grudges simmer and greed takes root, the strange effects of the potion spiral out of control, turning rejuvenation into ruin. What begins as a character-driven drama about legacy and resentment mutates into a frantic survival tale as the family faces the consequences of tampering with nature itself."
tt32768323,The Assessment,2024,114.0,7.0,25308.0,https://www.imdb.com/title/tt32768323/,https://m.media-amazon.com/images/M/MV5BOWFjMGIwNDgtODE5MS00ZWVkLTlhNzgtMDI1ZDM1OWMyYzY4XkEyXkFqcGc@._V1_.jpg,Drama,"Drama, Sci-Fi",Fleur Fortune,"Suhayla Balli Al Soufi Del Diego, Angeline Padrón Filippova, Saida Fuentes, Elizabeth Olsen, Indira Varma, Himesh Patel, Alicia Vikander, Charlotte Ritchie","Suhayla Balli Al Soufi Del Diego, Angeline Padrón Filippova, Saida Fuentes, Elizabeth Olsen, Indira Varma, Himesh Patel, Alicia Vikander, Charlotte Ritchie, Leah Harvey, Anaya Thorley","Set in a world destroyed by climate change. Part of society has created a parallel world for itself. Life is controlled and optimized, and the desire to have children is also not left to chance. The lives of a successful young couple are therefore put under close scrutiny by a female assessor over the course of seven days."
tt32907397,Inside the Mind of a Dog,2024,75.0,7.0,2851.0,https://www.imdb.com/title/tt32907397/,https://m.media-amazon.com/images/M/MV5BZjA3ZjA5MWMtYTNkMi00NTU3LWJjNzYtZjk1M2YzZDI2YWNhXkEyXkFqcGc@._V1_.jpg,Documentary,Documentary,Andy Mitchell,"Rob Lowe, Bastian the Talking Terrier, Joelle Andres, Puppy Parker Posey, Sascha Crasnow","Rob Lowe, Bastian the Talking Terrier, Joelle Andres, Puppy Parker Posey, Sascha Crasnow","A documentary on the thought processes, intelligence and personalities of dogs, examining their history and relationship with wolves, their domestication and uses in helping people. In particular, we see how dogs are selected and trained to be service dogs."
tt3291150,Expend4bles,2023,103.0,5.0,57452.0,https://www.imdb.com/title/tt3291150/,https://m.media-amazon.com/images/M/MV5BZjgyMmRmM2EtYWY5ZC00ZTllLWJhM2QtMGRlNGEzMWEzYzllXkEyXkFqcGc@._V1_.jpg,Action,"Action, Adventure, Thriller",Scott Waugh,"Jason Statham, 50 Cent, Megan Fox, Dolph Lundgren, Tony Jaa, Iko Uwais, Andy Garcia, Sylvester Stallone","Jason Statham, 50 Cent, Megan Fox, Dolph Lundgren, Tony Jaa, Iko Uwais, Andy Garcia, Sylvester Stallone, Randy Couture, Jacob Scipio","A new generation of stars join the world's top action stars for an adrenaline-fueled adventure in Expend4bles. Reuniting as the team of elite mercenaries, Jason Statham, Dolph Lundgren, Randy Couture, and Sylvester Stallone are joined for the first time by Curtis ""50 Cent"" Jackson, Megan Fox, Tony Jaa, Iko Uwais, Jacob Scipio, Levy Tran, and Andy Garcia. Armed with every weapon they can get their hands on and the skills to use them, The Expendables are the world's last line of defense and the team that gets called when all other options are off the table. But new team members with new styles and tactics are going to give ""new blood"" a whole new meaning."
tt32916440,Marty Supreme,2025,149.0,8.0,217989.0,https://www.imdb.com/title/tt32916440/,https://m.media-amazon.com/images/M/MV5BZTRhYjI1MTItMWYwMi00MjY5LWI1OTktMzQwNzA3MWJlN2QyXkEyXkFqcGc@._V1_.jpg,Comedy,"Comedy, Drama, Sport",Josh Safdie,"Timothée Chalamet, Larry 'Ratso' Sloman, Mariann Tepedino, Odessa A'zion, Ralph Colucci, Devorah Shubowitz, Tyler the Creator, George Gervin","Timothée Chalamet, Larry 'Ratso' Sloman, Mariann Tepedino, Odessa A'zion, Ralph Colucci, Devorah Shubowitz, Tyler the Creator, George Gervin, Luke Manley, Gwyneth Paltrow","1952. Twenty-three year old New Yorker Marty Mauser puts one hundred and ten percent into everything he does; unfortunately for the world it is all in pursuit of his own self-absorbed wants as he takes advantage of everyone in his orbit. One of those is his married childhood friend Rachel, with whom he has been having an affair, the consequences of which he doesn't consider. He could be the best table tennis player in the world, but in receiving no official support has made no money in the activity. He wants to show the world that he is the best, and in turn make money toward supporting his overbearing mother, who is currently supported by Marty's uncle, in whose shoe store he works. He also thinks an American being at the top would be good for the sport's profile. Now he not only has to make it to the world championships in Japan, which he cannot afford to attend, but win. Among those he hopes will be able to help him are retired movie star Kay Stone and her powerful businessman husband Milton Rockwell. But for every step forward Marty takes in his pursuit to make it to the championships, he always seems to take two steps in a wrong direction."
tt32985279,Steve,2025,93.0,6.0,20796.0,https://www.imdb.com/title/tt32985279/,https://m.media-amazon.com/images/M/MV5BYmE4N2ZlNWQtMDRhNC00ZmYzLWI5ODMtODAzZjRiOTkxZGZhXkEyXkFqcGc@._V1_.jpg,Drama,Drama,Tim Mielants,"Cillian Murphy, Jay Lycurgo, Archie Fisher, Araloyin Oshunremi, Luke Ayres, Marcus Garvey, Priyanga Burford, Joshua Barry","Cillian Murphy, Jay Lycurgo, Archie Fisher, Araloyin Oshunremi, Luke Ayres, Marcus Garvey, Priyanga Burford, Joshua Barry, Little Simz, Tracey Ullman","Follows headteacher Steve battling for his reform college's survival while managing his mental health. Concurrently, troubled student Shy navigates his violent tendencies and fragility, torn between his past and future prospects."
tt33022710,Ocean with David Attenborough,2025,95.0,8.0,5684.0,https://www.imdb.com/title/tt33022710/,https://m.media-amazon.com/images/M/MV5BN2I2ZjI0YWItM2I3My00NGE3LTk5ZDgtM2M2MWY2ZjFlNmNiXkEyXkFqcGc@._V1_.jpg,Documentary,Documentary,"Colin Butfield, Keith Scholey, Toby Nowlan",David Attenborough,David Attenborough,"Attenborough explores the planet's undersea habitats, revealing the greatest age of ocean discovery and emphasizing the ocean's vital importance while exposing its problems and highlighting opportunities for marine life recovery."
tt33039440,The Wrong Paris,2025,105.0,6.0,15451.0,https://www.imdb.com/title/tt33039440/,https://m.media-amazon.com/images/M/MV5BODI5YjkzZTAtYTE1ZC00ZWMxLTk4ODUtOGIwMzg3MzcyZjMyXkEyXkFqcGc@._V1_.jpg,Comedy,"Comedy, Drama, Romance",Janeen Damian,"Miranda Cosgrove, Pierson Fode, Madison Pettis, Yvonne Orji, Torrance Coombs, Christin Park, Emilija Baranac, Frances Fisher","Miranda Cosgrove, Pierson Fode, Madison Pettis, Yvonne Orji, Torrance Coombs, Christin Park, Emilija Baranac, Frances Fisher, Ava Bianchi, Madeleine Arthur","A woman joins a dating show for an art opportunity, thinking that it's in Paris, France, but it's actually in Paris, Texas. She tries to get eliminated until falling for the bachelor complicates her plans."
tt33046197,The Wrecking Crew,2026,124.0,6.0,54471.0,https://www.imdb.com/title/tt33046197/,https://m.media-amazon.com/images/M/MV5BZDcyMmYxZmMtMjg5MC00NWMzLTgyNDEtOGI2MWEzMmFmNmVmXkEyXkFqcGc@._V1_.jpg,Action,"Action, Comedy, Crime, Mystery",Ángel Manuel Soto,"Dave Bautista, Jason Momoa, Temuera Morrison, Morena Baccarin, Roimata Fox, Frankie Adams, Claes Bang, Jacob Batalon","Dave Bautista, Jason Momoa, Temuera Morrison, Morena Baccarin, Roimata Fox, Frankie Adams, Claes Bang, Jacob Batalon, Maia Kealoha, Stephen Root","Jonny, a suspended detective, drifts through grief he refuses to name. James, a Navy SEAL, arrives with discipline carved into every gesture. Walter Hale's death drags them into Hawaii, where old resentment resurfaces under fresh violence. Yakuza pressure forces uneasy cooperation as they trace a hidden package tied to casino corruption and offshore money. Catalyst arrives in the shattered apartment and stolen evidence. Collision builds as trust collapses between them. Moral pivot lands when Jonny must choose between vengeance and truth, risking the fragile bond forming with James and the life they barely share."
tt33053440,Champagne Problems,2025,99.0,6.0,14001.0,https://www.imdb.com/title/tt33053440/,https://m.media-amazon.com/images/M/MV5BYmZiMTZlMzktOGMxYi00MGJhLWI4YTUtYTAwNTU5Y2UyMGNlXkEyXkFqcGc@._V1_.jpg,Comedy,"Comedy, Romance",Mark Steven Johnson,"Minka Kelly, Tom Wozniczka, Thibault de Montalembert, Sean Amsing, Flula Borg, Astrid Whettnall, Xavier Samuel, Mitchell Mullen","Minka Kelly, Tom Wozniczka, Thibault de Montalembert, Sean Amsing, Flula Borg, Astrid Whettnall, Xavier Samuel, Mitchell Mullen, Maeve Courtier-Lilley, Joël Cudennec","An executive travels to France to secure the acquisition of a renowned champagne brand before Christmas, but her plans are upended when she falls into a whirlwind romance with a charming Parisian - only to discover he's the founder's son."
tt33058713,Jailbreak: Love on the Run,2024,88.0,6.0,4099.0,https://www.imdb.com/title/tt33058713/,https://m.media-amazon.com/images/M/MV5BYWZlZmIzMzctMDg3ZC00M2QwLTgyZWUtYjUxNzMxMmMwZDY4XkEyXkFqcGc@._V1_.jpg,Documentary,"Documentary, Crime",Dan Abrams,"Chad Hunt, Chantelle Brown, Duane 'Dog' Chapman, Dylan Elrod, Joy Behar, Joyce Brawley, Matt Burbank, Mike Blakely","Chad Hunt, Chantelle Brown, Duane 'Dog' Chapman, Dylan Elrod, Joy Behar, Joyce Brawley, Matt Burbank, Mike Blakely, Renee Lewis, Scotty Cargile",During the mundane everyday duties in jail premises a duty conscious lady corrections officer finds herself irresistibly drawn towards a younger inmate . Soon she falls in love with him and secretly helps him escape which results in a massive search operation and unwanted publicity.
tt33100314,Remarkably Bright Creatures,2026,111.0,8.0,49876.0,https://www.imdb.com/title/tt33100314/,https://m.media-amazon.com/images/M/MV5BNzM3OTRlZDktYTk0OS00OTlmLWFhMjctMTZiODU4N2RiYzhhXkEyXkFqcGc@._V1_.jpg,Comedy,"Comedy, Drama",Olivia Newman,"Sally Field, Lewis Pullman, Colm Meaney, Joan Chen, Kathy Baker, Beth Grant, Sofia Black-D'Elia, Brandon McEwan","Sally Field, Lewis Pullman, Colm Meaney, Joan Chen, Kathy Baker, Beth Grant, Sofia Black-D'Elia, Brandon McEwan, Donald Sales, Mapuana Makia","Through unlikely bonds formed during night shifts at a local aquarium, Tova, an elderly widow, learns of a life-changing discovery that may bring her joy and wonder once again."
tt33244550,Corazón delator,2025,89.0,6.0,1208.0,https://www.imdb.com/title/tt33244550/,https://m.media-amazon.com/images/M/MV5BMGY4NTAyMjUtNzZiMi00MGY1LWJmY2MtZDc3ZjNjMzRmZjAwXkEyXkFqcGc@._V1_.jpg,Comedy,"Comedy, Drama, Romance",Marcos Carnevale,"Benjamín Vicuña, Julieta Díaz, Peto Menahem, Gloria Carrá, Julia Calvo, Yayo Guridi, Bicho Gómez, Facundo Espinosa","Benjamín Vicuña, Julieta Díaz, Peto Menahem, Gloria Carrá, Julia Calvo, Yayo Guridi, Bicho Gómez, Facundo Espinosa, Verónica Hassan, Catherine Biquard","The boss of a real estate company with a heart condition undergoes an emergency heart transplant. He and his team are in the process of demolishing a cluster of homes to build a recreational center. As the owners of these homes launch a resistance to these plans he learns that among the owners is the widow of the man who was declared brain dead after a road accident and whose heart was used for his transplant. He is sympathetic, meets all owners incognito and finds himself attracted to the widow and her young son. As a changed man he now finds a need to rethink his plans to demolish their homes."
tt33244668,Anaconda,2025,99.0,6.0,73237.0,https://www.imdb.com/title/tt33244668/,https://m.media-amazon.com/images/M/MV5BMTNlMTk1YTItOWYxNi00ZWIzLTkyOWEtNTJmMzk4NmIyN2NmXkEyXkFqcGc@._V1_.jpg,Action,"Action, Adventure, Comedy",Tom Gormican,"Jack Black, Paul Rudd, Steve Zahn, Thandiwe Newton, Daniela Melchior, Selton Mello, Ice Cube, Ione Skye","Jack Black, Paul Rudd, Steve Zahn, Thandiwe Newton, Daniela Melchior, Selton Mello, Ice Cube, Ione Skye, Rui Ricardo Diaz, John Billingsley","Four film obsessives drag themselves into the Amazon on a shoestring dream: make a spiritual sequel to a schlocky 90s horror classic nobody asked for. Doug is the engine, a guy whose genuine talent has been slowly suffocating under wedding reception footage. Griff has the rights and the actor's hunger but not much else. The rain-forest is indifferent. The snake is absent. What the film is really about is the distance between loving movies and actually making one, and whether passion alone can paper over every logistical, financial, and interpersonal crack that opens up the moment you leave home with a camera and a bad plan."
tt33247023,Splitsville,2025,104.0,6.0,18054.0,https://www.imdb.com/title/tt33247023/,https://m.media-amazon.com/images/M/MV5BODA3YTA1YzEtMDhjNy00ODFjLTlmYTItMjYzZWNhYzFmZjE2XkEyXkFqcGc@._V1_.jpg,Comedy,Comedy,Michael Angelo Covino,"Dakota Johnson, Adria Arjona, Kyle Marvin, Michael Angelo Covino, Simon Webster, Charlie Gillespie, David Castañeda, O-T Fagbenle","Dakota Johnson, Adria Arjona, Kyle Marvin, Michael Angelo Covino, Simon Webster, Charlie Gillespie, David Castañeda, O-T Fagbenle, Nahéma Ricci, Tyrone Benskin","When Ashley asks for a divorce, the good-natured Carey runs to his friends, Julie and Paul, for support. Their secret to happiness is an open marriage; that is, until Carey crosses the line and throws all of their relationships into chaos."
tt33292655,"Oh, Hi!",2025,95.0,6.0,11048.0,https://www.imdb.com/title/tt33292655/,https://m.media-amazon.com/images/M/MV5BMTlmNzJlODYtOTVkNC00NWQwLWE5MTUtMGIwMGViNmE1MmY0XkEyXkFqcGc@._V1_.jpg,Comedy,Comedy,Sophie Brooks,"Molly Gordon, Logan Lerman, Geraldine Viswanathan, John Reynolds, David Cross, Polly Draper, Desmin Borges, Jimmy Gary Jr.","Molly Gordon, Logan Lerman, Geraldine Viswanathan, John Reynolds, David Cross, Polly Draper, Desmin Borges, Jimmy Gary Jr., Ruben Ortiz, Tabitha Lawing",Iris and Isaac's first romantic weekend getaway goes awry in a most unexpected way.
tt33293169,Mango,2025,96.0,6.0,2502.0,https://www.imdb.com/title/tt33293169/,https://m.media-amazon.com/images/M/MV5BMjcwN2U5OWEtMjA1My00ODE0LTkwYjctZmIwZWRiOWQ5YzVmXkEyXkFqcGc@._V1_.jpg,Comedy,"Comedy, Drama, Romance",Mehdi Avaz,"Josephine Park, Dar Salim, Josephine Højbjerg, Sara Jiménez, Paprika Steen, Anders W. Berthelsen, Sebastian Jessen, Lise Baastrup","Josephine Park, Dar Salim, Josephine Højbjerg, Sara Jiménez, Paprika Steen, Anders W. Berthelsen, Sebastian Jessen, Lise Baastrup, Ninton Sánchez, Logan Connor Calvert","The ambitious hotel manager, Lærke, seizes a once-in-a-lifetime opportunity when her boss sends her to Malaga, Spain, to develop a grand new hotel in the middle of a mango farm. The farm belongs to Alex a former lawyer who refuses to sell due to a tragic past he can't let go of. Lærke brings along her daughter, Agnes, who expects a rare holiday with her busy mother or so she believes. As unexpected feelings start to bloom between Lærke and Alex, both are forced to make choices that will impact their careers, family ties, and ultimately, their hearts."
tt33299083,Madea's Destination Wedding,2025,102.0,5.0,3863.0,https://www.imdb.com/title/tt33299083/,https://m.media-amazon.com/images/M/MV5BYzRkM2JmM2EtNTgzZi00MzdlLTkxM2ItNTlhNmQzZjM2NjA2XkEyXkFqcGc@._V1_.jpg,Comedy,"Comedy, Drama, Romance",Tyler Perry,"Tyler Perry, Cassi Davis, David Mann, Tamela J. Mann, Taja V. Simpson, Diamond White, Jermaine Harris, Xavier Smalls","Tyler Perry, Cassi Davis, David Mann, Tamela J. Mann, Taja V. Simpson, Diamond White, Jermaine Harris, Xavier Smalls, Walnette Carrington, Brandon Sutton","Madea's great-grandniece Tiffany introduces her new boyfriend Zavier to her family and announces shocking news: the couple is getting married in two weeks, and everybody is invited to their destination wedding in the Bahamas. Despite her mother Debrah appearing to have everything under control, the vacation hits turbulence: Madea isn't ready to leave the country; Brian doesn't approve of his daughter's hasty wedding or her immature fiancé; Tiffany starts to doubt Zavier; and Debrah's acting out of character. The whole situation smells suspicious and Brian is determined to sniff out the truth."
tt33304396,1978,2024,80.0,5.0,1470.0,https://www.imdb.com/title/tt33304396/,https://m.media-amazon.com/images/M/MV5BZWJhM2NiNWYtZjgxMC00OThlLTg0ODctOGVlZGJlYjEwYjgxXkEyXkFqcGc@._V1_.jpg,Drama,"Drama, Horror, Thriller","Luciano Onetti, Nicolás Onetti","Agustín Olcese, Mario Alarcón, Carlos Portaluppi, Santiago Ríos, Jorge Lorenzo, Agustín Pardella, Ezequiel Pache, Valeria San Martín","Agustín Olcese, Mario Alarcón, Carlos Portaluppi, Santiago Ríos, Jorge Lorenzo, Agustín Pardella, Ezequiel Pache, Valeria San Martín, Paula Silva, Gustavo Pardi","During the World Cup final between Argentina and Holland, in times of military dictatorship, a group of torturers kidnap a group of young people. What begins as an inhumane interrogation turns into hell: the wrong group has been kidnapped."
tt33311244,Culpa nuestra,2025,112.0,5.0,9943.0,https://www.imdb.com/title/tt33311244/,https://m.media-amazon.com/images/M/MV5BNzUyNmUwODItZmZjZi00YWY0LTlhZWYtYTYxMjFjOGJhMzM2XkEyXkFqcGc@._V1_.jpg,Drama,"Drama, Romance",Domingo González,"Nicole Wallace, Gabriel Guevara, Marta Hazas, Iván Sánchez, Eva Ruiz, Víctor Varona, Gabriela Andrada, Álex Béjar","Nicole Wallace, Gabriel Guevara, Marta Hazas, Iván Sánchez, Eva Ruiz, Víctor Varona, Gabriela Andrada, Álex Béjar, Goya Toledo, Javier Morgade","The relationship between Nick and Noah is going through its best moment. It seems that nothing will be the same for the pair of lovers. A series of events will occur so that both of them can finally understand if they are truly made for each other. Or, if on the contrary, what best suits them is to go their separate ways, even if it is difficult to forget such a strong love or erase the memories tattooed on the heart. Love isn't always enough, and forgiveness is sometimes not enough to fix things. Will they be able to put the past behind them and start over?"
tt33312131,Samagwi,2025,113.0,5.0,4418.0,https://www.imdb.com/title/tt33312131/,https://m.media-amazon.com/images/M/MV5BZDc3NmI3NGEtZDFjOC00N2UwLTk3NjQtNzhiNzJkNDNjNTFkXkEyXkFqcGc@._V1_.jpg,Action,"Action, Crime, Thriller",Lee Tae Sung,"Yim Si-wan, Park Gyuyoung, Jo Woo-jin, Choi Hyun-wook, Jeon Bae-soo, Yoo Su-bin, Jeon Do-yeon, Bae Gang-hee","Yim Si-wan, Park Gyuyoung, Jo Woo-jin, Choi Hyun-wook, Jeon Bae-soo, Yoo Su-bin, Jeon Do-yeon, Bae Gang-hee, Sul Kyung-gu, Hwang Sung-bin","Mantis, an ace assassin, returns to the contract killer industry after a hiatus, encountering his trainee friend Jae-yi and a retired legendary killer Dok-go, who now runs the organization."
tt33335602,Maintenance Required,2025,102.0,5.0,5173.0,https://www.imdb.com/title/tt33335602/,https://m.media-amazon.com/images/M/MV5BNGZlN2Y5ZGEtMmU0MS00ZWI0LThlMjQtMjIyZTIxMWRlYjNlXkEyXkFqcGc@._V1_.jpg,Comedy,"Comedy, Romance",Lacey Uhlemeyer,"Madelaine Petsch, Jacob Scipio, Julee Cerda, Katy O'Brian, Madison Bailey, Freddie Pearson, Luke Carroll, Jim Gaffigan","Madelaine Petsch, Jacob Scipio, Julee Cerda, Katy O'Brian, Madison Bailey, Freddie Pearson, Luke Carroll, Jim Gaffigan, Mimi Slinger, Laura Lakshmi","Charlie, forced to reevaluate her all-female mechanic shop, unknowingly confides in her online confidant Beau, who turns out to be her real-life business rival, their connection blossoms amidst professional rivalry."
tt33402908,O Filho de Mil Homens,2025,126.0,7.0,2646.0,https://www.imdb.com/title/tt33402908/,https://m.media-amazon.com/images/M/MV5BYTM3OGYzMjAtMzUxNS00Y2FlLTllZTYtZWY0NTM5MGM2NGY1XkEyXkFqcGc@._V1_.jpg,Drama,Drama,Daniel Rezende,"Rodrigo Santoro, Rebeca Jamir, Miguel Martines, Johnny Massaro, Marcello Escorel, Lívia Silva, Antonio Haddad, Juliana Caldas","Rodrigo Santoro, Rebeca Jamir, Miguel Martines, Johnny Massaro, Marcello Escorel, Lívia Silva, Antonio Haddad, Juliana Caldas, Inez Viana, Tuna Dwek","Crisóstomo, a lonely fisherman who, at 40, feels the emptiness of not having a child and dreams of becoming a father. In his search for genuine and deep connections, he meets Camilo, an orphaned boy, and decides to raise him, creating a unique and unconventional family. Believing that ""when you dream big enough, reality follows,"" the narrative explores the beauty and complexity of human relationships, addressing themes such as acceptance and the formation of new familial bonds."
tt33452974,Shinkansen daibakuha,2025,134.0,6.0,9600.0,https://www.imdb.com/title/tt33452974/,https://m.media-amazon.com/images/M/MV5BODNiYjcwY2UtYzZiNS00M2EzLWI2NmMtMmYzNTQ2ZTRjYWUzXkEyXkFqcGc@._V1_.jpg,Action,"Action, Crime, Drama, Thriller",Shinji Higuchi,"Tsuyoshi Kusanagi, Kanata Hosoda, Non, Jun Kaname, Machiko Ono, Hana Toyoshima, Daisuke Kuroda, Satoru Matsuo","Tsuyoshi Kusanagi, Kanata Hosoda, Non, Jun Kaname, Machiko Ono, Hana Toyoshima, Daisuke Kuroda, Satoru Matsuo, Suzuka Ohgo, Yuno Ohara","A tense phone call came into the Shinkansen General Operation Control Center. The caller claims that a bomb has been planted on the Hayabusa No. 60 bound for Tokyo, and that the bomb will explode as soon as the speed of the Shinkansen train drops below 100 km/h. The caller demands 100 billion yen in ransom money to disarm the bomb. The last-minute battle unfolds as the crew, passengers, and railroad workers strive to prevent the explosion within the limited time available. Will the running Hayabusa No. 60 be able to overcome this crisis?"
tt33474172,La viuda negra,2025,122.0,6.0,9485.0,https://www.imdb.com/title/tt33474172/,https://m.media-amazon.com/images/M/MV5BYTNkYWE0MjQtZTFlMi00ZTRjLThiMGEtY2JiY2U1NGYyN2Y3XkEyXkFqcGc@._V1_.jpg,Crime,"Crime, Drama, Mystery",Carlos Sedes,"Carmen Machi, Ivana Baquero, Tristán Ulloa, Pablo Molinero, Pepe Ocio, Álex Gadea, Ramón Ródenas, Joel Sánchez","Carmen Machi, Ivana Baquero, Tristán Ulloa, Pablo Molinero, Pepe Ocio, Álex Gadea, Ramón Ródenas, Joel Sánchez, Pau Durà, Pedro Casablanc","August 2017. In a parking lot in Valencia appears the body of a man, stabbed seven times. Everything points to a crime of passion. The homicide group of the city, with a veteran inspector at the head, starts an investigation against the clock that soon leads them to a suspect that no one expected: Maje, the young widow, sweet and serene, who had been married to the victim for less than a year."
tt33474179,Cortafuego,2026,107.0,6.0,4736.0,https://www.imdb.com/title/tt33474179/,https://m.media-amazon.com/images/M/MV5BZmMyMWFmYjMtY2Y3ZS00MTBmLWI1NWQtZTMxMzdmN2Y4ZDYzXkEyXkFqcGc@._V1_.jpg,Drama,"Drama, Thriller",David Victori,"Belén Cuesta, Diana Gómez, Candela Martínez, Joaquín Furriel, Mika Arias, Enric Auquer, Magdalena Broto, Carlos Piera","Belén Cuesta, Diana Gómez, Candela Martínez, Joaquín Furriel, Mika Arias, Enric Auquer, Magdalena Broto, Carlos Piera, Alberto Berzal, Bernabé Fernández","Mara, her daughter Lide, her brother-in-law Luis and his wife, Elena, and her son, who, after the death of Mara's husband, visit the summer house in the forest to prepare it for sale. What begins as an attempt to close their mourning turns into a nightmare when Lide disappears just as a forest fire breaks out in the area. In a desperate race against time, the situation becomes even more tense when Santi, the forest ranger, becomes the main suspect in the disappearance."
tt33481094,The Menendez Brothers,2024,119.0,7.0,11727.0,https://www.imdb.com/title/tt33481094/,https://m.media-amazon.com/images/M/MV5BYTczNjBkYTgtNjcxNC00MzFlLWFiOWMtNDc2YTFiNDM4ZTYxXkEyXkFqcGc@._V1_.jpg,Documentary,"Documentary, Crime",Alejandro Hartmann,"Erik Menendez, Lyle Menendez, Jose Menendez, Kitty Menendez, Jason Zlatkus, Robert Rand, Shelley Ross, Pamela Bozanich","Erik Menendez, Lyle Menendez, Jose Menendez, Kitty Menendez, Jason Zlatkus, Robert Rand, Shelley Ross, Pamela Bozanich, Alan Abrahamson, Joan Vandermolen","In 1996, the Menendez brothers faced trial for killing their parents, a case that captivated America. Years later, they share their side through interviews with those involved, offering a fresh take on the events."
tt33484071,Sweet Bobby: My Catfish Nightmare,2024,82.0,6.0,6769.0,https://www.imdb.com/title/tt33484071/,https://m.media-amazon.com/images/M/MV5BZTg1NmM3OTAtNGI2My00MWZlLTkxMDQtZjA2ZWQ4OWI4OTdjXkEyXkFqcGc@._V1_.jpg,Documentary,Documentary,Lyttanya Shannon,Hemma Gulhane,Hemma Gulhane,"A woman's online courtship takes an unsettling turn when her romantic interest harbors a dark secret and sinister motives, leading to a harrowing ordeal."
tt33501878,Sult,2025,105.0,6.0,2425.0,https://www.imdb.com/title/tt33501878/,https://m.media-amazon.com/images/M/MV5BNTA1MWNmZmQtZTVlMS00NzU2LTk0MTYtZjMxZjliZDAwZDY1XkEyXkFqcGc@._V1_.jpg,Drama,"Drama, Romance","Ditte Hansen, Louise Mieritz","Alex Bankier, Anders W. Berthelsen, Bahar Pars, Jade Ramirez, Joachim Fjelstrup, Magnus Millang, Mille Lehfeldt, Rosalinde Mynster","Alex Bankier, Anders W. Berthelsen, Bahar Pars, Jade Ramirez, Joachim Fjelstrup, Magnus Millang, Mille Lehfeldt, Rosalinde Mynster, Sara Fanta Traore, Youssef Wayne Hvidtfeldt","A successful writer and her charming single father partner struggle with fertility issues, testing their relationship as they pursue treatment."
tt33502160,The Hand That Rocks the Cradle,2025,105.0,5.0,11529.0,https://www.imdb.com/title/tt33502160/,https://m.media-amazon.com/images/M/MV5BYWRhYzA1NDUtY2ExZC00MTQzLWE4MjYtMGJlODJkNTYwNzI5XkEyXkFqcGc@._V1_.jpg,Horror,"Horror, Thriller",Michelle Garza Cervera,"Maika Monroe, Mary Elizabeth Winstead, Raúl Castillo, Mileiah Vega, Nora Contreras, Lola Contreras, Martin Starr, Yvette Lu","Maika Monroe, Mary Elizabeth Winstead, Raúl Castillo, Mileiah Vega, Nora Contreras, Lola Contreras, Martin Starr, Yvette Lu, Riki Lindhome, Shannon Cochran","An upscale suburban mom brings a new nanny, Polly Murphy, into her home, only to discover she is not the person she claims to be."
tt33549478,The Map That Leads to You,2025,96.0,6.0,15357.0,https://www.imdb.com/title/tt33549478/,https://m.media-amazon.com/images/M/MV5BYmViMTI1OTktOGRkZS00YjdmLWFhNGMtMWMwNTRmZWY3MmI4XkEyXkFqcGc@._V1_.jpg,Drama,"Drama, Romance",Lasse Hallström,"Madelyn Cline, KJ Apa, Sofia Wylie, Madison Thompson, Orlando Norman, Josh Lucas, JR Esposito, Marilyn Cutts","Madelyn Cline, KJ Apa, Sofia Wylie, Madison Thompson, Orlando Norman, Josh Lucas, JR Esposito, Marilyn Cutts, Joseph Evans, Diego Ross","Heather (Cline) sets off on an adventure across Europe with her best friends before settling into her perfectly-planned life. When she crosses paths with Jack (Apa), a magnetic and mysterious stranger, their instant spark ignites an emotional journey neither of them expected. As their connection deepens, secrets, life choices, and hidden truths will test their bond--and change her life in ways she never imagined. From director Lasse Hallström (""Dear John"", ""Safe Haven"") comes this adaptation of JP Monninger's novel about love, destiny, and the courage to choose your own path."
tt3359350,Road House,2024,121.0,6.0,191220.0,https://www.imdb.com/title/tt3359350/,https://m.media-amazon.com/images/M/MV5BODVkYjlkM2UtNWVlMS00N2U1LTgxOTYtODlmNmE1YTgzMjczXkEyXkFqcGc@._V1_.jpg,Action,"Action, Drama, Thriller",Doug Liman,"Jake Gyllenhaal, Daniela Melchior, Conor McGregor, Billy Magnussen, Jessica Williams, B.K. Cannon, Joaquim de Almeida, Post Malone","Jake Gyllenhaal, Daniela Melchior, Conor McGregor, Billy Magnussen, Jessica Williams, B.K. Cannon, Joaquim de Almeida, Post Malone, Lukas Gage, Dominique Columbus","Dalton is middleweight fighter who is going through bad times. A tragic encounter in the ring is traumatic for him and gives him suicidal thoughts. To make ends meet he takes up the job of a bouncer at ""Road house."" However things are not smooth for him since a local gangster boss wants to take over the property and keeps sending his goons to the road house to create problems. Dalton then fights them all with the help of his associates of Road house."
tt33603921,Joe's College Road Trip,2026,111.0,6.0,2835.0,https://www.imdb.com/title/tt33603921/,https://m.media-amazon.com/images/M/MV5BYWU2OWI0MDQtNjEyYi00MzMwLTlmYTQtYjc1MWViNjAzZGUwXkEyXkFqcGc@._V1_.jpg,Comedy,Comedy,Tyler Perry,"Tyler Perry, Jermaine Harris, Amber Reign Smith, Bethany Anne Lind, Jeremy Gimenez, Millie Jackson, Wil Deusner, Patricia Williams","Tyler Perry, Jermaine Harris, Amber Reign Smith, Bethany Anne Lind, Jeremy Gimenez, Millie Jackson, Wil Deusner, Patricia Williams, Deetta West, Ben Swilley",Madea's brother Joe accompanies his grandson B.J. on a college road trip.
tt33797166,Aída y vuelta,2026,90.0,6.0,1216.0,https://www.imdb.com/title/tt33797166/,https://m.media-amazon.com/images/M/MV5BYTg4YjI3MzEtODcwNC00MzcxLTljZWMtMGE0OGVlODUzYmE3XkEyXkFqcGc@._V1_.jpg,Comedy,Comedy,Paco León,"Carmen Machi, Paco León, Mariano Peña, Miren Ibarguren, Marisol Ayuso, Pepe Viyuela, Eduardo Casanova, Melani Olivares","Carmen Machi, Paco León, Mariano Peña, Miren Ibarguren, Marisol Ayuso, Pepe Viyuela, Eduardo Casanova, Melani Olivares, David Castillo, Canco Rodríguez","Paco León's film adaptation revisits iconic characters and settings from the series, creating a story that merges TV and film universes while adding narrative depth to the original formula."
tt3402138,The Naked Gun,2025,85.0,6.0,134982.0,https://www.imdb.com/title/tt3402138/,https://m.media-amazon.com/images/M/MV5BNGFlNDhkNzItZjgxNC00OGYzLWFjZDAtZTJmNDY5ZmEyZDc0XkEyXkFqcGc@._V1_.jpg,Action,"Action, Comedy, Crime",Akiva Schaffer,"Liam Neeson, Pamela Anderson, Paul Walter Hauser, Danny Huston, CCH Pounder, Kevin Durand, Liza Koshy, Eddie Yu","Liam Neeson, Pamela Anderson, Paul Walter Hauser, Danny Huston, CCH Pounder, Kevin Durand, Liza Koshy, Eddie Yu, Michael Beasley, Moses Jones","Following in his father's footsteps, a detective works to solve a murder case and save his police department from closure."
tt34058121,The Lost Children,2024,96.0,7.0,3865.0,https://www.imdb.com/title/tt34058121/,https://m.media-amazon.com/images/M/MV5BZjcxZjFhMWItN2Y2MC00MmZhLWExNzEtOTBiNmYyODgyYWRkXkEyXkFqcGc@._V1_.jpg,Documentary,Documentary,Orlando von Einsiedel,"Cristin Ranoque Mucutuy, Dan Garza, Fátima Mucutuy, Henry Guerrero, Lesly Jacobombaire Mucutuy, Magdalena Mucutuy, Soleiny Jacobombaire Mucutuy, Stacy Ines","Cristin Ranoque Mucutuy, Dan Garza, Fátima Mucutuy, Henry Guerrero, Lesly Jacobombaire Mucutuy, Magdalena Mucutuy, Soleiny Jacobombaire Mucutuy, Stacy Ines, Tien Ranoque Mucutuy, Vanessa F. Garcia","Four Indigenous children are stranded in the Colombian Amazon after their plane crashes. Guided by ancestral knowledge, they're able to survive while awaiting rescue amid the jungle's challenges."
tt34139335,Return of the King: The Fall and Rise of Elvis Presley,2024,90.0,8.0,2503.0,https://www.imdb.com/title/tt34139335/,https://m.media-amazon.com/images/M/MV5BODYyNmZkODQtYThmNi00ZTZmLWEyMmQtNDExYjczNjY5ZTU4XkEyXkFqcGc@._V1_.jpg,Documentary,"Documentary, Music",Jason Hehir,"Arthur Crudup, Billy Corgan, Bing Crosby, Bob Dylan, Chuck Berry, Joan Baez, Milton Berle, Pat Boone","Arthur Crudup, Billy Corgan, Bing Crosby, Bob Dylan, Chuck Berry, Joan Baez, Milton Berle, Pat Boone, Sammy Davis Jr., Steve Binder",He had one chance to show the world he was still the King of Rock 'n' Roll. Discover the story behind Elvis Presley's triumphant '68 comeback special.
tt34350086,Buy Now! The Shopping Conspiracy,2024,84.0,7.0,8442.0,https://www.imdb.com/title/tt34350086/,https://m.media-amazon.com/images/M/MV5BMTkyMzhhNWMtMTdiMi00MTkxLWFjNWQtZGY3ODJmMmVhMTkxXkEyXkFqcGc@._V1_.jpg,Documentary,Documentary,Nic Stacey,"Eric Liedtke, Roger Lee, Maren Costa, Mara Einstein, Paul Polman, Nirav Patel, Kyle Wiens, Anna Sacks","Eric Liedtke, Roger Lee, Maren Costa, Mara Einstein, Paul Polman, Nirav Patel, Kyle Wiens, Anna Sacks, Jan Dell, Jim Puckett","Pulls back the curtain on the world's top brands, exposing the hidden tactics and covert strategies used to keep all of us locked in an endless cycle of buying, no matter the cost."
tt34365591,Mahavatar Narsimha,2024,130.0,9.0,48775.0,https://www.imdb.com/title/tt34365591/,https://m.media-amazon.com/images/M/MV5BNzhkMjFhOTItMTczNi00YWM1LTlhZjItOTc4OTA0OWVhZTIzXkEyXkFqcGc@._V1_.jpg,Animation,"Animation, Action, Drama, Fantasy",Ashwin Kumar,"Aditya Raj Sharma, Haripriya Matta, Sanket Jaiswal, Priyanka Bhandari, Vasundhra Bose, Harjeet Walia, Sanchit Wartak, Saanwari Yagnik","Aditya Raj Sharma, Haripriya Matta, Sanket Jaiswal, Priyanka Bhandari, Vasundhra Bose, Harjeet Walia, Sanchit Wartak, Saanwari Yagnik, Dinesh Verma, Uplaksh Kochhar","Hiranyaksha and Hiranyakashipu are two demon brothers who want to conquer Swarglok,Dhartilok and Paatalok with their immense power.Hiranyaksha hides Budhdevi in cosmic ocean shocking the world but Lord Vishnu sends his divine boar who in fierce battle kills Hiranyaksha and frees Bhudevi.Hiranyakashipu shattered by death of his brother wants revenge on Lord Vishnu and goes to Himalayas for penance.Bramha Dev seeing his penance grants him immortality but Hiranyakashipu crowns himself as God and believes nothing is above him.He wants his son Pralhad to be more brutal and violent then him.But divine nature has its own plans as Pralhad turns out to be a sweet child and follower of Lord Vishnu seeing this Hiranyakashipu ego is hurt and he wants Pralhad dead."
tt34378301,Jack Ryan: Ghost War,2026,105.0,6.0,32997.0,https://www.imdb.com/title/tt34378301/,https://m.media-amazon.com/images/M/MV5BZGY2MDU2Y2YtOTkzNC00MTY4LThkODYtNWIxNmRlZmRjZWJlXkEyXkFqcGc@._V1_.jpg,Action,"Action, Drama, Thriller",Andrew Bernstein,"John Krasinski, Wendell Pierce, Sienna Miller, Michael Kelly, Max Beesley, Betty Gabriel, JJ Feild, Douglas Hodge","John Krasinski, Wendell Pierce, Sienna Miller, Michael Kelly, Max Beesley, Betty Gabriel, JJ Feild, Douglas Hodge, Adam Bernett, Dominic Mafham","Follows Jack Ryan who reunites with CIA operatives to navigate a treacherous web of betrayal against an enemy who knows their every move, facing a past they thought was long put to rest."
tt34381460,96 Minutes,2025,117.0,6.0,1804.0,https://www.imdb.com/title/tt34381460/,https://m.media-amazon.com/images/M/MV5BOGVmODUyODEtNjgwYi00ZDQ5LTk0ODAtMGY3MzczNDM2NTQzXkEyXkFqcGc@._V1_.jpg,Action,"Action, Crime, Thriller",Tzu-Hsuan Hung,"Po-Hung Lin, Vivian Sung, Bo-Chieh Wang, Lee Lee-Zen, Yao Yiti, Kent Tsai, Frederick Ming Zhong Lee, Ki-pin Ng","Po-Hung Lin, Vivian Sung, Bo-Chieh Wang, Lee Lee-Zen, Yao Yiti, Kent Tsai, Frederick Ming Zhong Lee, Ki-pin Ng, Chih-Wei Cheng, Vera Chen","Former bomb disposal expert and his fiancée board a high-speed train. Also, a physics teacher who was involved in an affair scandal, also boards the same train in order to win back his wife. At the same time, there's a bomb on the train."
tt34434461,Dímelo bajito,2025,119.0,5.0,3117.0,https://www.imdb.com/title/tt34434461/,https://m.media-amazon.com/images/M/MV5BNTRhNjE4OTgtNGNmYS00NjgyLWE1MjUtZDcxOTAxMjgzMDFmXkEyXkFqcGc@._V1_.jpg,Drama,"Drama, Romance",Denis Rovira van Boekholt,"Alícia Falcó, Fernando Lindez, Diego Vidales, Alejandra Cid, Ana Arean, Antón Coucheiro, Jan Buxaderas, Liliana Cabal","Alícia Falcó, Fernando Lindez, Diego Vidales, Alejandra Cid, Ana Arean, Antón Coucheiro, Jan Buxaderas, Liliana Cabal, Sergio Lemos Exposita, Yacine Dieye","Kamila ""Kami"" (ALICIA FALCO) learned years ago to live a textbook life. But she hadn't counted on the sudden return of the Di Bianco brothers, her best childhood friends. Thiago (FERNANDEZ LINDO), the eldest, was her first love, while Taylor (DIEGO VALDEZ) was her ally, her unwavering support, and her protector. The three were inseparable until a terrible event caused the Di Biancos to disappear, in theory, forever. With their return, buried feelings will resurface, and others never before confessed."
tt34605805,39 Derecede Ask,2024,115.0,6.0,1844.0,https://www.imdb.com/title/tt34605805/,https://m.media-amazon.com/images/M/MV5BYjdjNTdlMDItNmQ4ZS00MDk1LWE3MDgtZDM1MGFhZmUwZTg1XkEyXkFqcGc@._V1_.jpg,Comedy,"Comedy, Romance",Tunç Sahin,"Ayça Aysin Turan, Furkan Andic, Cem Davran, Pelinsu Pir, Zeynep Oymak, Ulascan Kutlu, Özlem Zeynep Dinsel, Fatih Al","Ayça Aysin Turan, Furkan Andic, Cem Davran, Pelinsu Pir, Zeynep Oymak, Ulascan Kutlu, Özlem Zeynep Dinsel, Fatih Al, Gafur Uzuner, Umut Çınar","Fatih was born and raised in Izmir, one of Turkiye's coastal cities, which, like him, has a calm character. Kumru, on the other hand, is an ambitious and successful young lawyer who grew up in the hustle of Istanbul. As events unfold, Kumru finds herself in Izmir, dealing with a high-profile divorce case that will make or break her career, and she suddenly crosses paths with Fatih. As the divorce case heats up, these two contrasting characters have only 8 hours to gather evidence against the cheating spouse,while racing around the streets of Izmir in a single car. Their plans and lives will change in ways they never expected."
tt34611082,Ladies First,2026,90.0,6.0,36499.0,https://www.imdb.com/title/tt34611082/,https://m.media-amazon.com/images/M/MV5BNjBhMjk2NmQtY2JhOC00OTIzLTkzZjItNjA2NWM3OTkzNzA5XkEyXkFqcGc@._V1_.jpg,Comedy,Comedy,Thea Sharrock,"Sacha Baron Cohen, Rosamund Pike, Tom Davis, Emily Mortimer, Weruche Opia, Charles Dance, Fiona Shaw, Richard E. Grant","Sacha Baron Cohen, Rosamund Pike, Tom Davis, Emily Mortimer, Weruche Opia, Charles Dance, Fiona Shaw, Richard E. Grant, Red Tennant, Kathryn Hunter","A male chauvinist is transported to a matriarchal society, facing challenges from a formidable female version of himself."
tt34682248,Vini Jr.,2025,106.0,4.0,29656.0,https://www.imdb.com/title/tt34682248/,https://m.media-amazon.com/images/M/MV5BODc3ZDE0NzktYjhhMy00NDMxLWJiNTktODU5MGVhZGNiZTdiXkEyXkFqcGc@._V1_.jpg,Documentary,"Documentary, Biography, Sport","Andrucha Waddington, Emílio Domingos",Vinícius Júnior,Vinícius Júnior,"Vini Jr. has it all: talent, resilience and boldness. Follow his dancing, unpredictable feet on his inspiring journey to becoming a global soccer star."
tt34691776,Metruk Adam,2025,91.0,6.0,4079.0,https://www.imdb.com/title/tt34691776/,https://m.media-amazon.com/images/M/MV5BYzZjMWRmN2EtMTJlZi00MjE1LTlkYmQtMGFmYWUxMDkwN2UwXkEyXkFqcGc@._V1_.jpg,Drama,"Drama, Family",Çağrı Vila Lostuvalı,"Mert Ramazan Demir, Ada Erma, Rahimcan Kapkap, Edip Tepeli, Burcu Cavrar, Ercan Kesal, Mustafa Kiran, Oguz Kara","Mert Ramazan Demir, Ada Erma, Rahimcan Kapkap, Edip Tepeli, Burcu Cavrar, Ercan Kesal, Mustafa Kiran, Oguz Kara, Özkan Gündogdu, Harun Demirler","After years behind bars, a tormented man tries to rebuild his life, but an unexpected bond unveils a shocking truth that could change his life forever."
tt34749630,The Most Beautiful Girl in the World,2025,122.0,6.0,1203.0,https://www.imdb.com/title/tt34749630/,https://m.media-amazon.com/images/M/MV5BYjU2ZWQwNmEtZDQ1ZS00YzA0LWIwN2EtZTRjNzExMjZmMDI5XkEyXkFqcGc@._V1_.jpg,Comedy,"Comedy, Romance",Robert Ronny,"Reza Rahadian, Sheila Dara Aisha, Kevin Julio, Indra Birowo, Jihane Almira, Bucek Depp, Ira Wibowo, Frederika Cull","Reza Rahadian, Sheila Dara Aisha, Kevin Julio, Indra Birowo, Jihane Almira, Bucek Depp, Ira Wibowo, Frederika Cull, Dea Panendra, Agastya Kandou","Reuben, a carefree playboy and sole heir to a media mogul, has always mocked his father's obsession with ratings and dating game shows. But to secure his inheritance, he must fulfill his late father's final wish: marry the most beautiful girl in the world."
tt34762360,10 Dance,2025,126.0,7.0,4301.0,https://www.imdb.com/title/tt34762360/,https://m.media-amazon.com/images/M/MV5BYTg4M2QzNzgtMjM4NS00ZjI0LWEwZTEtYzhhYTAwOTI5NjZmXkEyXkFqcGc@._V1_.jpg,Drama,"Drama, Music, Romance",Keishi Otomo,"Ryoma Takeuchi, Keita Machida, Shiori Doi, Anna Ishii, Shin'ya Hamada, Ôshirô Maeda, Nadiya Bychkova, Susie Trayling","Ryoma Takeuchi, Keita Machida, Shiori Doi, Anna Ishii, Shin'ya Hamada, Ôshirô Maeda, Nadiya Bychkova, Susie Trayling, Pasquale La Rocca, James Adrian-Ross","Shinya Sugiki, the dashing lord of Standard Ballroom, and Shinya Suzuki, passionate king of Latin Dance: The two share more than just a first name and a love of the sport. They each want to become champion of the 10-Dance Competition, which means they'll need to learn the other's specialty dances, and who better to learn from than the best? But old rivalries die hard, and things get complicated even further when they realize there might be more between them than an uneasy partnership."
tt34819091,The Testament of Ann Lee,2025,136.0,6.0,10605.0,https://www.imdb.com/title/tt34819091/,https://m.media-amazon.com/images/M/MV5BMTU3Y2U1MTQtYjA1NS00YmJlLTk3NDktZGViYTAwY2I0NDM1XkEyXkFqcGc@._V1_.jpg,Biography,"Biography, Drama, History, Musical","Kevin Dean, Mona Fastvold","Amanda Seyfried, Lewis Pullman, Thomasin McKenzie, Matthew Beard, Christopher Abbott, Viola Prettejohn, David Cale, Stacy Martin","Amanda Seyfried, Lewis Pullman, Thomasin McKenzie, Matthew Beard, Christopher Abbott, Viola Prettejohn, David Cale, Stacy Martin, Scott Handy, Jeremy Wheeler","Ann Lee, the founding leader of the Shaker Movement, is proclaimed as the female Christ by her followers. This film depicts her establishment of a utopian society and the Shakers' worship through song and dance, based on real events."
tt34962891,The Perfect Neighbor,2025,96.0,7.0,33783.0,https://www.imdb.com/title/tt34962891/,https://m.media-amazon.com/images/M/MV5BZmYxZjA5YmItMjJkYi00NzllLWJjMzgtZjFjZjBlZGQwMmRkXkEyXkFqcGc@._V1_.jpg,Documentary,"Documentary, Crime, Drama, Thriller",Geeta Gandbhir,"Susan Lorincz, Ajike Owens, Aaron Barbosa, Cash, Franklin Baez-Colon, Jonathan Coleman, Michael Balken, Pamela Dias","Susan Lorincz, Ajike Owens, Aaron Barbosa, Cash, Franklin Baez-Colon, Jonathan Coleman, Michael Balken, Pamela Dias, Troy Campbell, Troy Gann","A minor disagreement between neighbors in Florida takes a lethal turn, with police body camera footage and interviews probing the aftermath of the state's controversial ""stand your ground"" laws."
tt34966650,"It's Never Over, Jeff Buckley",2025,106.0,8.0,3327.0,https://www.imdb.com/title/tt34966650/,https://m.media-amazon.com/images/M/MV5BNWMxOGMwYmEtMjQ3Ny00YTMzLTllYjktNGUyMTljNDkwYTE5XkEyXkFqcGc@._V1_.jpg,Documentary,"Documentary, Biography, Music",Amy Berg,"Jeff Buckley, Mary Guibert, Ben Harper, Rebecca Moore, Michael Tighe, Parker Kindred, Kate Hyman, Andy Wallace","Jeff Buckley, Mary Guibert, Ben Harper, Rebecca Moore, Michael Tighe, Parker Kindred, Kate Hyman, Andy Wallace, Michele Anthony, Karl Berger","Never-before-seen footage, exclusive voice messages, and accounts from Jeff Buckley's inner circle paint a captivating portrait of the gifted musician who died tragically in 1997, having only released one album."
tt34992378,A Merry Little Ex-Mas,2025,91.0,5.0,10956.0,https://www.imdb.com/title/tt34992378/,https://m.media-amazon.com/images/M/MV5BNjBlMTdiN2EtNzQ5MS00ODQ0LWI3NWUtYjdmMDU2N2Y4YWQ2XkEyXkFqcGc@._V1_.jpg,Comedy,Comedy,Steve Carr,"Alicia Silverstone, Oliver Hudson, Jameela Jamil, Pierson Fode, Wilder Hudson, Emily Hall, Timothy Innes, Geoffrey Owens","Alicia Silverstone, Oliver Hudson, Jameela Jamil, Pierson Fode, Wilder Hudson, Emily Hall, Timothy Innes, Geoffrey Owens, Derek McGrath, Melissa Joan Hart","A separated couple tries celebrating one last Christmas together with their kids before their divorce. However, the husband's new girlfriend joins the festivities, causing tension and chaos during the holidays."
tt35111035,Oni Goroshi,2025,106.0,5.0,6756.0,https://www.imdb.com/title/tt35111035/,https://m.media-amazon.com/images/M/MV5BYzg3ZGY5MmUtNGViOC00ZjRkLTg4ZmYtMDI1NWZiZDQ0Zjc2XkEyXkFqcGc@._V1_.jpg,Action,"Action, Adventure, Crime, Fantasy, Thriller",Seiji Tanaka,"Tôma Ikuta, Masahiro Higashide, Miou Tanaka, Ami Tôma, Tarô Suruga, Mai Kiryû, Naoto Takenaka, Takuma Otoo","Tôma Ikuta, Masahiro Higashide, Miou Tanaka, Ami Tôma, Tarô Suruga, Mai Kiryû, Naoto Takenaka, Takuma Otoo, Masanobu Takashima, Matsuya Onoe","Shûhei Sakata, accused of killing his wife and child, and then supposedly failing to kill himself with a gunshot to the head. Though actually innocent, he is sent to a prison hospital, where he stays for 12 years, remaining disabled. After he is released, he has a fateful encounter that allows him to recover his physical abilities."
tt35219851,My Secret Santa,2025,90.0,6.0,10035.0,https://www.imdb.com/title/tt35219851/,https://m.media-amazon.com/images/M/MV5BNDhiZDFhNzItY2FlYS00NTg4LThhOTAtYWIyMzNkNjZmYmQyXkEyXkFqcGc@._V1_.jpg,Comedy,"Comedy, Romance",Mike Rohl,"Alexandra Breckenridge, Ryan Eggold, Tia Mowry, Madison MacIsaac, Diana Maria Riva, Nathan Kay, William Vaughan, Adam Beauchesne","Alexandra Breckenridge, Ryan Eggold, Tia Mowry, Madison MacIsaac, Diana Maria Riva, Nathan Kay, William Vaughan, Adam Beauchesne, Dominic Fox, Barry W. Levy","Taylor loses her job just before Christmas, and to make matters worse, her daughter is accepted into a snowboarding course that Taylor struggles to afford. She learns that the ski resort's hotel offers discounts on the course for employees. The problem is that the only job available is as the hotel's Santa Claus. Taylor enlists the help of her brother and his boyfriend, who are experts in costumes, to disguise her as Santa and manages to land the job. This means she also has to work with Matthew, whose father has put him in charge of running the hotel over Christmas. She also meets Matthew as herself - and now she has to juggle both that and her job as Santa Claus."
tt35237771,Ghost Elephants,2025,98.0,7.0,1800.0,https://www.imdb.com/title/tt35237771/,https://m.media-amazon.com/images/M/MV5BODVjMzhkZmEtNzNjZi00OWY2LWJmMzAtYmExYjhlNzY1ZjE5XkEyXkFqcGc@._V1_.jpg,Documentary,Documentary,Werner Herzog,"Steve Boyes, Xui, Kobus, Gary Trower, Xui Dawid, Kerllen Costa, Jordana Meyer, Regedor Kaketche","Steve Boyes, Xui, Kobus, Gary Trower, Xui Dawid, Kerllen Costa, Jordana Meyer, Regedor Kaketche, Elias Ngunga, António Luhoke","In the highlands of Angola, conservation biologist Steve Boyes sets out on an epic journey to search for a mysterious, elusive herd of ghost elephants - creatures long believed to be a myth."
tt35300972,Lune de miel avec ma mère,2025,93.0,6.0,3834.0,https://www.imdb.com/title/tt35300972/,https://m.media-amazon.com/images/M/MV5BZTVlNWUyZWQtYThlZi00YmFiLWEyZDctZjMxZmYwNDE5YjA5XkEyXkFqcGc@._V1_.jpg,Comedy,Comedy,Nicolas Cuche,"Michèle Laroque, Julien Frison, Rossy de Palma, Gilbert Melki, Margot Bancilhon, Kad Merad, Jake Francois, Camille Aguilar","Michèle Laroque, Julien Frison, Rossy de Palma, Gilbert Melki, Margot Bancilhon, Kad Merad, Jake Francois, Camille Aguilar, Rémi Johnsen, Clara Joly","When his fiancée dumps him at the altar for her ex, a young man is left with no alternative but to go on his romantic honeymoon with his mother."
tt35330717,Les orphelins,2025,95.0,6.0,1125.0,https://www.imdb.com/title/tt35330717/,https://m.media-amazon.com/images/M/MV5BMTkzNmEyZjItNGM1NC00YWUwLTgwYjktY2IxZmM5YzIzOGY2XkEyXkFqcGc@._V1_.jpg,Action,"Action, Drama",Olivier Schneider,"Alban Lenoir, Dali Benssalah, Sonia Faidi, Suzanne Clément, Anouk Grinberg, Naidra Ayadi, Romain Levi, Guillaume Soubeyran","Alban Lenoir, Dali Benssalah, Sonia Faidi, Suzanne Clément, Anouk Grinberg, Naidra Ayadi, Romain Levi, Guillaume Soubeyran, Jacqueline Corado, Jean Kinsella","Gab and Driss, childhood friends who have been estranged since leaving the orphanage, lead opposite lives: one is a cop at the IGPN, the other a fixer for thugs. When their first love dies in a suspicious accident, his 17-year-old daughter Leïla grabs Gab's gun and sets out on the trail of a powerful company willing to do anything to cover up the affair. Forced to team up, the orphans must stop her before she commits the irreparable."
tt35340614,O Último Azul,2025,85.0,7.0,4434.0,https://www.imdb.com/title/tt35340614/,https://m.media-amazon.com/images/M/MV5BNjk1OWIzNzMtY2VlYy00NTc0LTk2NjQtMWFiOTdmYTNhYjg1XkEyXkFqcGc@._V1_.jpg,Drama,"Drama, Sci-Fi",Gabriel Mascaro,"Denise Weinberg, Rodrigo Santoro, Miriam Socarras, Adanilo, Rosa Malagueta, Clarissa Pinheiro, Dimas Mendonça, Daniel Ferrat","Denise Weinberg, Rodrigo Santoro, Miriam Socarras, Adanilo, Rosa Malagueta, Clarissa Pinheiro, Dimas Mendonça, Daniel Ferrat, Heitor Lóris, Rafael César","To maximize economic productivity, the Brazilian government orders elderly people to move to remote housing colonies. A 77-year-old woman refuses and embarks on a journey through the Amazon that will change her destiny forever."
tt35600079,A Very Jonas Christmas Movie,2025,80.0,6.0,5022.0,https://www.imdb.com/title/tt35600079/,https://m.media-amazon.com/images/M/MV5BNWFjODc1NDYtNTAzMS00NDdjLTk3ZDItNTJjMDcwZTY0NWU1XkEyXkFqcGc@._V1_.jpg,Comedy,"Comedy, Drama, Family, Musical",Jessica Yu,"Kevin Jonas, Joe Jonas, Chloe Bennet, Nick Jonas, Billie Lourd, Laverne Cox, Andrew Barth Feldman, Randall Park","Kevin Jonas, Joe Jonas, Chloe Bennet, Nick Jonas, Billie Lourd, Laverne Cox, Andrew Barth Feldman, Randall Park, Jesse Tyler Ferguson, Priyanka Chopra Jonas","Three famous brothers race against time and face mounting challenges during a chaotic journey from London to New York, desperate to make it home in time for Christmas with their loved ones."
tt35628853,Titan: The OceanGate Disaster,2025,111.0,7.0,11019.0,https://www.imdb.com/title/tt35628853/,https://m.media-amazon.com/images/M/MV5BZGIyYTE0ZjgtZjUyZC00NGVhLTk5OTQtNTBkOWFjZDRmZDZkXkEyXkFqcGc@._V1_.jpg,Documentary,Documentary,Mark Monroe,"Stockton Rush, David Lochridge, Emily Hammermeister, Tony Nissen, Sidonie Nargeolet, Jason Neubauer, Joseph Assi, Rob McCallum","Stockton Rush, David Lochridge, Emily Hammermeister, Tony Nissen, Sidonie Nargeolet, Jason Neubauer, Joseph Assi, Rob McCallum, Bonnie Carl, Mark Harris","The Titan submersible's ill-fated journey to the ruins of the Titanic dominated headlines in June 2023, yet the shocking decisions that led to the disaster have never been revealed like this. Titan: The Oceangate Disaster delves into the psyche of billionaire OceanGate CEO Stockton Rush and explores his relentless quest to bring oceanic exploration to the masses - at any cost. Through exclusive access to whistleblower testimony, pivotal audio recordings, and footage from the company's early days, the film provides an unprecedented look at the technical challenges, moral dilemmas, and shockingly poor decisions that culminated in the catastrophic expedition. Titan examines the doomed underwater endeavor that forced the world to reconsider the price of unchecked ambition in the depths of the ocean."
tt3566834,A Minecraft Movie,2025,101.0,6.0,167239.0,https://www.imdb.com/title/tt3566834/,https://m.media-amazon.com/images/M/MV5BYzFjMzNjOTktNDBlNy00YWZhLWExYTctZDcxNDA4OWVhOTJjXkEyXkFqcGc@._V1_.jpg,Action,"Action, Adventure, Comedy, Family, Fantasy",Jared Hess,"Jason Momoa, Jack Black, Sebastian Hansen, Emma Myers, Danielle Brooks, Jennifer Coolidge, Rachel House, Allan Henry","Jason Momoa, Jack Black, Sebastian Hansen, Emma Myers, Danielle Brooks, Jennifer Coolidge, Rachel House, Allan Henry, Bram Scott-Breheny, Moana Williams","Four misfits find themselves struggling with ordinary problems when they are suddenly pulled through a mysterious portal into the Overworld, a bizarre, cubic wonderland that thrives on imagination. To get back home, they'll have to master this world while embarking on a magical quest with an unexpected, expert craftier. Together, their adventure will challenge all five to be bold and to reconnect with the qualities that make each of them uniquely creative-the very skills they need to thrive back in the real world."
tt35668683,A Normal Woman,2025,110.0,4.0,1362.0,https://www.imdb.com/title/tt35668683/,https://m.media-amazon.com/images/M/MV5BMjM4YzBjZmEtNTJlZC00OTUyLWE2NDItZmVkNTcwZWVmNzc3XkEyXkFqcGc@._V1_.jpg,Drama,"Drama, Horror, Thriller",Lucky Kuswandi,"Marissa Anita, Dion Wiyoko, Gisella Anastasia, Mima Shafa, Widyawati, Sari Koeswoyo, Maya Hasan, Hatta Rahandy","Marissa Anita, Dion Wiyoko, Gisella Anastasia, Mima Shafa, Widyawati, Sari Koeswoyo, Maya Hasan, Hatta Rahandy, Alexa Jeslyn Hendrawan, Jasmine Laura Arendsen","Milla seems to live a luxurious and peaceful life as the wife of Jonathan, a successful businessman. For no apparent reason, Milla experiences physical problems-first a wound on her heel and then on her face-and psychological ones that increasingly disrupt her daily life. The pain comes not only from her body, but also from the pressure she faces: Liliana, her authoritarian mother-in-law, who is greatly adored by her son. When her childhood maid, Irah, accidentally mentions Grace's name, Milla begins to question who she really is. The dark secrets of her past are slowly revealed."
tt35669009,Ziam,2025,95.0,5.0,5155.0,https://www.imdb.com/title/tt35669009/,https://m.media-amazon.com/images/M/MV5BZDdlN2Q0ZjktNWI3Ny00NGYzLWJmNmItN2Y3YmNhMmZmNjY3XkEyXkFqcGc@._V1_.jpg,Action,"Action, Horror, Sci-Fi, Thriller",Kulp Kaljareuk,"Mark Prin Suparat, Nuttanicha Dungwattanawanich, Vayla Wanvayla Boonnithipaisit, Johnny Anfone, Pimmada Boriruksuppakorn, Jason Young, Suphachai Saenphong, Duangporn Oapirat","Mark Prin Suparat, Nuttanicha Dungwattanawanich, Vayla Wanvayla Boonnithipaisit, Johnny Anfone, Pimmada Boriruksuppakorn, Jason Young, Suphachai Saenphong, Duangporn Oapirat, Oak Keerati Sivakua, Yhok Sirimart","A skilled fighter finds himself in the middle of a dangerous outbreak where survival becomes the only goal. As chaos spreads, he must rely on his abilities to protect himself and navigate through increasingly deadly situations. The story follows his struggle to stay alive while facing both human and inhuman threats in an unpredictable environment."
tt35683795,Carjackers,2025,97.0,5.0,1676.0,https://www.imdb.com/title/tt35683795/,https://m.media-amazon.com/images/M/MV5BZjY3NzI3YTktN2JiMy00MmVlLWE1OTYtODE3ZTk5ZGIxMjIyXkEyXkFqcGc@._V1_.jpg,Action,"Action, Crime, Thriller",Kamel Guemra,"Zoé Marchal, Franck Gastambide, Bosh, Chilla, Alassane Diong, Disiz, Hafid F. Benamar, Colin Bates","Zoé Marchal, Franck Gastambide, Bosh, Chilla, Alassane Diong, Disiz, Hafid F. Benamar, Colin Bates, Mylène Jampanoï, Maïmouna Gueye","Nora is a valet driver; with Zoé, Steve and Prestance, her colleagues and friends, she has set up the Carjackers team. By day, they serve wealthy clients in palaces, but when they're not working, they rob those whose evil deeds they know."
tt35766629,Goodbye June,2025,114.0,7.0,10788.0,https://www.imdb.com/title/tt35766629/,https://m.media-amazon.com/images/M/MV5BZjNlOTQ4OGUtODk4OC00MDMxLTliNjQtNzZkMDk0MTk4MjMzXkEyXkFqcGc@._V1_.jpg,Drama,Drama,Kate Winslet,"Helen Mirren, Timothy Spall, Johnny Flynn, James Trevelyan Buckle, Flora Jacoby Richardson, Kate Winslet, Benjamin Shortland, Andrea Riseborough","Helen Mirren, Timothy Spall, Johnny Flynn, James Trevelyan Buckle, Flora Jacoby Richardson, Kate Winslet, Benjamin Shortland, Andrea Riseborough, Elias Whittaker, Dexter Saville","It's nearly Christmas when an unexpected turn in their mother's health thrusts four adult siblings and their exasperating father into chaos as they navigate messy family dynamics in the face of potential loss. But their quick-witted mother June orchestrates her decline on her own terms - with biting humor, blunt honesty and a lot of love."
tt35882698,The Twister: Caught in the Storm,2025,89.0,7.0,5153.0,https://www.imdb.com/title/tt35882698/,https://m.media-amazon.com/images/M/MV5BYzBiYzhlZDEtZjU5Ny00ZDY4LWJjZTEtNGM4ZmQ2ODE2NTBkXkEyXkFqcGc@._V1_.jpg,Documentary,Documentary,Alexandra Lacey,"Mac Wright, Kaylee Parker, Chad Crilley, Doug Heady, Christy Ricci, Cecil Cornish, Andrew Keegan Tinney, Steven Weersing","Mac Wright, Kaylee Parker, Chad Crilley, Doug Heady, Christy Ricci, Cecil Cornish, Andrew Keegan Tinney, Steven Weersing, Doug, Mike Bettes","It is graduation day in Joplin, Missouri. As the Class of 2011 collect their diplomas, their hometown is hit by a rare EF-5 tornado. Believing it could be the end of the world, a group of teenagers find themselves in the eye of the storm."
tt35955855,Con Mum,2025,88.0,7.0,3497.0,https://www.imdb.com/title/tt35955855/,https://m.media-amazon.com/images/M/MV5BZDE2YTIwNTktM2IwNi00ZWFlLWE0NTEtYTVhYjdjNWMzNjViXkEyXkFqcGc@._V1_.jpg,Documentary,"Documentary, Crime",Nick Green,Graham Hornigold,Graham Hornigold,"A chef's world turns chaotic when a globetrotting socialite appears, claiming to be his mother. The documentary uncovers their story."
tt36118360,Tu Yaa Main,2026,143.0,6.0,7401.0,https://www.imdb.com/title/tt36118360/,https://m.media-amazon.com/images/M/MV5BOGIzNWVkODctYWNmZS00MGU2LWI3ZGItY2Q0YTAyYzEzMDA5XkEyXkFqcGc@._V1_.jpg,Action,"Action, Drama, Horror, Romance, Thriller",Bejoy Nambiar,"Amruta Khanvilkar, Sanjay Appan, Ashok Kangude, Shanaya Kapoor, Adarsh Gourav, Kshitee Jog, Rajasi Anant Kinjalaskar, Mahira Sharma","Amruta Khanvilkar, Sanjay Appan, Ashok Kangude, Shanaya Kapoor, Adarsh Gourav, Kshitee Jog, Rajasi Anant Kinjalaskar, Mahira Sharma, Ansh Vikas Chopra, Kannan Muthraj","Maruti builds his identity through rap and online visibility, chasing recognition that keeps slipping past his reach. Avni moves through the influencer circuit with control, but her choices in love disrupt her carefully managed image. Their relationship forms under calculation and attraction, then bends under pressure when responsibility enters the frame. A planned escape toward Goa becomes a forced detour after a breakdown leaves them stranded. A night stay at a secluded property shifts the emotional distance between them, replacing curated performance with raw proximity. Morning brings isolation, water, and confinement that strips away their social personas. Maruti reacts with instinct and urgency while Avni confronts uncertainty about trust and commitment. The environment turns hostile in ways neither of them can manage through image or reputation. What began as connection turns into dependency, and survival becomes the only shared language."
tt36240772,K.O.,2025,86.0,6.0,5509.0,https://www.imdb.com/title/tt36240772/,https://m.media-amazon.com/images/M/MV5BZTExNjM4NzAtY2FiZS00M2VmLWE1MjUtNWM1MTk3YTg1ZjQwXkEyXkFqcGc@._V1_.jpg,Action,"Action, Adventure, Drama",Antoine Blossier,"Ciryl Gane, Alice Belaïdi, Foued Nabba, Maleaume Paquin, Ibrahima Keita Stunt, Anne Azoulay, Samuel Jouy, Virgile Bramly","Ciryl Gane, Alice Belaïdi, Foued Nabba, Maleaume Paquin, Ibrahima Keita Stunt, Anne Azoulay, Samuel Jouy, Virgile Bramly, Malone Ettori, Nafy Souare","After accidentally killing his rival in an MMA bout, a man has the chance to make it up to the widow by finding her son."
tt36265413,Druga Furioza,2025,167.0,6.0,2229.0,https://www.imdb.com/title/tt36265413/,https://m.media-amazon.com/images/M/MV5BOWU1NWM1MjktNTgyZi00ZDAwLWEwZmYtMTEwYzQ4MmQ1OGQyXkEyXkFqcGc@._V1_.jpg,Action,"Action, Drama",Cyprian T. Olencki,"Anna Bielecka, Donal Brophy, Konrad Eleryk, Lukasz Dedynski, Mateusz Banasiuk, Mateusz Damiecki, Michal Burdan, Piotr Bak","Anna Bielecka, Donal Brophy, Konrad Eleryk, Lukasz Dedynski, Mateusz Banasiuk, Mateusz Damiecki, Michal Burdan, Piotr Bak, Szymon Bobrowski, Weronika Dzierzynska",Female cop blackmails her ex's brother with jail time unless he spies on a hooligan gang.
tt36424914,Falcon Express,2025,87.0,6.0,1556.0,https://www.imdb.com/title/tt36424914/,https://m.media-amazon.com/images/M/MV5BMTZlOWZkOGYtYWY4Yi00OGI1LTgwZDMtZjRkOWRlYzM4YmRjXkEyXkFqcGc@._V1_.jpg,Animation,"Animation, Action, Comedy, Family, Thriller","Benoît Daffis, Jean-Christian Tassy","Damien Ferrette, Hervé Jolly, Kaycie Chase, Frantz Confiac, Emmanuel Garijo, Nicolas Marié, Stéphane Ronchewski, Sébastien Desjours","Damien Ferrette, Hervé Jolly, Kaycie Chase, Frantz Confiac, Emmanuel Garijo, Nicolas Marié, Stéphane Ronchewski, Sébastien Desjours, Ciara Hicks, Patrick Abellard","When a crew of animal bandits embark on a routine swindle, they find themselves caught up in a train heist. It's up to Falcon, a petty thief raccoon, and Rex, a righteous police-dog, to save the animals on this high-speed runaway train."
tt36451817,Raakaasa,2026,130.0,7.0,4083.0,https://www.imdb.com/title/tt36451817/,https://m.media-amazon.com/images/M/MV5BNmRkMDljZmQtOTk5MS00ZWZhLTlmNTEtNDNhMDkxYWFmZGNiXkEyXkFqcGc@._V1_.jpg,Comedy,"Comedy, Fantasy, Horror, Mystery, Romance, Thriller",Manasa Sharma,"Ashish Vidyarthi, Brahmaji, Kishore Kumar Polimera, Nayan Sarika, Rajasekhar Aningi, Sangeeth Shobhan, Sukhwinder Singh, Tanikella Bharani","Ashish Vidyarthi, Brahmaji, Kishore Kumar Polimera, Nayan Sarika, Rajasekhar Aningi, Sangeeth Shobhan, Sukhwinder Singh, Tanikella Bharani, Thakur Anoop Singh, Vennela Kishore","Returning home after a decade, an NRI chasing romance inadvertently awakens an ancient darkness long feared by his village. As the threat intensifies, love turns deadly and life hangs in the balance."
tt36463894,Predator: Killer of Killers,2025,85.0,7.0,63155.0,https://www.imdb.com/title/tt36463894/,https://m.media-amazon.com/images/M/MV5BNjM2MjA4YzQtYjBkNS00YmU3LTllOTgtMDQzMjkzM2Q4MmM5XkEyXkFqcGc@._V1_.jpg,Animation,"Animation, Action, Adventure, Sci-Fi, Thriller",Dan Trachtenberg,"Michael Biehn, Doug Cockle, Rick Gonzalez, Lauren Holt, Lindsay LaVanchy, Jeff Leach, Cherami Leigh, Alessa Luz Martinez","Michael Biehn, Doug Cockle, Rick Gonzalez, Lauren Holt, Lindsay LaVanchy, Jeff Leach, Cherami Leigh, Alessa Luz Martinez, Piotr Michael, Andrew Morgado","An animated anthology that follows three legendary warriors across time, a Viking raider seeking revenge alongside her young son, a ninja who turns against his Samurai brother, and an inexperienced American WWII pilot in deadly aerial combat. Each face unimaginable danger when they become prey against the brutal alien Yautja, the ultimate extraterrestrial hunter. The Yautja battle through history to discover the fiercest human killers that will be the true killer of killers."
tt36592065,A Deadly American Marriage,2025,102.0,7.0,8204.0,https://www.imdb.com/title/tt36592065/,https://m.media-amazon.com/images/M/MV5BMThlZmQxMWYtMzI1NS00OTQ5LTk0NjEtY2VmZjM2MTgzZWYyXkEyXkFqcGc@._V1_.jpg,Documentary,"Documentary, Crime","Jenny Popplewell, Jessica Burgess","Sarah Corbett Lynch, Jack Corbett Lynch, Wanda Thompson, Tracey Lynch, David Lynch, Alan Martin, Brendan, Molly Martens Corbett","Sarah Corbett Lynch, Jack Corbett Lynch, Wanda Thompson, Tracey Lynch, David Lynch, Alan Martin, Brendan, Molly Martens Corbett, Tom Martens, Susie West Vincent",A disturbing 911 call and horrific crime scene raise questions about Jason Corbett's death. His family shares memories and hidden realities beneath their perfect-looking life.
tt36642456,Haq,2025,134.0,8.0,16927.0,https://www.imdb.com/title/tt36642456/,https://m.media-amazon.com/images/M/MV5BZmFkNzExNTQtNjY4Ny00NmVjLWIwYjYtOWY5YzkwNmU4YWI2XkEyXkFqcGc@._V1_.jpg,Drama,Drama,Suparn Varma,"Yami Gautam, Emraan Hashmi, Sheeba Chaddha, Danish Husain, Aseem Hattangady, Jaimini Pathak, Vidyarthi Piloo, Smriti Mishra","Yami Gautam, Emraan Hashmi, Sheeba Chaddha, Danish Husain, Aseem Hattangady, Jaimini Pathak, Vidyarthi Piloo, Smriti Mishra, Paridhi Sharma, Danish Iqbal","In 1980s India, Shazia Bano's world falls apart when her husband, Abbas, abandons her and their three children after marrying a second time. At first, Abbas agrees to pay monthly maintenance for their children, but when he stops, Bano takes the bold step of going to court. In response, Abbas tries to silence her by pronouncing triple talaq. What begins as her personal struggle soon grows into a national debate about faith, women's rights, and justice. Bano's courage turns her into a symbol of resistance against patriarchy. Inspired by the landmark Supreme Court of India judgment in Shah Bano vs. Ahmed Khan, Haq is the story of an Indian woman's fight for her rights."
tt36741457,Il falsario,2025,116.0,7.0,6222.0,https://www.imdb.com/title/tt36741457/,https://m.media-amazon.com/images/M/MV5BYzk1MmRiODctMGFkMy00MTlmLTgyZjQtYTc1MWUyZjU5MTU4XkEyXkFqcGc@._V1_.jpg,Drama,"Drama, History",Stefano Lodovichi,"Pietro Castellitto, Giulia Michelini, Andrea Arcangeli, Pierluigi Gigante, Edoardo Pesce, Claudio Santamaria, Aurora Giovinazzo, Fabrizio Ferracane","Pietro Castellitto, Giulia Michelini, Andrea Arcangeli, Pierluigi Gigante, Edoardo Pesce, Claudio Santamaria, Aurora Giovinazzo, Fabrizio Ferracane, Marial Bajma-Riva, Mauro Aversano","Rome, 1970s. Toni arrives in the capital with few certainties: an exceptional talent for painting and the ambition to emerge as an artist. But the feverish city, his unstoppable thirst for life, and his entanglement with political and criminal events transform him into Italy's most skilled forger, destined to enter the darkest recesses of national news and become an ambiguous and complex figure, suspended between the seductions of art, deception and power."
tt36754289,She Said Maybe,2025,107.0,5.0,2095.0,https://www.imdb.com/title/tt36754289/,https://m.media-amazon.com/images/M/MV5BZWI3OWFjMTctZDJlZi00ZDM0LTgxYTUtN2VhZDBjYjExMzI0XkEyXkFqcGc@._V1_.jpg,Comedy,"Comedy, Drama, Romance","Buket Alakus, Ngo The Chau","Anja Karmanski, Beritan Balci, Berke Cetin, Caroline Daur, Ilknur Boyraz, Katja Riemann, Kerem Can, Mehmet Atesci","Anja Karmanski, Beritan Balci, Berke Cetin, Caroline Daur, Ilknur Boyraz, Katja Riemann, Kerem Can, Mehmet Atesci, Meral Perin, Sinan Güleç","A German-raised woman named Mavi learns of her Turkish noble heritage and enters a world of luxury, challenging her relationship as she navigates her newfound identity."
tt36856278,Trainwreck: The Astroworld Tragedy,2025,80.0,7.0,6020.0,https://www.imdb.com/title/tt36856278/,https://m.media-amazon.com/images/M/MV5BZjVmZGQwNDQtZmFkYy00NmFhLTlkYzgtNjk1MjIwMjI0YTJmXkEyXkFqcGc@._V1_.jpg,Documentary,Documentary,Yemi Bamiro,"Travis Scott, Ayden Cruz, Kaia Redus, Coco Dominguez, Mark Elibert, Raul Torres, Marcial Rivera, Manuel","Travis Scott, Ayden Cruz, Kaia Redus, Coco Dominguez, Mark Elibert, Raul Torres, Marcial Rivera, Manuel, Sophia Santana, Kirby Gladstein","On November 5, 2021, Travis Scott stepped on stage to perform his set at Astroworld: what would have been the best night of the festival-goers lives quickly turned into a catastrophe that left 10 of them dead. The Astroworld Tragedy takes an exclusive look at that night, told from the perspective of the survivors, paramedics, and security staff that were at the center of this catastrophe."
tt36856455,Trainwreck: Poop Cruise,2025,55.0,6.0,10156.0,https://www.imdb.com/title/tt36856455/,https://m.media-amazon.com/images/M/MV5BZDIwNTMzMjEtNmRkNy00ODNlLWE5MjEtYzlmMzM1ODA0MTBlXkEyXkFqcGc@._V1_.jpg,Documentary,Documentary,James Ross,"Devin Marble, Larry Poret, Rebekah Poret, Ashley, Kalin, Jayme Lamm, Jen Baxter, Hanna","Devin Marble, Larry Poret, Rebekah Poret, Ashley, Kalin, Jayme Lamm, Jen Baxter, Hanna, Abhi, Stephen","It was supposed to be a luxury cruise: a four day round trip from Galveston, Texas to Cozumel, Mexico. But for the 4,000 passengers and crew on board, the reality proves catastrophically different. After an engine room fire destroys electrical cables supplying the entire ship, the boat is left drifting with no power for propulsion, refrigeration, lighting, air-conditioning or... worst of all, flushing toilets. Soon raw sewage leaks out all over the ship, food supplies start dwindling and passengers begin to revolt. As the cruise company races to control the fallout, a media frenzy ensues. Soon everyone is talking about 'The Poop Cruise'."
tt36856482,Trainwreck: The Cult of American Apparel,2025,54.0,6.0,3397.0,https://www.imdb.com/title/tt36856482/,https://m.media-amazon.com/images/M/MV5BMWY4Y2FlZmItYjAwZC00MDQwLWE3ZDctYzg4N2QzYjUwNDU1XkEyXkFqcGc@._V1_.jpg,Documentary,Documentary,Sally Rose Griffiths,"Dov Charney, Jonny Makeup, Carson Giles, E.J. Merlin, Michelle Lemay, Susan Berfield, Toni Jaramilla, Beyoncé","Dov Charney, Jonny Makeup, Carson Giles, E.J. Merlin, Michelle Lemay, Susan Berfield, Toni Jaramilla, Beyoncé, Fred Armisen, Jason Carroll","In the early 2000s, American Apparel becomes one of the United States' most successful fashion brands, known for its colourful casual clothing, ethical production and its sexually provocative advertising campaigns. For young staffers it's an exciting time; a chance to be part of a cult-like company revolutionising the fashion industry, and an opportunity to learn from American Apparel's charismatic CEO and founder, Dov Charney. But as the brand quickly expands, the young employees begin to realise that American Apparel's shiny surface is hiding a darker reality. Charney's chaotic management starts to hit the company's finances, and he is accused of sexual harassment by female employees. As problems mount and the company begins to implode, staff members are forced to come to terms with the toxic work environment Charney has created."
tt36856496,Trainwreck: The Real Project X,2025,48.0,6.0,3661.0,https://www.imdb.com/title/tt36856496/,https://m.media-amazon.com/images/M/MV5BZWNhNzFhYWYtZmZlMi00NzNiLWFlMTAtZjJkYzMwZDg4NDU2XkEyXkFqcGc@._V1_.jpg,Documentary,Documentary,Alex Wood,"Merthe Marije Weusthuis, Iloe Degen, Fenna Degen, Laurens, Jorik Clarck, Chris Garrit, Arnold, Mariska Sloot","Merthe Marije Weusthuis, Iloe Degen, Fenna Degen, Laurens, Jorik Clarck, Chris Garrit, Arnold, Mariska Sloot, Giel de Winter, Thomas van der Vlugt","In 2012, A teenage girl in the small Dutch town of Haren creates a Facebook event for her sixteenth birthday party, but mistakenly makes it public instead of private. Inspired by a love of the Hollywood movie Project X, Dutch teenagers make the event go viral, and soon tens of thousands of people sign up to come to the party. Despite warnings, police and local authorities don't think anyone will turn up. No provisions are made to entertain the masses of young people who arrive in Haren, and the party soon explodes into a full-blown riot."
tt36856514,Trainwreck: Balloon Boy,2025,52.0,6.0,3284.0,https://www.imdb.com/title/tt36856514/,https://m.media-amazon.com/images/M/MV5BNzQxOTViOTYtYjU1MS00ODk0LWFkZTYtY2RiNjJlN2U5MTk2XkEyXkFqcGc@._V1_.jpg,Documentary,Documentary,Gillian Pachter,"Richard Heene, Mayumi Heene, Bradford Heene, Tina Chavez, Dean Askew, Bob Heffernan, Jimmy Negri, Robert Sanchez","Richard Heene, Mayumi Heene, Bradford Heene, Tina Chavez, Dean Askew, Bob Heffernan, Jimmy Negri, Robert Sanchez, Brian Willie, Jim Alderden","On October 15, 2009, a father in Fort Collins Colorado calls 911, claiming that his home-made flying saucer has escaped from the back yard, carrying his six-year-old son inside. This stranger-than-fiction claim is backed up by footage from a news helicopter, which catches up with the balloon and is live-streaming the chase. What starts as a local emergency quickly escalates into a national one, as everyone from the National Guard, to the Sheriff, and Homeland Security, struggles to come up with a plan to safely rescue 'Balloon Boy'. As the balloon softly lands, people pray for a miracle reunion - but instead they discover no boy inside. What appears to be a tragedy takes a sharp turn into something else. Public sympathy quickly turns into righteous outrage, as Balloon Boy quickly becomes one of America's most infamous, and bizarre news stories."
tt36971084,"The Rise of the Red Hot Chili Peppers: Our Brother, Hillel",2026,93.0,8.0,4522.0,https://www.imdb.com/title/tt36971084/,https://m.media-amazon.com/images/M/MV5BOGM0MWQwYmQtZDg5OC00MmI0LTk5ZTEtYTIzMGQ3N2FiMTQxXkEyXkFqcGc@._V1_.jpg,Documentary,"Documentary, History, Music",Ben Feldman,"Hillel Slovak, Anthony Kiedis, Flea, Alain Johannes, Jack Irons, James Slovak, Gary Allen, Addie Brik","Hillel Slovak, Anthony Kiedis, Flea, Alain Johannes, Jack Irons, James Slovak, Gary Allen, Addie Brik, George Clinton, Michael Beinhorn","A documentary about the early Red Hot Chili Peppers ~ and the guitarist most people never got to know. Hillel Slovak died in 1988 at 26, before the band became what it became. Thirty years of a life that didn't happen. This is his bandmates and friends remembering someone they never stopped missing. It doesn't feel like a documentary. It feels like pulling up a chair and listening to people talk about someone they loved."
tt36985837,Frozen: The Hit Broadway Musical,2025,111.0,7.0,1585.0,https://www.imdb.com/title/tt36985837/,https://m.media-amazon.com/images/M/MV5BYWEwZGQ1YTctNDc2My00ZDMzLTljNzgtNzQ1OTVkNmNjY2U2XkEyXkFqcGc@._V1_.jpg,Adventure,"Adventure, Comedy, Family, Fantasy, Musical","Brett Sullivan, Michael Grandage","Samantha Barks, Laura Dawkes, Craig Gallivan, Jammy Kasongo, Oliver Ormson, Richard Frame, Ashley Birchall, Mikayla Jade","Samantha Barks, Laura Dawkes, Craig Gallivan, Jammy Kasongo, Oliver Ormson, Richard Frame, Ashley Birchall, Mikayla Jade, Martha Bailey Vine, Elizabeth Lyons","Queen Elsa's hidden powers plunge Arendelle into an eternal winter and her sister Anna sets out to find her and save the kingdom. As the storm rages on, both sisters must learn that only an act of true love can thaw a frozen heart."
tt37024060,Grenfell: Uncovered,2025,100.0,7.0,3091.0,https://www.imdb.com/title/tt37024060/,https://m.media-amazon.com/images/M/MV5BNzI3OWQzZjEtYmFiZC00MGM1LTlmYTctMjFjMmVhYjYyMzVjXkEyXkFqcGc@._V1_.jpg,Documentary,Documentary,Olaide Sadiq,"Luana Gomes, Marcio Gomes, David Badillo, Peter Apps, Guillermo Rein, Sara Sjoberg, Eddie Daffarn, Omar Alhaj Ali","Luana Gomes, Marcio Gomes, David Badillo, Peter Apps, Guillermo Rein, Sara Sjoberg, Eddie Daffarn, Omar Alhaj Ali, Celestine Cheong, Chris Batcheldor","Reveals decisions by officials and companies before the 2017 Grenfell Tower fire that made it preventable. Survivors, families, and firefighters share their accounts of the tragedy that took 72 lives."
tt37024319,Le Bus: Les Bleus en grève,2026,81.0,7.0,1857.0,https://www.imdb.com/title/tt37024319/,https://m.media-amazon.com/images/M/MV5BOTUzOTZmZmItMTY0OC00ODU4LTliN2QtNGE4ZWYxMzNmNDgwXkEyXkFqcGc@._V1_.jpg,Documentary,"Documentary, Sport","Christophe Astruc, Jérôme Fritel","Raymond Domenech, Patrice Evra, François Manardo, William Gallas, Bacary Sagna, Sébastien Tarrago, Sylvain Wiltord, Estelle Denis","Raymond Domenech, Patrice Evra, François Manardo, William Gallas, Bacary Sagna, Sébastien Tarrago, Sylvain Wiltord, Estelle Denis, Roselyne Bachelot, Robert Duverne",This documentary revisits the controversy surrounding the French team during the 2010 FIFA World Cup and the strike that made headlines and outraged an entire country.
tt37209937,Pizza Movie,2026,97.0,6.0,11240.0,https://www.imdb.com/title/tt37209937/,https://m.media-amazon.com/images/M/MV5BODQxYzE1NDQtOGQ2Zi00YWQ2LTgwMTktODM5YTk4ODI5MTYzXkEyXkFqcGc@._V1_.jpg,Comedy,Comedy,"Brian McElhaney, Kevin Dean, Nick Kocher","Gaten Matarazzo, Sean Giambrone, Lulu Wilson, Jack Martin, Peyton Elizabeth Lee, Marcus Scribner, Caleb Hearon, Chris Schmidt Jr.","Gaten Matarazzo, Sean Giambrone, Lulu Wilson, Jack Martin, Peyton Elizabeth Lee, Marcus Scribner, Caleb Hearon, Chris Schmidt Jr., Sarah Sherman, Miguel-Andres Garcia","High college students face an unexpectedly epic journey when they must navigate two flights of stairs to retrieve their pizza delivery, turning a simple task into a surreal adventure."
tt37443891,Raat Akeli Hai: The Bansal Murders,2025,136.0,7.0,5147.0,https://www.imdb.com/title/tt37443891/,https://m.media-amazon.com/images/M/MV5BNDQ2OTBiZmQtYmQyZi00ZWI2LTk2NTYtMWZjNDFlMWYyZDZmXkEyXkFqcGc@._V1_.jpg,Drama,Drama,Honey Trehan,"Chitrangda Singh, Aditi Gupta, Nawazuddin Siddiqui, Shreedhar Dubey, Abhay Joshi, Deepti Naval, S.M. Zaheer, Mohit Chauhan","Chitrangda Singh, Aditi Gupta, Nawazuddin Siddiqui, Shreedhar Dubey, Abhay Joshi, Deepti Naval, S.M. Zaheer, Mohit Chauhan, Harssh A Singh, Radhika Apte","Inspector Jatil Yadav arrives at the sprawling Bansal mansion where crows drop dead from poisoned water and family members lie slaughtered behind locked doors. Every survivor guards a secret, every room whispers betrayal. The police force rushes toward an easy answer, pinning guilt on the family's drug-addicted member, but Jatil refuses the convenient exit. He circles Meera and her spiritual guru Geeta Vora, sensing their involvement runs deeper than grief. As he peels back layers of privilege and desperation, the investigation exposes the brutal chasm between wealth and want, unraveling a conspiracy that refuses to announce itself until the final moments."
tt37457638,"Família, Pero No Mucho",2025,81.0,5.0,1335.0,https://www.imdb.com/title/tt37457638/,https://m.media-amazon.com/images/M/MV5BYTQwYmQ2NmItNTExZS00MWM5LTgzODItNjVjYjM2MjM4NzdlXkEyXkFqcGc@._V1_.jpg,Comedy,Comedy,Felipe Joffily,"Leandro Hassum, Júlia Svacinna, Gabriel Goity, Simon Hempe, Karina Ramil, João Barreto, Mariela Pizzo, Abril di Yorio","Leandro Hassum, Júlia Svacinna, Gabriel Goity, Simon Hempe, Karina Ramil, João Barreto, Mariela Pizzo, Abril di Yorio, Pedro Benevides, Felippe Sanches","Otávio is forced to travel with his family to Bariloche to meet his daughter Mariana's Argentine groom. Among breathtaking landscapes, wine, slips on the snow, and his terrible mix of Portuguese and Spanish, Otávio jeopardizes his daughter's happiness and only ends up hurting her even more with his actions. Now he must resolve a major misunderstanding caused by his jealousy and inappropriate behavior to save the wedding--and his relationship with his daughter."
tt37531036,Belén,2025,105.0,7.0,2413.0,https://www.imdb.com/title/tt37531036/,https://m.media-amazon.com/images/M/MV5BZjE5ZDk2NjItMTFjOC00NmY2LWFiNjEtZmM4YzdlMTEwOGNiXkEyXkFqcGc@._V1_.jpg,Crime,"Crime, Drama",Dolores Fonzi,"Dolores Fonzi, Camila Plaate, Laura Paredes, Julieta Cardinali, Sergio Prina, Luis Machín, César Troncoso, Lili Juarez","Dolores Fonzi, Camila Plaate, Laura Paredes, Julieta Cardinali, Sergio Prina, Luis Machín, César Troncoso, Lili Juarez, Ruth Plaate, Susi Andersen","A woman hospitalized for pain discovers she's pregnant. After a medical emergency, she faces criminal charges. With support from her attorney and women's rights advocates, she fights for justice in a landmark case that could change lives."
tt37540875,Roommates,2026,107.0,6.0,9812.0,https://www.imdb.com/title/tt37540875/,https://m.media-amazon.com/images/M/MV5BYjk2YmRhNTItOGY5Ni00MjgwLTk4ZGMtMzE0MTQzMmMxYWRlXkEyXkFqcGc@._V1_.jpg,Comedy,Comedy,Chandler Levack,"Sadie Sandler, Chloe East, Aidan Langford, Natasha Lyonne, Nick Kroll, Carol Kane, Megan Thee Stallion, Billy Bryk","Sadie Sandler, Chloe East, Aidan Langford, Natasha Lyonne, Nick Kroll, Carol Kane, Megan Thee Stallion, Billy Bryk, Sarah Sherman, Steve Buscemi","When a hopeful, naive college freshman, Devon, asks the cool and confident Celeste to be her roommate, a blossoming friendship spirals into a war of passive aggression."
tt3758542,Ferrari,2023,130.0,6.0,69169.0,https://www.imdb.com/title/tt3758542/,https://m.media-amazon.com/images/M/MV5BYmUzYmJiMDMtZjIxNy00ZjBlLThjZDMtMDA1ZDM4MWMwNmI0XkEyXkFqcGc@._V1_.jpg,Biography,"Biography, Drama, History, Sport",Michael Mann,"Adam Driver, Shailene Woodley, Giuseppe Festinese, Alessandro Cremona, Derek Hill, Leonardo Caimi, Penélope Cruz, Gabriel Leone","Adam Driver, Shailene Woodley, Giuseppe Festinese, Alessandro Cremona, Derek Hill, Leonardo Caimi, Penélope Cruz, Gabriel Leone, Michele Savoia, Jacopo Bruno","Set during the summer of 1957. Ex-racecar driver, Ferrari, is in crisis. Bankruptcy stalks the company he and his wife, Laura, built from nothing ten years earlier. Their tempestuous marriage struggles with the mourning for one son and the acknowledgement of another. He decides to counter his losses by rolling the dice on one race - 1,000 miles across Italy, the iconic Mille Migl!"
tt37674426,Unknown Number: The High School Catfish,2025,94.0,7.0,22678.0,https://www.imdb.com/title/tt37674426/,https://m.media-amazon.com/images/M/MV5BODQ3MTdhNTQtODk3ZC00MTNmLWEwZjEtYmFkNWM2NTI3N2IyXkEyXkFqcGc@._V1_.jpg,Documentary,"Documentary, Crime",Skye Borgman,"Lauryn Licari, Sophie Weber, Macy Johnston, Owen McKenny, Shawn Licari, Kendra Licari, Jill McKenny, Dave McKenny","Lauryn Licari, Sophie Weber, Macy Johnston, Owen McKenny, Shawn Licari, Kendra Licari, Jill McKenny, Dave McKenny, Bill Chillman, Dan Boyer",A teen girl and her boyfriend face persistent harassment from an unknown caller. Police investigating the months of torment discover a revelation that upends their initial assumptions.
tt37961727,La hora de los valientes,2025,107.0,6.0,1940.0,https://www.imdb.com/title/tt37961727/,https://m.media-amazon.com/images/M/MV5BNGE5MzFlZTItMzZkMC00MTkwLWIwMDMtYmExYjdhYWFiNzJkXkEyXkFqcGc@._V1_.jpg,Comedy,"Comedy, Crime",Ariel Winograd,"Luis Gerardo Méndez, Memo Villegas, Christian Tappan, Verónica Bravo, Noé Hernández, Alfredo Alfonso, Enrique Arreola, Iván Aragón","Luis Gerardo Méndez, Memo Villegas, Christian Tappan, Verónica Bravo, Noé Hernández, Alfredo Alfonso, Enrique Arreola, Iván Aragón, Marco Antonio Argueta, Omar Adair",A psychoanalyst is sentenced to community service following a traffic accident and is assigned to provide therapeutic support to a police agent devastated by his wife's infidelity. The two will face unimaginable dangers together.
tt38350059,Buen Camino,2025,90.0,6.0,6380.0,https://www.imdb.com/title/tt38350059/,https://m.media-amazon.com/images/M/MV5BOGFhZTM0MTItNDY4YS00ZTdlLTk4MmItYjJlYmU1OTg2ZGZjXkEyXkFqcGc@._V1_.jpg,Comedy,Comedy,Gennaro Nunziante,"Checco Zalone, Beatriz Arjona, Letizia Arnò, Martina Colombari, Beatrice Abbro, Norberto Morán, David Salinas, Jack Forsyth-Noble","Checco Zalone, Beatriz Arjona, Letizia Arnò, Martina Colombari, Beatrice Abbro, Norberto Morán, David Salinas, Jack Forsyth-Noble, Cecilia Gragnani, Llimoo","A father leaves his comfort zone to search for his missing daughter on the Camino de Santiago. During his pilgrimage, amid blisters and unexpected encounters, he discovers much more than mere clues: he rediscovers himself."
tt38365045,Ni wa wa,2025,111.0,6.0,1867.0,https://www.imdb.com/title/tt38365045/,https://m.media-amazon.com/images/M/MV5BMDAzNmE0OWUtMTc4ZS00MDkzLWI2ZmMtMzA3MGEyNjU0MDIwXkEyXkFqcGc@._V1_.jpg,Drama,"Drama, Horror, Thriller",Meng-Ju Shieh,"Yo Yang, Cecilia Choi, Derek Chang, Tracy Chou, Hsueh-Fu Kuo, Wei-min Chen, Kuan-yi Lee, Mountain Kao","Yo Yang, Cecilia Choi, Derek Chang, Tracy Chou, Hsueh-Fu Kuo, Wei-min Chen, Kuan-yi Lee, Mountain Kao, Lindsey Huang, Ron Chang",A video-game designer's will is tested when a mysterious spirit infiltrates his new family and threatens the life of his expecting wife.
tt38457052,Aileen: Queen of the Serial Killers,2025,104.0,6.0,4699.0,https://www.imdb.com/title/tt38457052/,https://m.media-amazon.com/images/M/MV5BYjg4MDg1YTAtNDYwMC00MGEyLTk3NTYtMWY4YjJmNDMyZDdkXkEyXkFqcGc@._V1_.jpg,Documentary,"Documentary, Crime",Emily Turner,"Aileen Wuornos, Steve Binegar, Jasmine Hirst, Jacqueline Giroux, Arlene Pralle, Gayle Graziano, Deidre Hunt, Dawn Botkins","Aileen Wuornos, Steve Binegar, Jasmine Hirst, Jacqueline Giroux, Arlene Pralle, Gayle Graziano, Deidre Hunt, Dawn Botkins, Uriel Blount, Walter Gino Antonio","Aileen Wuornos killed 7 men while working as a prostitute in Florida (1989-90), claiming self-defense against rape."
tt38466379,"My Father, the BTK Killer",2025,93.0,6.0,5045.0,https://www.imdb.com/title/tt38466379/,https://m.media-amazon.com/images/M/MV5BYThlZWU1NjQtZTc0Ny00MDY4LTlkMDUtNzU2YmRhMDA4MmRiXkEyXkFqcGc@._V1_.jpg,Documentary,"Documentary, Crime",Skye Borgman,"J. Jesse Harley, Harley Tarlitz, Beverly Rose, Taylor James, Jill de Rusch, Alan D. Waserman, Scott Kennedy, Kela Parker","J. Jesse Harley, Harley Tarlitz, Beverly Rose, Taylor James, Jill de Rusch, Alan D. Waserman, Scott Kennedy, Kela Parker, Andrew Sachs, Kerri Rawson",Family man and Scout leader Dennis Rader led a double life as BTK killer. His daughter Kerri Rawson shares her experience with her father's horrific crimes.
tt3864060,Unstoppable,2024,116.0,7.0,5604.0,https://www.imdb.com/title/tt3864060/,https://m.media-amazon.com/images/M/MV5BMGMxMTg4YTgtZjA3Ni00Y2Y2LWI0NWItZmIyMDJjOWU2NDEzXkEyXkFqcGc@._V1_.jpg,Drama,"Drama, Sport",William Goldenberg,"Jharrel Jerome, Anthony Robles, Jennifer Lopez, Michael Peña, Don Cheadle, Bobby Cannavale, Mykelti Williamson, Shawn Hatosy","Jharrel Jerome, Anthony Robles, Jennifer Lopez, Michael Peña, Don Cheadle, Bobby Cannavale, Mykelti Williamson, Shawn Hatosy, Noen Perez, Carlos Solórzano","Autobiografic documentary about Anthony Robles, who was born with one leg, and went on to be a wrestling champion winning a national championship for Arizona State. Robles currently is the head wrestling coach at his alma mater Mesa High School, and also has made a career in giving motivational speeches."
tt38673135,Taylor Swift: The Eras Tour - The Final Show,2025,207.0,9.0,1680.0,https://www.imdb.com/title/tt38673135/,https://m.media-amazon.com/images/M/MV5BYzk0MWYzNjAtMjY1Mi00NTlhLTkyNTMtYWYxNmFhNGUwMTljXkEyXkFqcGc@._V1_.jpg,Documentary,"Documentary, Music",Glenn Weiss,"Taylor Swift, Mike Meadows, Max Bernstein, Paul Sidoti, Amos Heller, Matt Billingslea, Karina DePiano, Melanie Nyema","Taylor Swift, Mike Meadows, Max Bernstein, Paul Sidoti, Amos Heller, Matt Billingslea, Karina DePiano, Melanie Nyema, Kamilah Marshall, Eliotte Woodford","Taylor Swift's Vancouver Eras Tour finale features 45 songs, including a new ""Female Rage"" segment and special medleys. The concert marked the end of her record-breaking global tour at BC Place Stadium."
tt38674977,Made in Korea,2026,113.0,6.0,2581.0,https://www.imdb.com/title/tt38674977/,https://m.media-amazon.com/images/M/MV5BMDc5ZmMxZDgtYjVhOC00NjA2LTllMTYtYTQzZGZlNDM5NDIzXkEyXkFqcGc@._V1_.jpg,Adventure,"Adventure, Drama",Ra Karthik,"Priyanka Arulmohan, Rishikanth, Park Hye-jin, Baek Si-hoon, Jaehyun Jang, Kim So Ri, Jo Ha-Ram, Min-Seok Jung","Priyanka Arulmohan, Rishikanth, Park Hye-jin, Baek Si-hoon, Jaehyun Jang, Kim So Ri, Jo Ha-Ram, Min-Seok Jung, Kim Rok, Yuna Sung","Leaving her parents behind, a young woman from India reaches her dream destination Korea all alone after being ditched by her boyfriend. There she gets employment with a Korean family and leads a happy life with the help of well meaning friends. However due to certain changed circumstances she has to come back to India to meet her family. She has to now rethink if she wants to go back to to Korea to live her dream life."
tt38681567,Stephen,2025,123.0,5.0,1800.0,https://www.imdb.com/title/tt38681567/,https://m.media-amazon.com/images/M/MV5BMTdiOTNhNjItMzk3ZC00YTBlLWE2YjQtZDQ4ZjYyOWNjZjA4XkEyXkFqcGc@._V1_.jpg,Mystery,"Mystery, Thriller",Mithun Balaji,"Gomathi Shankar, Michael Thangadurai, Smruthi Venkat, Kuberan, Vijayashree, Shrisha, Harija, Prasanna Shrivatsan","Gomathi Shankar, Michael Thangadurai, Smruthi Venkat, Kuberan, Vijayashree, Shrisha, Harija, Prasanna Shrivatsan, Amruth Balaji, Renish","Stephen follows a quiet young man whose unremarkable presence hides a storm of unresolved childhood trauma. When a series of killings grips the region, two investigators, a determined officer and a perceptive psychologist, dig through Stephen's past in search of a hidden influence that shaped him. Their pursuit uncovers a tangle of buried pain, fractured identity, and long shadowed secrets that link every choice he makes. The film moves through psychological tension and crime thriller beats, building toward an unsettling confrontation with the root of Stephen's darkness."
tt38984577,Murder in Monaco,2025,90.0,7.0,3834.0,https://www.imdb.com/title/tt38984577/,https://m.media-amazon.com/images/M/MV5BNDBlZTc3NDQtOTFhOS00NWM3LThiY2UtMTI4YjVmMGVmNTc1XkEyXkFqcGc@._V1_.jpg,Documentary,"Documentary, Crime",Hodges Usry,"Hodges Usry, Isabel Vincent, Lady Colin Campbell, Ted Maher, Mr. X, Bill Browder, Michael Griffith, Sandrine Setton","Hodges Usry, Isabel Vincent, Lady Colin Campbell, Ted Maher, Mr. X, Bill Browder, Michael Griffith, Sandrine Setton, Sonia Herkrath, Luigi Ciardelli","Monaco, 1999: Billionaire banker Edmond Safra is found dead in his penthouse. The documentary examines the puzzling circumstances surrounding this wealthy financier's murder."
tt38985973,Breakdown: 1975,2025,92.0,7.0,2314.0,https://www.imdb.com/title/tt38985973/,https://m.media-amazon.com/images/M/MV5BYjU0YjA2OWYtMGRhYy00MzMxLTk5NTItMzBjZjQ2MTVkZDM0XkEyXkFqcGc@._V1_.jpg,Documentary,Documentary,Morgan Neville,"Jodie Foster, Patton Oswalt, Josh Brolin, Peter Bart, Wesley Morris, Oliver Stone, Joan Tewkesbury, Ellen Burstyn","Jodie Foster, Patton Oswalt, Josh Brolin, Peter Bart, Wesley Morris, Oliver Stone, Joan Tewkesbury, Ellen Burstyn, Seth Rogen, Martin Scorsese","An essay on the year 1975, looking at the classic movies all released in that year."
tt39049192,"Oneul bam, segyeeseo i sarangi sarajinda haedo",2025,105.0,8.0,4163.0,https://www.imdb.com/title/tt39049192/,https://m.media-amazon.com/images/M/MV5BZmE0NDA5YzgtNmQ4Yi00MDcwLTk1MWMtMjUwYTFmOGQ5OWVhXkEyXkFqcGc@._V1_.jpg,Drama,"Drama, Romance",Kim Hye-young,"Choo Young-woo, Shin Si-ah, Jo Yoo-jung, Jin Ho-eun, Jo Han-chul, Ren Holly Liu","Choo Young-woo, Shin Si-ah, Jo Yoo-jung, Jin Ho-eun, Jo Han-chul, Ren Holly Liu","The pure and touching love story between a high school girl who suffers from anterograde amnesia, whose memories are reset when she wakes up, and an ordinary high school boy who lives a dull daily life."
tt39130911,Sonunda Sen,2026,91.0,5.0,3648.0,https://www.imdb.com/title/tt39130911/,https://m.media-amazon.com/images/M/MV5BZjM5NzZhMGMtNGJlNC00MmU2LWEwMDAtMzU1NWZhYjg1YmU4XkEyXkFqcGc@._V1_.jpg,Comedy,"Comedy, Romance",Doga Can Anafarta,"Eda Ece, Kaan Yildirim, Atilla Sendil, Devrim Yakut, Kursat Demir, Mekin Sezer, Onur Gözeten, Pelin Uluksar","Eda Ece, Kaan Yildirim, Atilla Sendil, Devrim Yakut, Kursat Demir, Mekin Sezer, Onur Gözeten, Pelin Uluksar, Seren Sirince","Asli decides not to spend Valentines's Day alone and made lots of plans but unexpected things happen and she finds herself in totally different story. Asli, in this unexpected story, discovers that love can knock on one's door at the most unexpected times."
tt39307872,One Last Adventure: The Making of Stranger Things 5,2026,122.0,7.0,3617.0,https://www.imdb.com/title/tt39307872/,https://m.media-amazon.com/images/M/MV5BMzFlNmUyN2QtMDc0OS00MDA2LTkzN2ItZjFlMmExNzM3ZTE0XkEyXkFqcGc@._V1_.jpg,Documentary,Documentary,Martina Radwan,"Ross Duffer, Matt Duffer, Paul Dichter, Kate Trefry, Caitlin Schneiderhan, Shawn Levy, Lampton Enochs, Chris Trujillo","Ross Duffer, Matt Duffer, Paul Dichter, Kate Trefry, Caitlin Schneiderhan, Shawn Levy, Lampton Enochs, Chris Trujillo, Jess Royal, Amy Parris","An inside look at the production process of Stranger Things 5 with Director Martina Radwan, who spent a full year on set documenting the creation of the final season."
tt39314348,A Gorilla Story: Told by David Attenborough,2026,90.0,8.0,2190.0,https://www.imdb.com/title/tt39314348/,https://m.media-amazon.com/images/M/MV5BOWI2NWRhNjMtNDBiOC00YTUzLTgzNTgtNWIwOTM5N2I0MWRhXkEyXkFqcGc@._V1_.jpg,Documentary,"Documentary, Family",James Reed,"David Attenborough, Rebecca Coombs","David Attenborough, Rebecca Coombs","David Attenborough tells the remarkable story of his first encounter with the baby gorilla Pablo, how that gorilla grew up to be a top Silverback and how Pablo's direct descendants are doing today."
tt39345599,The Plastic Detox,2026,90.0,7.0,1364.0,https://www.imdb.com/title/tt39345599/,https://m.media-amazon.com/images/M/MV5BMzBmNTRjMDQtYTg3MS00YmEyLTg4M2YtNWZlZDdkNmY0ZWJhXkEyXkFqcGc@._V1_.jpg,Documentary,Documentary,"Josh Murphy, Louie Psihoyos","Shanna Swan, Monique Tavares, Bruno Pereira, Eric Isaac, Julie Isaac, Katie Olson, Tim Olson, Darby Nubbe","Shanna Swan, Monique Tavares, Bruno Pereira, Eric Isaac, Julie Isaac, Katie Olson, Tim Olson, Darby Nubbe, Jesse Nubbe, Kate Mulder",Six couples with unexplained infertility reduce their plastic exposure to improve their chances of conceiving.
tt39382052,"Marty, Life Is Short",2026,99.0,8.0,3441.0,https://www.imdb.com/title/tt39382052/,https://m.media-amazon.com/images/M/MV5BNWI1YTJhNTktNDNhMS00NzNjLWFlMzktZmE4Y2VhODcwOWI0XkEyXkFqcGc@._V1_.jpg,Documentary,"Documentary, Biography",Lawrence Kasdan,"Martin Short, Steve Martin, John Mulaney, Eugene Levy, Andrea Martin, Michael Short, Paul Shaffer, Catherine O'Hara","Martin Short, Steve Martin, John Mulaney, Eugene Levy, Andrea Martin, Michael Short, Paul Shaffer, Catherine O'Hara, Deborah Divine, Oliver Short","The definitive documentary on comedian Martin Short, exploring his career across film, television, theater and comedy."
tt39387657,Pabanneu,2026,113.0,7.0,1880.0,https://www.imdb.com/title/tt39387657/,https://m.media-amazon.com/images/M/MV5BODQ3MDY2NjItZTg4NC00MjUxLWE4ZWYtNDMwNDI0Y2NhYTIxXkEyXkFqcGc@._V1_.jpg,Drama,"Drama, Romance",Lee Jong-pil,"Ko Asung, Moon Sang-min, Byun Yo-han, Lee Yi-Dam, Han Yu-eun, Seo Yi-Ra, Kwon Do-kyun, Jang Yo-hoon","Ko Asung, Moon Sang-min, Byun Yo-han, Lee Yi-Dam, Han Yu-eun, Seo Yi-Ra, Kwon Do-kyun, Jang Yo-hoon, Seo Ho-seok, Shin Jeong-geun","A reserved store worker, free-spirited parking attendant Yo-han, and Gyeong-rok who falls for Mi-jung create unique chemistry in this love story under Lee's direction."
tt39389929,The Investigation of Lucy Letby,2026,92.0,6.0,4365.0,https://www.imdb.com/title/tt39389929/,https://m.media-amazon.com/images/M/MV5BYzAxM2ViM2QtZGM2YS00MDhlLWE5MmYtYTM3MWRkZTBiZDA3XkEyXkFqcGc@._V1_.jpg,Documentary,"Documentary, Crime",Dominic Sivyer,"Lucy Letby, Danielle Stonier, Sarah, John Gibbs, Paul Hughes, Simon Blackwell, Dewi Evans, Maisie","Lucy Letby, Danielle Stonier, Sarah, John Gibbs, Paul Hughes, Simon Blackwell, Dewi Evans, Maisie, Kim Pilling, Mark McDonald","In 2023, a jury found Lucy Letby guilty of unimaginable crimes on a neonatal ward. This is how the horror unfolded, told by insiders who lived it. Unseen footage and unheard insider accounts reveal the harrowing and divisive Case of Lucy Letby, the neonatal nurse convicted of fatally harming infants."
tt39465484,Eat Pray Bark,2026,91.0,6.0,2469.0,https://www.imdb.com/title/tt39465484/,https://m.media-amazon.com/images/M/MV5BYTFjMTgyMzItZDMwMC00NzEzLThmOWItYjg2YjU2MTU5NjgyXkEyXkFqcGc@._V1_.jpg,Comedy,"Comedy, Drama",Marco Petry,"Alexandra Maria Lara, Rúrik Gíslason, Devid Striesow, Anna Herrmann, Doga Gürer, Kerim Waller, Dotty, Wilma","Alexandra Maria Lara, Rúrik Gíslason, Devid Striesow, Anna Herrmann, Doga Gürer, Kerim Waller, Dotty, Wilma, Dante, Clooney","In this tumultuous comedy, five eccentric dog owners seek help in dealing with their four-legged friends. Their last hope: an intensive course with the charismatic and legendary dog trainer Nodon in the Tyrolean mountains. The quirky group includes dog-hating politician Ursula, who has adopted the stubborn dog Brenda to polish up her image; naive Babs with her large, boisterous dog Torsten; the bickering couple Ziggy and Helmut with their spoiled YorkshireTerrier Gaga; and last but not least, distanced Hakan, who mistrusts his insecure Belgian Shepherd Roxy. Dog trainer Nodon tries to coach the overwhelmed two-legged friends using unusual methods. Quickly it becomes clear that it is not their loyal four-legged companions who need help, but the owners themselves."
tt39631179,Accused,2026,107.0,5.0,2433.0,https://www.imdb.com/title/tt39631179/,https://m.media-amazon.com/images/M/MV5BNTFjODQwNWYtMzMyOC00MzhhLWE1OTgtYmZjMzNjYjBhOTllXkEyXkFqcGc@._V1_.jpg,Drama,"Drama, Mystery, Thriller",Anubhuti Kashyap,"Konkona Sen Sharma, Pratibha Ranta, Mashhoor Amrohi, Aditya Nanda, Sukant Goel, Monica Mahendru, Kallirroi Tziafeta, Christopher W. Jones","Konkona Sen Sharma, Pratibha Ranta, Mashhoor Amrohi, Aditya Nanda, Sukant Goel, Monica Mahendru, Kallirroi Tziafeta, Christopher W. Jones, Barbara Blum, Anuj Sachdeva",A lady doctor lives happily in her relationship with another lady doctor but to her shock she is accused of sexual misconduct at the hospital. While she says she is innocent an investigation is soon ordered by the hospital authorities which takes a toll on the relationship of the two lady doctors and misunderstandings between them crop up. Will she be able to get over this crisis and clear her name ?
tt39664733,Kartavya,2026,108.0,5.0,4079.0,https://www.imdb.com/title/tt39664733/,https://m.media-amazon.com/images/M/MV5BZDg2MzhlN2YtYzU5ZC00OTZlLTgwNzctMjJmMzQ1ODQ1NDY2XkEyXkFqcGc@._V1_.jpg,Action,"Action, Crime, Drama, Thriller",Pulkit,"Saif Ali Khan, Rasika Dugal, Zakir Hussain, Sanjay Mishra, Saurabh Dwivedi, Manish Chaudhari, Sahaarsh Shuklaa, Swastik Bhagat","Saif Ali Khan, Rasika Dugal, Zakir Hussain, Sanjay Mishra, Saurabh Dwivedi, Manish Chaudhari, Sahaarsh Shuklaa, Swastik Bhagat, Saurabh Abrol, Suraksha Gaire","Station House Officer Pawan Malik works in a volatile border town under pressure after a failed protection mission leaves a journalist dead. Assigned to capture a teenage shooter linked to a powerful spiritual leader, he uncovers a network of manipulation that turns children into disposable weapons. At home, his brother secretly elopes with a woman from a marginalized caste, triggering a lethal response from their community. Malik shelters them while pursuing the case, but trust fractures within his own ranks. His closest colleague betrays him, and the two crises merge into a single eruption of violence that destroys his family and forces him to arrest his own father."
tt39744394,Sen Tai Sai Luang,2026,135.0,6.0,1388.0,https://www.imdb.com/title/tt39744394/,https://m.media-amazon.com/images/M/MV5BMWY5ZTIzNDktMjEyNS00MTg0LTljYWItOTU4NDU5OTU4ZGM0XkEyXkFqcGc@._V1_.jpg,Crime,"Crime, Drama, Thriller",Sitisiri Mongkolsiri,"Nittha Jirayungyurn, Esther Supreeleela, Ning Chutima Maholakul, Todsapol Maisuk, Tonhon Tantivejakul, Paowalee Pornpimol, Tony Chen, Carl Piaf","Nittha Jirayungyurn, Esther Supreeleela, Ning Chutima Maholakul, Todsapol Maisuk, Tonhon Tantivejakul, Paowalee Pornpimol, Tony Chen, Carl Piaf, Tulyatep Tul Uawithya","Three women fall prey to a ruthless phone scam. To settle the score, they'll take on the criminal network that stole their money and their dignity."
tt39749979,Lueat Rak Nakkha,2026,127.0,6.0,1496.0,https://www.imdb.com/title/tt39749979/,https://m.media-amazon.com/images/M/MV5BZTMyMDM1ZjMtZjIyZS00MGMwLThiOTItZDk0MWE4MzNlZjExXkEyXkFqcGc@._V1_.jpg,Action,"Action, Drama, Romance, Thriller",Taweewat Wantha,"Pimchanok Luevisadpaibul, Tor Thanapob Leeratanakachorn, Sivakorn Adulsuttikul, Chai Chatayodom Hiranyatithi, Theerachai Wimolchaireuk, Teerawat Mulvilai, Agung Bagus","Pimchanok Luevisadpaibul, Tor Thanapob Leeratanakachorn, Sivakorn Adulsuttikul, Chai Chatayodom Hiranyatithi, Theerachai Wimolchaireuk, Teerawat Mulvilai, Agung Bagus","Hunted for her rare blood type, a caged woman vows to fight alongside the assassin she loves to protect their future when an old enemy resurfaces."
tt39792948,Louis Theroux: Inside the Manosphere,2026,91.0,7.0,17925.0,https://www.imdb.com/title/tt39792948/,https://m.media-amazon.com/images/M/MV5BMWRkNGFlYTgtYjkyNi00ZGVlLWIwNDEtZTdlYmZkNDNjNjU3XkEyXkFqcGc@._V1_.jpg,Documentary,Documentary,Adrian Choa,"Louis Theroux, Harrison Sullivan, Kacey May, Ed Matthews, Justin Waller, Matty, Chris, Myron Gaines","Louis Theroux, Harrison Sullivan, Kacey May, Ed Matthews, Justin Waller, Matty, Chris, Myron Gaines, Angie Camacho, Walter Weekes","The acclaimed documentarian gains rare, unrestricted access to explore a rising ultra-masculine network and its polarizing influencers."
tt4045450,I Know What You Did Last Summer,2025,111.0,5.0,51293.0,https://www.imdb.com/title/tt4045450/,https://m.media-amazon.com/images/M/MV5BNjE2Y2UyNmItZDQyZS00ZjE1LThmMWMtNTVmYzMxOTgwNmVlXkEyXkFqcGc@._V1_.jpg,Horror,"Horror, Mystery",Jennifer Kaytin Robinson,"Madelyn Cline, Chase Sui Wonders, Jonah Hauer-King, Tyriq Withers, Sarah Pidgeon, Billy Campbell, Sarah Michelle Gellar, Freddie Prinze Jr.","Madelyn Cline, Chase Sui Wonders, Jonah Hauer-King, Tyriq Withers, Sarah Pidgeon, Billy Campbell, Sarah Michelle Gellar, Freddie Prinze Jr., Jennifer Love Hewitt, Brandy Norwood","When five friends inadvertently cause a deadly car accident, they cover up their involvement and make a pact to keep it a secret rather than face the consequences. A year later, their past comes back to haunt them and they're forced to confront a horrifying truth: someone knows what they did last summer...and is hell-bent on revenge. As one by one the friends are stalked by a killer, they discover this has happened before, and they turn to two survivors of the legendary Southport Massacre of 1997 for help."
tt40891145,180,2026,94.0,5.0,2330.0,https://www.imdb.com/title/tt40891145/,https://m.media-amazon.com/images/M/MV5BN2NhYzE1YTUtNDA0Yi00ZjhlLWEyMzUtN2UxMzkzZTdkMDRlXkEyXkFqcGc@._V1_.jpg,Crime,"Crime, Drama, Thriller",Alex Yazbek,"Danica De La Rey Jones, Daniel Hartzer, Desmond Dube, Lungile Khanye, Matthew Oliver Dalton, Melissa Haiden, Ngcali Tomika Bongco, Noxolo Dlamini","Danica De La Rey Jones, Daniel Hartzer, Desmond Dube, Lungile Khanye, Matthew Oliver Dalton, Melissa Haiden, Ngcali Tomika Bongco, Noxolo Dlamini, Prince Grootboom, Zenobia Kloppers","When an unexpected road rage incident puts his son in critical condition, an enraged father spirals down a dark path of emotional turmoil and vengeance."
tt4216984,Wolf Man,2025,103.0,6.0,45289.0,https://www.imdb.com/title/tt4216984/,https://m.media-amazon.com/images/M/MV5BYmFkYTNhMWUtMjEyNy00MWE0LWJlYTQtMWFmNDUwNmFjMzAxXkEyXkFqcGc@._V1_.jpg,Horror,"Horror, Sci-Fi",Leigh Whannell,"Christopher Abbott, Julia Garner, Matilda Firth, Sam Jaeger, Ben Prendergast, Zac Chandler, Benedict Hardie, Milo Cawthorne","Christopher Abbott, Julia Garner, Matilda Firth, Sam Jaeger, Ben Prendergast, Zac Chandler, Benedict Hardie, Milo Cawthorne, Leigh Whannell, Lucy Bowden","A family at a remote farmhouse is attacked by an unseen animal, but as the night stretches on, the father begins to transform into something unrecognizable."
tt4419684,In the Lost Lands,2025,101.0,5.0,18190.0,https://www.imdb.com/title/tt4419684/,https://m.media-amazon.com/images/M/MV5BOWYxYjEyYTUtY2FkZC00Y2QwLTk1ZjMtMTAyMTAyMzQ3MDZiXkEyXkFqcGc@._V1_.jpg,Action,"Action, Adventure, Fantasy, Horror",Paul W.S. Anderson,"Milla Jovovich, Dave Bautista, Arly Jover, Amara Okereke, Fraser James, Simon Lööf, Deirdre Mullins, Sebastian Stankiewicz","Milla Jovovich, Dave Bautista, Arly Jover, Amara Okereke, Fraser James, Simon Lööf, Deirdre Mullins, Sebastian Stankiewicz, Tue Lunding, Jacek Dzisiewicz","A queen, desperate to find happiness in love, takes a daring step: she sends the powerful and feared witch Gray Alys (Milla Jovovich) to the ""Lost Lands"" to give her the magical gift of turning into a werewolf. With the mysterious hunter Boyce (Dave Bautista), who supports her in the fight against dark creatures and merciless enemies, Gray Alys roams an eerie and dangerous world. And only she knows that every wish she grants has unimaginable consequences..."
tt4589218,Five Nights at Freddy's,2023,109.0,5.0,143317.0,https://www.imdb.com/title/tt4589218/,https://m.media-amazon.com/images/M/MV5BNzFkMDE2ZmEtOWMwNy00MWM2LThlNjMtZWQzNWY5MTJjZjcxXkEyXkFqcGc@._V1_.jpg,Horror,"Horror, Mystery, Thriller",Emma Tammi,"Josh Hutcherson, Piper Rubio, Elizabeth Lail, Matthew Lillard, Mary Stuart Masterson, Kat Conner Sterling, David Lind, Christian Stokes","Josh Hutcherson, Piper Rubio, Elizabeth Lail, Matthew Lillard, Mary Stuart Masterson, Kat Conner Sterling, David Lind, Christian Stokes, Joseph Poliquin, Grant Feely","In the year 2000, a desperate young man takes a job at an infamous, long-abandoned pizzeria with a dark past, bringing his little sister along. As they uncover the restless spirits and vengeful animatronics within, they must confront their own haunting memories. With the help of an enigmatic police officer, they battle to save their souls and unravel the sinister secrets lurking at Freddy Fazbear's Pizza."
tt4627382,Roofman,2025,126.0,7.0,87747.0,https://www.imdb.com/title/tt4627382/,https://m.media-amazon.com/images/M/MV5BYTI3YjU3OWYtNmZiZS00YjUzLWI2ZjMtMWViZWFmOGNhYzVhXkEyXkFqcGc@._V1_.jpg,Biography,"Biography, Crime, Drama, History, Romance",Derek Cianfrance,"Channing Tatum, Tony Revolori, Kirana Kuic, Gabriella Cila, Alissa Marie Pearson, LaKeith Stanfield, Esme McSherry, Melonie Diaz","Channing Tatum, Tony Revolori, Kirana Kuic, Gabriella Cila, Alissa Marie Pearson, LaKeith Stanfield, Esme McSherry, Melonie Diaz, Kirsten Dunst, Ben Mendelsohn","Based on an unbelievable true story, Roofman follows Jeffrey Manchester (Channing Tatum), an Army veteran and struggling father who turns to robbing McDonald's restaurants by cutting holes in their roofs, earning him the nickname: Roofman. After escaping prison, he secretly lives inside a Toys ""R"" Us for six months, surviving undetected while planning his next move. But when he falls for Leigh (Kirsten Dunst), a divorced mom drawn to his undeniable charm, his double life begins to unravel, setting off a compelling and suspenseful game of cat and mouse as his past closes in."
tt4873118,The Covenant,2023,123.0,8.0,216225.0,https://www.imdb.com/title/tt4873118/,https://m.media-amazon.com/images/M/MV5BMDY2NmI1YzAtYmE2OS00NTY4LWJjM2UtNjQzMDliYzc5MzUyXkEyXkFqcGc@._V1_.jpg,Action,"Action, Drama, Thriller, War",Guy Ritchie,"Jake Gyllenhaal, Dar Salim, Sean Sagar, Jason Wong, Rhys Yates, Christian Ochoa Lavernia, Bobby Schofield, Emily Beecham","Jake Gyllenhaal, Dar Salim, Sean Sagar, Jason Wong, Rhys Yates, Christian Ochoa Lavernia, Bobby Schofield, Emily Beecham, Jonny Lee Miller, Alexander Ludwig","Guy Ritchie's The Covenant follows US Army Sergeant John Kinley (Jake Gyllenhaal) and Afghan interpreter Ahmed (Dar Salim). After an ambush, Ahmed goes to Herculean lengths to save Kinley's life. When Kinley learns that Ahmed and his family were not given safe passage to America as promised, he must repay his debt by returning to the war zone to retrieve them before the Taliban hunts them down first."
tt4900148,Elio,2025,98.0,7.0,48308.0,https://www.imdb.com/title/tt4900148/,https://m.media-amazon.com/images/M/MV5BOWE5ZDMyMWEtOTZjMi00YzFhLWE4OTEtNDc3MDMzZjFmMmIzXkEyXkFqcGc@._V1_.jpg,Animation,"Animation, Adventure, Comedy, Drama, Family, Fantasy, Sci-Fi","Adrian Molina, Domee Shi, Madeline Sharafian","Yonas Kibreab, Zoe Saldaña, Remy Edgerly, Brandon Moon, Brad Garrett, Jameela Jamil, Young Dylan, Jake Getman","Yonas Kibreab, Zoe Saldaña, Remy Edgerly, Brandon Moon, Brad Garrett, Jameela Jamil, Young Dylan, Jake Getman, Matthias Schweighöfer, Ana de la Reguera","An 11-year-old space enthusiast named Elio Solis is inadvertently beamed up to the Communiverse, an intergalactic organization of diverse alien lifeforms. Mistaken for the official Ambassador of Earth, the shy and lonely Elio must navigate a high-stakes cosmic crisis involving Lord Grigon, a warlord threatening to destroy the Communiverse. Along the way, Elio befriends Glordon, Grigon's tender-hearted son, and uses his imagination to bridge the gap between human and alien worlds."
tt4919268,Bad Boys: Ride or Die,2024,115.0,7.0,116529.0,https://www.imdb.com/title/tt4919268/,https://m.media-amazon.com/images/M/MV5BZWNjZWUwNDgtYTM4ZC00Zjk0LTg3ZWItNGEyZmVkZTIxZDk0XkEyXkFqcGc@._V1_.jpg,Action,"Action, Adventure, Comedy, Crime, Thriller","Adil El Arbi, Bilall Fallah","Will Smith, Martin Lawrence, Vanessa Hudgens, Alexander Ludwig, Paola Núñez, Eric Dane, Ioan Gruffudd, Jacob Scipio","Will Smith, Martin Lawrence, Vanessa Hudgens, Alexander Ludwig, Paola Núñez, Eric Dane, Ioan Gruffudd, Jacob Scipio, Melanie Liburd, Tasha Smith","This Summer, the world's favorite Bad Boys are back with their iconic mix of edge-of-your seat action and outrageous comedy but this time with a twist: Miami's finest are now on the run. When a mysterious enemy frames their late captain for corruption, Miami cops Mike and Marcus go rogue to expose a conspiracy--and clear their own names."
tt4978420,Borderlands,2024,101.0,5.0,60242.0,https://www.imdb.com/title/tt4978420/,https://m.media-amazon.com/images/M/MV5BMDhkMzQzZmQtOGQ1NS00Y2FhLTkzYjAtNWE1MmRiOWM1MjUzXkEyXkFqcGc@._V1_.jpg,Action,"Action, Adventure, Comedy, Sci-Fi, Thriller",Eli Roth,"Cate Blanchett, Kevin Hart, Edgar Ramírez, Jamie Lee Curtis, Ariana Greenblatt, Florian Munteanu, Janina Gavankar, Jack Black","Cate Blanchett, Kevin Hart, Edgar Ramírez, Jamie Lee Curtis, Ariana Greenblatt, Florian Munteanu, Janina Gavankar, Jack Black, Benjamin Byron Davis, Olivier Richters","Lilith (Blanchett), an infamous bounty hunter with a mysterious past, reluctantly returns to her home, Pandora, the most chaotic planet in the galaxy. Her mission is to find the missing daughter of Atlas (Ramírez), the universe's most powerful S.O.B. Lilith forms an unexpected alliance with a ragtag team of misfits - Roland (Hart), a seasoned mercenary on a mission; Tiny Tina (Greenblatt), a feral preteen demolitionist; Krieg (Munteanu), Tina's musclebound protector; Tannis (Curtis), the oddball scientist who's seen it all; and Claptrap (Black), a wiseass robot. Together, these unlikely heroes must battle an alien species and dangerous bandits to uncover one of Pandora's most explosive secrets. The fate of the universe could be in their hands - but they'll be fighting for something more: each other."
tt5040012,Nosferatu,2024,132.0,7.0,276114.0,https://www.imdb.com/title/tt5040012/,https://m.media-amazon.com/images/M/MV5BY2FhZGE3NmEtNWJjOC00NDI1LWFhMTQtMjcxNmQzZmEwNGIzXkEyXkFqcGc@._V1_.jpg,Fantasy,"Fantasy, Horror, Mystery",Robert Eggers,"Lily-Rose Depp, Nicholas Hoult, Bill Skarsgård, Aaron Taylor-Johnson, Willem Dafoe, Emma Corrin, Ralph Ineson, Simon McBurney","Lily-Rose Depp, Nicholas Hoult, Bill Skarsgård, Aaron Taylor-Johnson, Willem Dafoe, Emma Corrin, Ralph Ineson, Simon McBurney, Adéla Hesová, Milena Konstantinova","Wisborg, Germany, 1838. Saddled by his superior with the urgent task of sealing a land deal, newlywed estate agent Thomas Hutter reluctantly abandons his worried wife, Ellen, in hopes of securing his position in the firm. However, the mesmerising sight of lustrous gold is a deadly trap; as the ambitious young realtor arrives at the mysterious Count Orlok's isolated castle in the Carpathian Alps, the ghastly embodiment of pure horror begins to haunt Ellen's unspoken nocturnal imaginings. With the light succumbing to darkness, who can ease the suffocating stranglehold of ancient evil? After all, few have gazed into the abyss and lived to tell the tale. Can willing sacrifice rid Wisborg of the Nosferatu?"
tt5113010,The Beautiful Game,2024,125.0,6.0,9279.0,https://www.imdb.com/title/tt5113010/,https://m.media-amazon.com/images/M/MV5BMzFhMDY4ZjMtM2I4MS00ODE1LWJhNDMtMzg0Njc1M2ZjZGMyXkEyXkFqcGc@._V1_.jpg,Drama,"Drama, Sport",Thea Sharrock,"Micheal Ward, Beckett Handley, Tahvae Hunte, Daniel Attwell, Bill Nighy, Tom Vaughan-Lawlor, Leo Hamilton, Callum Scott Howells","Micheal Ward, Beckett Handley, Tahvae Hunte, Daniel Attwell, Bill Nighy, Tom Vaughan-Lawlor, Leo Hamilton, Callum Scott Howells, Sheyi Cole, Kit Young","Led by their coach Mal (Bill Nighy), the film follows the soccer team as they travel from London to Rome for the Homeless World Cup. At the last minute they decide to bring with them talented striker Vinny (Micheal Ward), but he must confront his own issues and once-promising past in order to help the team and move on with his own life."
tt5177114,Young Woman and the Sea,2024,129.0,8.0,20704.0,https://www.imdb.com/title/tt5177114/,https://m.media-amazon.com/images/M/MV5BNjYxOThhYzMtMjVlOS00MjkzLTlkZmQtZTJiN2JhNDg5OGJkXkEyXkFqcGc@._V1_.jpg,Biography,"Biography, Drama, Romance, Sport",Joachim Rønning,"Daisy Ridley, Tilda Cobham-Hervey, Stephen Graham, Kim Bodnia, Jeanette Hain, Glenn Fleshler, Sian Clifford, Christopher Eccleston","Daisy Ridley, Tilda Cobham-Hervey, Stephen Graham, Kim Bodnia, Jeanette Hain, Glenn Fleshler, Sian Clifford, Christopher Eccleston, Ethan Rouse, Olive Abercrombie","The daughter of a German butcher from Manhattan, Gertrude Ederle was a competitive swimmer who won gold in the 1924 Olympics when she decided to attempt crossing the channel. She undertook the feat after first swimming 22 miles from Battery Park in New York to Sandy Hook, NJ, setting a record that stood for 81 years. She contracted with two newspapers and sold her story, thereby financing her quest. There was actually a race among women who would be first to cross as only five men had done so before."
tt5177120,The Ministry of Ungentlemanly Warfare,2024,122.0,7.0,167694.0,https://www.imdb.com/title/tt5177120/,https://m.media-amazon.com/images/M/MV5BYmIxODc5ZjMtYzZmZS00OTE5LThkZDktNWNmODNiZjFhMDgyXkEyXkFqcGc@._V1_.jpg,Action,"Action, Comedy, War",Guy Ritchie,"Henry Cavill, Alan Ritchson, Alex Pettyfer, Eiza González, Babs Olusanmokun, Cary Elwes, Hero Fiennes Tiffin, Henry Golding","Henry Cavill, Alan Ritchson, Alex Pettyfer, Eiza González, Babs Olusanmokun, Cary Elwes, Hero Fiennes Tiffin, Henry Golding, Rory Kinnear, Til Schweiger","Billed as a true story about a secret British World War II organization; the Special Operations Executive. Founded by Winston Churchill, their irregular warfare against the Germans helped to change the course of the war, and gave birth to modern black operations."
tt5181260,The Unbreakable Boy,2025,109.0,6.0,3001.0,https://www.imdb.com/title/tt5181260/,https://m.media-amazon.com/images/M/MV5BYjYzN2MwNTItNmZkZS00YmEyLWIwYmQtNzAyYzQxZWVhMTBlXkEyXkFqcGc@._V1_.jpg,Drama,"Drama, Family",Jon Gunn,"Zachary Levi, Meghann Fahy, Jacob Laval, Drew Powell, Gavin Warren, Patricia Heaton, Todd Terry, Liza Marie Gonzalez","Zachary Levi, Meghann Fahy, Jacob Laval, Drew Powell, Gavin Warren, Patricia Heaton, Todd Terry, Liza Marie Gonzalez, Arianne Martin, Kurt Yue","A young boy with both a rare brittle-bone disease and autism transforms everyone around him with his joyous, funny, and life-affirming world view."
tt5302918,Nyad,2023,121.0,7.0,45421.0,https://www.imdb.com/title/tt5302918/,https://m.media-amazon.com/images/M/MV5BNjBmNGY5YWUtNzg0Ny00YTQ2LWIwNjctOTMzOGI3Y2E1YzFiXkEyXkFqcGc@._V1_.jpg,Biography,"Biography, Drama, History, Sport","Elizabeth Chai Vasarhelyi, Jimmy Chin","Annette Bening, Jodie Foster, Anne Marie Kempf, Carolyn McCormick, Marcos Díaz, Belle Darling, Pearl Darling, Johnny Solo","Annette Bening, Jodie Foster, Anne Marie Kempf, Carolyn McCormick, Marcos Díaz, Belle Darling, Pearl Darling, Johnny Solo, Anna Harriette Pittman, Eric T. Miller","A riveting chapter in the life of world-class athlete Diana Nyad. Three decades after giving up marathon swimming in exchange for a prominent career as a sports journalist, at the age of 60, Diana becomes obsessed with completing an epic swim that always eluded her: the 110-mile trek from Cuba to Florida, often referred to as the ""Mount Everest"" of swims. Determined to become the first person to finish the swim without a shark cage, Diana goes on a thrilling four-year journey with her best friend and coach Bonnie Stoll and a dedicated sailing team."
tt5635026,Peter Pan & Wendy,2023,106.0,4.0,30702.0,https://www.imdb.com/title/tt5635026/,https://m.media-amazon.com/images/M/MV5BYmNkZGM0ODctNjA1OS00Y2Q4LTk5ZmQtNzhmNTgyODIyMjdlXkEyXkFqcGc@._V1_.jpg,Adventure,"Adventure, Family, Fantasy",David Lowery,"Alexander Molony, Ever Anderson, Jude Law, Alyssa Wapanatâhk, Jim Gaffigan, Joshua Pickering, Jacobi Jupe, Molly Parker","Alexander Molony, Ever Anderson, Jude Law, Alyssa Wapanatâhk, Jim Gaffigan, Joshua Pickering, Jacobi Jupe, Molly Parker, Alan Tudyk, Yara Shahidi","Based on J. M. Barrie's novel Peter and Wendy and inspired by the 1953 animated classic, Peter Pan and Wendy is the timeless tale of a young girl who, defying her parents' wishes to attend boarding school, travels with her two younger brothers to the magical Neverland. There, she meets a boy who refuses to grow up, a tiny fairy and an evil pirate captain, and they soon find themselves on a thrilling and dangerous adventure far, far away from their family and the comforts of home."
tt5672290,The First Omen,2024,119.0,7.0,72694.0,https://www.imdb.com/title/tt5672290/,https://m.media-amazon.com/images/M/MV5BNWU0ZjM1YjYtMGZkZi00NTBiLTgxMGItMzVhZDgyZTkyY2ZhXkEyXkFqcGc@._V1_.jpg,Horror,Horror,Arkasha Stevenson,"Nell Tiger Free, Ralph Ineson, Sonia Braga, Tawfeek Barhom, Maria Caballero, Charles Dance, Bill Nighy, Nicole Sorace","Nell Tiger Free, Ralph Ineson, Sonia Braga, Tawfeek Barhom, Maria Caballero, Charles Dance, Bill Nighy, Nicole Sorace, Ishtar Currie-Wilson, Andrea Arcangeli","When a young American woman is sent to Rome to begin a life of service to the church, she encounters a darkness that causes her to question her own faith and uncovers a terrifying conspiracy that hopes to bring about the birth of evil incarnate."
tt5761544,Kandahar,2023,119.0,6.0,47562.0,https://www.imdb.com/title/tt5761544/,https://m.media-amazon.com/images/M/MV5BOTQ5NTlkZTctODdmMi00Nzc1LWI0NTMtYmY0MDhjZTBkYjI2XkEyXkFqcGc@._V1_.jpg,Action,"Action, Drama, Thriller",Ric Roman Waugh,"Tom Rhys Harries, Farhad Bagheri, Gerard Butler, Mitchell LaFortune, Mark Arnold, Nina Toussaint-White, Bahador Foladi, Rebecca Calder","Tom Rhys Harries, Farhad Bagheri, Gerard Butler, Mitchell LaFortune, Mark Arnold, Nina Toussaint-White, Bahador Foladi, Rebecca Calder, Olivia-Mai Barrett, Navid Negahban","CIA operative Tom Harris succeeded in his Iran mission but later on got his identity exposed. Now the agent has to escape from Afghanistan. He is pursued by mercenaries, war lords and elite special forces of the enemy. Getting to Kandahar is the only chance for salvation. Here, either allied helicopters or a bullet with his name will be waiting for the hero."
tt5779228,The Garfield Movie,2024,101.0,6.0,28931.0,https://www.imdb.com/title/tt5779228/,https://m.media-amazon.com/images/M/MV5BYjY2NDZhN2EtZmYwNS00NDU2LThiODAtNmY4OWY2ODNmZWRmXkEyXkFqcGc@._V1_.jpg,Animation,"Animation, Adventure, Comedy, Family, Fantasy",Mark Dindal,"Chris Pratt, Samuel L. Jackson, Hannah Waddingham, Ving Rhames, Nicholas Hoult, Cecily Strong, Harvey Guillén, Brett Goldstein","Chris Pratt, Samuel L. Jackson, Hannah Waddingham, Ving Rhames, Nicholas Hoult, Cecily Strong, Harvey Guillén, Brett Goldstein, Bowen Yang, Snoop Dogg","Garfield (voiced by Chris Pratt), the world-famous, Monday-hating, lasagna-loving indoor cat, is about to have a wild outdoor adventure. After an unexpected reunion with his long-lost father - scruffy street cat Vic (voiced by Samuel L. Jackson) - Garfield and his canine friend Odie are forced from their perfectly pampered life into joining Vic in a hilarious, high-stakes heist."
tt5834874,Trigger Warning,2024,106.0,5.0,20968.0,https://www.imdb.com/title/tt5834874/,https://m.media-amazon.com/images/M/MV5BOWZjMTkyMGUtYjQyZS00MzA0LThlZGItZTIxN2I1YjI3ZjkxXkEyXkFqcGc@._V1_.jpg,Action,"Action, Crime, Thriller",Mouly Surya,"Jessica Alba, Mark Webber, Anthony Michael Hall, Alejandro De Hoyos, Tone Bell, Jake Weary, Gabriel Basso, Kaiwi Lyman","Jessica Alba, Mark Webber, Anthony Michael Hall, Alejandro De Hoyos, Tone Bell, Jake Weary, Gabriel Basso, Kaiwi Lyman, Nadiv Molcho, Peter Monro","A soldier on active service learns that her father has expired in a mining accident. She comes back home to investigate because she is feels that it was not an accident and that her father was killed. She faces much opposition while asking questions,"
tt5950044,Superman,2025,129.0,7.0,442290.0,https://www.imdb.com/title/tt5950044/,https://m.media-amazon.com/images/M/MV5BOGMwZGJiM2EtMzEwZC00YTYzLWIxNzYtMmJmZWNlZjgxZTMwXkEyXkFqcGc@._V1_.jpg,Action,"Action, Adventure, Sci-Fi",James Gunn,"David Corenswet, Alan Tudyk, Grace Chan, Bradley Cooper, Angela Sarafyan, Michael Rooker, Pom Klementieff, María Gabriela de Faría","David Corenswet, Alan Tudyk, Grace Chan, Bradley Cooper, Angela Sarafyan, Michael Rooker, Pom Klementieff, María Gabriela de Faría, Nicholas Hoult, Rachel Brosnahan","Set within a new DC universe. A few years into his heroics, Superman embarks on a personal quest to understand his Kryptonian heritage and mix it with his upbringing as mild mannered Clark Kent. But things get complicated when ruthless industrialist Lex Luthor frames Superman for an international incident and plans to put himself on top by bringing Superman down. Now with aid from Lois Lane, Jimmy Olsen and the Justice Gang, Superman must embrace his lineage and fully become the hero we deserve in order to stop Luthor's plot and save the world."
tt5971474,The Little Mermaid,2023,135.0,7.0,180262.0,https://www.imdb.com/title/tt5971474/,https://m.media-amazon.com/images/M/MV5BMTM4MWY0OTEtY2E4ZC00NDdhLThkY2ItYTlmNWQxNTNkZTRmXkEyXkFqcGc@._V1_.jpg,Adventure,"Adventure, Family, Fantasy, Musical, Romance",Rob Marshall,"Halle Bailey, Jonah Hauer-King, Melissa McCarthy, Javier Bardem, Noma Dumezweni, Art Malik, Daveed Diggs, Jacob Tremblay","Halle Bailey, Jonah Hauer-King, Melissa McCarthy, Javier Bardem, Noma Dumezweni, Art Malik, Daveed Diggs, Jacob Tremblay, Awkwafina, Jess Alexander","The youngest of King Triton's daughters, Ariel is a beautiful and spirited young mermaid with a thirst for adventure. Longing to find out more about the world beyond the sea, Ariel visits the surface and falls for the dashing Prince Eric. Following her heart, she makes a deal with the evil sea witch, Ursula, to experience life on land."
tt6166392,Wonka,2023,116.0,7.0,197150.0,https://www.imdb.com/title/tt6166392/,https://m.media-amazon.com/images/M/MV5BM2Y1N2ZhNjctYjVhZC00MDg2LWFhNTItMzI3ZjAwZDhjYmFiXkEyXkFqcGc@._V1_.jpg,Adventure,"Adventure, Comedy, Drama, Family, Fantasy, Musical",Paul King,"Timothée Chalamet, Gustave Die, Murray McArthur, Paul G. Raymond, Bertie Caplan, Isy Suttie, Kobna Holdbrook-Smith, Matilda Tucker","Timothée Chalamet, Gustave Die, Murray McArthur, Paul G. Raymond, Bertie Caplan, Isy Suttie, Kobna Holdbrook-Smith, Matilda Tucker, Tom Davis, Olivia Colman","Willy Wonka is the mastermind behind some of the most delicious and innovative chocolate creations the world has ever seen. But before shaking up the chocolate industry and making a name for himself as a confectionery genius, the ambitious young creator had to defy all odds. As a result, Willy transformed his wildest dreams into reality with a bold vision, determination, and unexpected help from new friends. After all, hard work and a dash of magic can make anything happen. Because, as Willy already knows, it only takes a dream to make a difference."
tt6208148,Snow White,2025,109.0,2.0,398284.0,https://www.imdb.com/title/tt6208148/,https://m.media-amazon.com/images/M/MV5BY2UwOGUxMzEtMzEyZi00NjEwLTkxOTMtYTljOWEzYjYyMWNjXkEyXkFqcGc@._V1_.jpg,Adventure,"Adventure, Family, Fantasy, Musical, Romance",Marc Webb,"Rachel Zegler, Emilia Faucher, Gal Gadot, Andrew Burnap, Andrew Barth Feldman, Tituss Burgess, Martin Klebba, Jason Kravits","Rachel Zegler, Emilia Faucher, Gal Gadot, Andrew Burnap, Andrew Barth Feldman, Tituss Burgess, Martin Klebba, Jason Kravits, George Salazar, Jeremy Swift","Following the benevolent King's disappearance, the Evil Queen dominated the once fair land with a cruel streak. Princess Snow White flees the castle when the Queen, in her jealousy over Snow White's inner beauty, tries to kill her. Deep into the dark woods, she stumbles upon seven magical dwarfs and a young bandit named Jonathan. Together, they strive to survive the Queen's relentless pursuit and aspire to take back the kingdom."
tt6263850,Deadpool & Wolverine,2024,128.0,8.0,592955.0,https://www.imdb.com/title/tt6263850/,https://m.media-amazon.com/images/M/MV5BZTk5ODY0MmQtMzA3Ni00NGY1LThiYzItZThiNjFiNDM4MTM3XkEyXkFqcGc@._V1_.jpg,Action,"Action, Adventure, Comedy, Sci-Fi",Shawn Levy,"Ryan Reynolds, Hugh Jackman, Emma Corrin, Matthew Macfadyen, Dafne Keen, Jon Favreau, Morena Baccarin, Rob Delaney","Ryan Reynolds, Hugh Jackman, Emma Corrin, Matthew Macfadyen, Dafne Keen, Jon Favreau, Morena Baccarin, Rob Delaney, Leslie Uggams, Jennifer Garner",In this multiverse story Deadpool is approached by a man named Paradox who intends on vaporizing his entire universe because apparently it's not supposed to go on living without the now deceased hero Wolverine. Deadpool kidnaps another version of Wolverine to replace but this only results in Paradox banishing both Deadpool and Wolverine.
tt6341826,In the Blink of an Eye,2026,94.0,6.0,7735.0,https://www.imdb.com/title/tt6341826/,https://m.media-amazon.com/images/M/MV5BYjNhNjQ2Y2ItMGM5ZC00OWE4LWEwZjItOWM5ZTdkYmYyZjE5XkEyXkFqcGc@._V1_.jpg,Drama,"Drama, Sci-Fi",Andrew Stanton,"Kate McKinnon, Rashida Jones, Daveed Diggs, Jorge Vargas, Tanaya Beatty, Skywalker Hughes, Rhona Rees, Tatyana Rose Baptiste","Kate McKinnon, Rashida Jones, Daveed Diggs, Jorge Vargas, Tanaya Beatty, Skywalker Hughes, Rhona Rees, Tatyana Rose Baptiste, Nox Watkins, Tyson Night","Three storylines, spanning thousands of years, intersect and reflect on hope, connection and the circle of life."
tt6495056,Migration,2023,83.0,7.0,48491.0,https://www.imdb.com/title/tt6495056/,https://m.media-amazon.com/images/M/MV5BYjdlYWJjZTctODViZS00ODVlLTljOTEtOTZhYWZhZTRkZDM1XkEyXkFqcGc@._V1_.jpg,Animation,"Animation, Adventure, Comedy, Family",Benjamin Renner,"Kumail Nanjiani, Tresi Gazal, Elizabeth Banks, Caspar Jennings, Isabela Merced, Danny DeVito, Carol Kane, Awkwafina","Kumail Nanjiani, Tresi Gazal, Elizabeth Banks, Caspar Jennings, Isabela Merced, Danny DeVito, Carol Kane, Awkwafina, Keegan-Michael Key, David Mitchell","Mack is an adventure-loathing duck who does not intend to leave his New England pond anytime soon. However, he is convinced by his more adventurous wife, Pam, to head south for the winter. The two ducks, along with their two kids Dax and Gwen and Mack's Uncle Dan, do just that. However, things do not go as planned, but that doesn't stop them from having the time of their lives."
tt6528290,Knights of the Zodiac,2023,112.0,4.0,18633.0,https://www.imdb.com/title/tt6528290/,https://m.media-amazon.com/images/M/MV5BMTVmMjZiN2QtYzgzYy00ZThjLThmZDQtYjVhNWFkMTkyMTM5XkEyXkFqcGc@._V1_.jpg,Action,"Action, Adventure, Drama, Fantasy, Sci-Fi",Tomasz Bagiński,"Mackenyu, Famke Janssen, Madison Iseman, Diego Tinoco, Mark Dacascos, Nick Stahl, Sean Bean, Caitlin Hutson","Mackenyu, Famke Janssen, Madison Iseman, Diego Tinoco, Mark Dacascos, Nick Stahl, Sean Bean, Caitlin Hutson, Katie Anne Moy, Kaylan Teague","Produced by Toei Animation and based on the international anime sensation, Knights of the Zodiac brings the Saint Seiya saga to the big screen in live-action for the first time. Seiya (Mackenyu), a headstrong street teen, spends his time fighting for cash while he searches for his abducted sister. When one of his fights unwittingly taps into mystical powers he never knew he had, Seiya finds himself thrust into a world of warring saints, ancient magical training and a reincarnated goddess who needs his protection. If he's to survive, he will need to embrace his destiny and sacrifice everything to take his rightful place among the Knights of the Zodiac."
tt6587046,Kimi-tachi wa dô ikiru ka,2023,124.0,7.0,151086.0,https://www.imdb.com/title/tt6587046/,https://m.media-amazon.com/images/M/MV5BMzA5Zjg3MTAtM2FhZS00NTNjLTg3NjEtNWQ4MTRhZjhiNzVmXkEyXkFqcGc@._V1_.jpg,Animation,"Animation, Adventure, Drama, Fantasy",Hayao Miyazaki,"Soma Santoki, Masaki Suda, Kô Shibasaki, Aimyon, Yoshino Kimura, Takuya Kimura, Keiko Takeshita, Jun Fubuki","Soma Santoki, Masaki Suda, Kô Shibasaki, Aimyon, Yoshino Kimura, Takuya Kimura, Keiko Takeshita, Jun Fubuki, Sawako Agawa, Karen Takizawa","From the legendary Studio Ghibli and Academy Award®-winning director Hayao Miyazaki (Spirited Away) comes a new critically-acclaimed fantasy adventure. After losing his mother during the war, young Mahito moves to his family's estate in the countryside. There, a series of mysterious events lead him to a secluded and ancient tower, home to a mischievous gray heron. When Mahito's new stepmother disappears, he follows the gray heron into the tower, and enters a fantastic world shared by the living and the dead. As he embarks on an epic journey with the heron as his guide, Mahito must uncover the secrets of this world, and the truth about himself. Featuring the voices of Christian Bale, Dave Bautista, Gemma Chan, Willem Dafoe, Karen Fukuhara, Mark Hamill, Robert Pattinson and Florence Pugh."
tt6604188,Tron: Ares,2025,119.0,6.0,86201.0,https://www.imdb.com/title/tt6604188/,https://m.media-amazon.com/images/M/MV5BYzNlY2RiYWEtMDA0YS00MTZkLWI5YmUtMDNiZDZlN2E4MTVlXkEyXkFqcGc@._V1_.jpg,Action,"Action, Adventure, Sci-Fi",Joachim Rønning,"Jared Leto, Greta Lee, Jeff Bridges, Evan Peters, Jodie Turner-Smith, Gillian Anderson, Hasan Minhaj, Arturo Castro","Jared Leto, Greta Lee, Jeff Bridges, Evan Peters, Jodie Turner-Smith, Gillian Anderson, Hasan Minhaj, Arturo Castro, Cameron Monaghan, Sarah Desjardins","Get ready for the electrifying action and adventure of ""Tron: Ares."" When a highly sophisticated Program named Ares is sent from the digital world into the real world on a dangerous mission, it marks humankind's first encounter with A.I. beings."
tt6685538,Mavka. Lisova pisnia,2023,99.0,7.0,7397.0,https://www.imdb.com/title/tt6685538/,https://m.media-amazon.com/images/M/MV5BMzA5NzQ0YzktZjJiYS00OWE0LWE5MWYtMjU4YzA2Y2RmNWYxXkEyXkFqcGc@._V1_.jpg,Animation,"Animation, Adventure, Comedy, Family, Fantasy, Romance","Oleh Malamuzh, Oleksandra Ruban","Alyson Leigh Rosenfeld, Eddy Lee, Laurie Hymes, Marc Thompson, Mike Pollock, Sarah Natochenny, Sarah Smithton, Scott Rayow","Alyson Leigh Rosenfeld, Eddy Lee, Laurie Hymes, Marc Thompson, Mike Pollock, Sarah Natochenny, Sarah Smithton, Scott Rayow, Tom Wayland, Tyler Bunch","Mavka - a soul of the Forest - faces an impossible choice between love and her duty as guardian to the Heart of the Forest, when she falls in love with a human - the talented young musician Lukash. Our story is about the magical power of love. That kind of love that enables human nature to find the magic within and reveals abilities and qualities that empower a person to reach beyond possible and to hold against evil and human vice."
tt6689014,She Came to Me,2023,102.0,6.0,10313.0,https://www.imdb.com/title/tt6689014/,https://m.media-amazon.com/images/M/MV5BMjNiOGUxYWItMTQ4MC00Yzk1LThlNTQtNDMwYjNmZGE5NDFmXkEyXkFqcGc@._V1_.jpg,Comedy,"Comedy, Drama, Music, Romance",Rebecca Miller,"Peter Dinklage, Anne Hathaway, Marisa Tomei, Evan Ellison, Harlow Jane, Joanna Kulig, Brian d'Arcy James, Judy Gold","Peter Dinklage, Anne Hathaway, Marisa Tomei, Evan Ellison, Harlow Jane, Joanna Kulig, Brian d'Arcy James, Judy Gold, Anthony Roth Costanzo, Samuel H. Levine","Composer Steven Lauddem is creatively blocked and unable to finish the score for his big comeback opera. At the behest of his wife Patricia, formerly his therapist, he sets out in search of inspiration. What he discovers is much more than he bargained for, or imagined."
tt6718170,The Super Mario Bros. Movie,2023,92.0,7.0,302211.0,https://www.imdb.com/title/tt6718170/,https://m.media-amazon.com/images/M/MV5BOWFmNmY2YjAtZTgyNy00MjBmLWI1YWMtMjFjZjkxYjYyOTVmXkEyXkFqcGc@._V1_.jpg,Animation,"Animation, Adventure, Comedy, Family, Fantasy","Aaron Horvath, Michael Jelenic","Kevin Michael Richardson, Jack Black, Khary Payton, Chris Pratt, Charlie Day, Charles Martinet, Sebastian Maniscalco, Rino Romano","Kevin Michael Richardson, Jack Black, Khary Payton, Chris Pratt, Charlie Day, Charles Martinet, Sebastian Maniscalco, Rino Romano, John DiMaggio, Anya Taylor-Joy","A Brooklyn plumber named Mario travels through the Mushroom Kingdom with a princess named Peach and an anthropomorphic mushroom named Toad to find Mario's brother, Luigi, and to save the world from a ruthless fire-breathing Koopa named Bowser."
tt6791350,Guardians of the Galaxy Vol. 3,2023,150.0,8.0,486877.0,https://www.imdb.com/title/tt6791350/,https://m.media-amazon.com/images/M/MV5BOTJhOTMxMmItZmE0Ny00MDc3LWEzOGEtOGFkMzY4MWYyZDQ0XkEyXkFqcGc@._V1_.jpg,Action,"Action, Adventure, Comedy, Fantasy, Sci-Fi",James Gunn,"Chukwudi Iwuji, Bradley Cooper, Pom Klementieff, Dave Bautista, Karen Gillan, Vin Diesel, Austin Freeman, Stephen Blackehart","Chukwudi Iwuji, Bradley Cooper, Pom Klementieff, Dave Bautista, Karen Gillan, Vin Diesel, Austin Freeman, Stephen Blackehart, Terence Rosemore, Chris Pratt","In Marvel Studios ""Guardians of the Galaxy Vol. 3"" our beloved band of misfits are looking a bit different these days. Peter Quill, still reeling from the loss of Gamora, must rally his team around him to defend the universe along with protecting one of their own. A mission that, if not completed successfully, could quite possibly lead to the end of the Guardians as we know them."
tt6879446,Hidden Strike,2023,102.0,5.0,22485.0,https://www.imdb.com/title/tt6879446/,https://m.media-amazon.com/images/M/MV5BOTk0NDZjNzAtZmZlYy00OWMwLTg2MTUtMjM3MTVjYjBlYzMzXkEyXkFqcGc@._V1_.jpg,Action,"Action, Adventure, Comedy, Thriller",Scott Waugh,"Jackie Chan, John Cena, Xinrui Ma, Wenli Jiang, Jia Xu, Jun Gong, Rima Zeidan, Minghao Hou","Jackie Chan, John Cena, Xinrui Ma, Wenli Jiang, Jia Xu, Jun Gong, Rima Zeidan, Minghao Hou, Pilou Asbæk, Amadeus Serafini","Two ex-special forces soldiers must escort a group of civilians along Baghdad's ""Highway of Death"" to the safety of the Green Zone."
tt6881490,Sound of Hope: The Story of Possum Trot,2024,130.0,7.0,2650.0,https://www.imdb.com/title/tt6881490/,https://m.media-amazon.com/images/M/MV5BOTkzYmNlZjQtYTRhMC00OWEyLTlmOGEtNGZmNTllMWExMGU1XkEyXkFqcGc@._V1_.jpg,Drama,Drama,Joshua Weigel,"Nika King, Demetrius A. Grosse, Elizabeth Mitchell, Diaana Babnicova, Jillian Reeves, Kaysi J. Bradley, Della Golden, Aria Jennai Pulliam","Nika King, Demetrius A. Grosse, Elizabeth Mitchell, Diaana Babnicova, Jillian Reeves, Kaysi J. Bradley, Della Golden, Aria Jennai Pulliam, Asher Liam Clay, Taj Johnson","Inspired by the powerful true story, ""Sound of Hope: The Story of Possum Trot"" follows Donna and Reverend Martin as they ignite a fire in the hearts of their rural church to embrace kids in the foster system that nobody else would take. By doing the impossible--adopting 77 children--this East Texas community proved that with real, determined love, the battle for America's most vulnerable can be won."
tt6898324,City of Dreams,2023,114.0,7.0,1339.0,https://www.imdb.com/title/tt6898324/,https://m.media-amazon.com/images/M/MV5BODVkMzU3YmEtZjZlNS00YjVkLTg1MDUtNzQxZTUyYWUwNDc3XkEyXkFqcGc@._V1_.jpg,Drama,"Drama, Thriller",Mohit Ramchandani,"Ari Lopez, Renata Vaca, Alfredo Castro, Adina Eady, Diego Calva, Jason Patric, Andrés Delgado, Francisco Denis","Ari Lopez, Renata Vaca, Alfredo Castro, Adina Eady, Diego Calva, Jason Patric, Andrés Delgado, Francisco Denis, Paulina Gaitan, Jorge Antonio Guerrero","City of Dreams follows Jesús, a young farmer in rural Mexico who dreams of playing for Club Puebla, his local soccer team. With the promise of training at a soccer camp in Los Angeles, Jesús is convinced by his father to leave home, but he soon discovers that he's been sold to a sweatshop run out of a decrepit mansion in downtown Los Angeles. Jesús is then subjected to the grueling 18-hour work schedule dictated by El Jefe, a boss who promises freedom for those who complete their quotas, and whose brutality is motivated by his own desperation to provide for his family back in Mexico. Despite all, Jesús finds solace in Elena, a girl who was similarly betrayed and sent to America under the guise of attending a fashion school. When Elena goes missing and another co-worker, Carlitos, is severely beaten for confronting El Jefe, Jesús realizes his only way out is a daring escape."
tt6906292,Retribution,2023,91.0,5.0,29170.0,https://www.imdb.com/title/tt6906292/,https://m.media-amazon.com/images/M/MV5BMTIxZTM4ZWUtZjczOS00MWFmLWJhMWMtMjA4NmMzYzFlMTIyXkEyXkFqcGc@._V1_.jpg,Action,"Action, Mystery, Thriller",Nimród Antal,"Liam Neeson, Noma Dumezweni, Lilly Aspell, Jack Champion, Arian Moayed, Embeth Davidtz, Matthew Modine, Emily Kusche","Liam Neeson, Noma Dumezweni, Lilly Aspell, Jack Champion, Arian Moayed, Embeth Davidtz, Matthew Modine, Emily Kusche, Luca Márkus, Bernhard Piesk",A bank executive receives a bomb threat while driving his children to school that his car will explode if they stop and get out.
tt6968614,The Mother,2023,115.0,6.0,53568.0,https://www.imdb.com/title/tt6968614/,https://m.media-amazon.com/images/M/MV5BYzBmNjg0YWEtMTdlNS00OTMxLWI0MDAtODgzNmEyMWEyY2YxXkEyXkFqcGc@._V1_.jpg,Action,"Action, Thriller",Niki Caro,"Jennifer Lopez, Lucy Paez, Omari Hardwick, Joseph Fiennes, Gael García Bernal, Paul Raci, Jesse Garcia, Yvonne Senat Jones","Jennifer Lopez, Lucy Paez, Omari Hardwick, Joseph Fiennes, Gael García Bernal, Paul Raci, Jesse Garcia, Yvonne Senat Jones, Edie Falco, Michael Karl Richards","A female assassin/operative in the US Army must reluctantly hand over her teenage daughter Zoe to foster parents for safety because of her risky, uncertain duties. Later, certain situations develop in which Zoe is in danger from assassins. The mother takes charge of her daughter and teaches her survival skills while doing everything possible to safeguard her from harm."
tt7068946,The Accountant 2,2025,132.0,7.0,136051.0,https://www.imdb.com/title/tt7068946/,https://m.media-amazon.com/images/M/MV5BYjFiY2I0NTEtNjdjNy00MTljLThkOWYtMzNiYjYyMDcxYjhkXkEyXkFqcGc@._V1_.jpg,Action,"Action, Crime, Drama, Mystery, Thriller",Gavin O'Connor,"Ben Affleck, Jon Bernthal, Cynthia Addai-Robinson, J.K. Simmons, Allison Robertson, Alison Wright, Daniella Pineda, Robert Morgan","Ben Affleck, Jon Bernthal, Cynthia Addai-Robinson, J.K. Simmons, Allison Robertson, Alison Wright, Daniella Pineda, Robert Morgan, Grant Harvey, Andrew Howard","When her former boss is killed by unknown assassins, Treasury Agent Marybeth Medina (Cynthia Addai-Robinson) is forced to contact Christian Wolff (Affleck) to solve the murder. With the help of his estranged but highly lethal brother Brax (Jon Bernthal), Chris applies his brilliant mind and less-than-legal methods to piece together the unsolved puzzle. As they get closer to the truth, the trio draw the attention of some of the most ruthless killers alive -- all intent on putting a stop to their search."
tt7130300,The Woman in Cabin 10,2025,92.0,6.0,75466.0,https://www.imdb.com/title/tt7130300/,https://m.media-amazon.com/images/M/MV5BOGZlYmNiNmYtYjlkMi00YmI3LTgxYjEtY2Y0Y2ZjOGQzMGRiXkEyXkFqcGc@._V1_.jpg,Drama,"Drama, Mystery, Thriller",Simon Stone,"Keira Knightley, Guy Pearce, David Ajala, Gitte Witt, Art Malik, Gugu Mbatha-Raw, Hannah Waddingham, Kaya Scodelario","Keira Knightley, Guy Pearce, David Ajala, Gitte Witt, Art Malik, Gugu Mbatha-Raw, Hannah Waddingham, Kaya Scodelario, David Morrissey, Daniel Ings","A traumatized journalist boards a floating fundraiser for the dying rich. At night, she hears murder through thin walls. The crew smiles and counts heads; everyone present, nothing wrong. The film understands the special loneliness of being believed by no one while surrounded by water. Knightley carries the paranoia with the bone tiredness of someone who has already seen too much violence to trust comfort. The yacht gleams. The passengers glitter. Something got thrown overboard. The ocean keeps it."
tt7160372,The Zone of Interest,2023,105.0,7.0,192516.0,https://www.imdb.com/title/tt7160372/,https://m.media-amazon.com/images/M/MV5BNjk4MTQ3MGEtZmI4OS00N2NhLWI5ZjgtYWE5ZWVkZGExYTQ1XkEyXkFqcGc@._V1_.jpg,Drama,"Drama, History, War",Jonathan Glazer,"Christian Friedel, Sandra Hüller, Johann Karthaus, Luis Noah Witte, Nele Ahrensmeier, Lilli Falk, Anastazja Drobniak, Cecylia Pekala","Christian Friedel, Sandra Hüller, Johann Karthaus, Luis Noah Witte, Nele Ahrensmeier, Lilli Falk, Anastazja Drobniak, Cecylia Pekala, Kalman Wilson, Medusa Knopf","German-occupied Poland, summer of 1943. More than anything, Hedwig, an indefatigable mother of five, wants to keep her well-organised life as is. After all, she has worked her fingers to the bone to create a fragrant slice of paradise to raise her children, and nothing will change that. If only her husband, the distinguished SS officer and Auschwitz commander Rudolf Hoess, weren't always burdened by his duties. But perfection is a fleeting illusion. As the oblivious life of the commandant's wife unravels in cloudless bliss, Rudolf finds himself swamped with work, saddled with testing a new ventilation design and overseeing the installation of a highly effective Topf and Sons multi-muffle, non-stop incineration oven system. Indeed, it's hard to imagine that just a hair's breadth away from the peaceful and idyllic Höss household, the unimaginable horrors of the Final Solution were unfolding in full swing. And as noisome fumes and muffled, blood-curdling noises blemish Hedwig's verdant utopia, a question emerges. When evil becomes banal and apathy requires no effort, what separates man from beast?"
tt7181546,Ballerina,2025,124.0,7.0,162439.0,https://www.imdb.com/title/tt7181546/,https://m.media-amazon.com/images/M/MV5BNzdhZmY2OTQtYWI4OC00ZThkLTlhZjAtNzE2YzRjM2Q5YjJlXkEyXkFqcGc@._V1_.jpg,Action,"Action, Adventure, Crime, Drama, Thriller",Len Wiseman,"Ana de Armas, Keanu Reeves, Ian McShane, Anjelica Huston, Gabriel Byrne, Catalina Sandino Moreno, Ava Joyce McCarthy, Juliet Doherty","Ana de Armas, Keanu Reeves, Ian McShane, Anjelica Huston, Gabriel Byrne, Catalina Sandino Moreno, Ava Joyce McCarthy, Juliet Doherty, Norman Reedus, Lance Reddick","A young woman remembers the time when as a little girl she witnessed her father getting killed by cult members. She is then adopted by a society of assassins and trained for many years to become a ballerina, body guard and assassin. She performs well in all these activities to the satisfaction of her superiors. Her heart however is made up to seek vengeance against the killers of her father. Despite being warned not to take up this dangerous mission she goes ahead and single handedly wages war against them."
tt7215232,Spellbound,2024,109.0,6.0,9353.0,https://www.imdb.com/title/tt7215232/,https://m.media-amazon.com/images/M/MV5BYTU4NWFlMjEtZGFhMi00NzkxLWJkODQtOWExNDQ2NGVjM2RjXkEyXkFqcGc@._V1_.jpg,Animation,"Animation, Adventure, Comedy, Family, Fantasy, Musical",Vicky Jenson,"Rachel Zegler, Miguel Bernardeau, Giovanna Bush, Dennis Stowe, Jenifer Lewis, Dee Bradley Baker, Susan Fitzer, Nicole Kidman","Rachel Zegler, Miguel Bernardeau, Giovanna Bush, Dennis Stowe, Jenifer Lewis, Dee Bradley Baker, Susan Fitzer, Nicole Kidman, John Lithgow, Nathan Lane","Ellian is a tenacious princess who must go on a daring quest to save her family and kingdom after a mysterious spell transforms her parents, the King and Queen of Lumbria, into monsters."
tt7354440,Tin & Tina,2023,119.0,5.0,9664.0,https://www.imdb.com/title/tt7354440/,https://m.media-amazon.com/images/M/MV5BZDRhMTRkMjctMjZmMS00ZTgwLWFiNTQtMjNkZDJkNTNlMWUxXkEyXkFqcGc@._V1_.jpg,Horror,"Horror, Mystery, Thriller",Rubin Stein,"Milena Smit, Jaime Lorente, Carlos González Morollón, Anastasia Russo, Teresa Rabal, Sergio Ramos, Joserra Leza, Luis Perezagua","Milena Smit, Jaime Lorente, Carlos González Morollón, Anastasia Russo, Teresa Rabal, Sergio Ramos, Joserra Leza, Luis Perezagua, Antonio Figueredo Manrique, Chelo Vivares","Spain, 1981. In her wedding day, Lola suffers an internal bleeding and she loses the baby she was expecting. Still worse, she is reported in the hospital that she lost too the capacity to be pregnant. Some months later and while Lola she stills depressed by the tragedy Adolfo, her husband, convinces her to adopt a baby in a convent close to the town. But instead to adopt a baby, Lola decides adopt Tin and Tina, two lovely twins with a talent for music. However, Lola discovers because their rise in the convent that Tin and Tina are frantic religious who interpret Holy Bible verbatim, no considering the consequences. Obssessed with Christ, God and the salvation, their attitude and behavior turns their peaceful family life in a hell full of fear. While an absent-father Adolfo rejects Lola accusations simply as kid stuff, Lola suffers a faint in the New Year's Eve just to realize something impossible: she's pregnant again. Taking it as a miracle, the news make her and Adolfo happy, but Lola becomes obsessive thinking that Tin and Tina would put in danger she and the baby looking for obtain the celestial redemption."
tt7510222,Despicable Me 4,2024,94.0,6.0,84459.0,https://www.imdb.com/title/tt7510222/,https://m.media-amazon.com/images/M/MV5BNzY0ZTlhYzgtOTgzZC00ZTg2LTk4NTEtZDllM2E2NGE5Njg2XkEyXkFqcGc@._V1_.jpg,Animation,"Animation, Adventure, Comedy, Crime, Family, Sci-Fi",Chris Renaud,"Steve Carell, Pierre Coffin, Will Ferrell, Sofía Vergara, Chris Renaud, Dana Gaier Ellis, Madison Skyy Polan, Miranda Cosgrove","Steve Carell, Pierre Coffin, Will Ferrell, Sofía Vergara, Chris Renaud, Dana Gaier Ellis, Madison Skyy Polan, Miranda Cosgrove, Kristen Wiig, Joey King","Gru and Lucy are overjoyed as they welcome their newest family member, Gru Jr. However, their happiness is short-lived when a new villain, the cunning Maxime Le Mal, emerges. With their family in danger, Gru and his team must utilize their wit and skills to outsmart the villain and protect their loved ones."
tt7599146,Sound of Freedom,2023,131.0,8.0,139457.0,https://www.imdb.com/title/tt7599146/,https://m.media-amazon.com/images/M/MV5BMzU5MmVkODQtZWM5ZC00MjRiLWIwOTMtN2ViZGM5MjU5Nzc1XkEyXkFqcGc@._V1_.jpg,Biography,"Biography, Crime, Drama, History, Thriller",Alejandro Monteverde,"Jim Caviezel, Bill Camp, Cristal Aparicio, Javier Godino, Lucás Ávila, Yessica Borroto Perryman, Manny Perez, Eduardo Verástegui","Jim Caviezel, Bill Camp, Cristal Aparicio, Javier Godino, Lucás Ávila, Yessica Borroto Perryman, Manny Perez, Eduardo Verástegui, Samuel Livingston, Mira Sorvino","""Sound of Freedom"", based on the incredible true story, shines a light on even the darkest of places. After rescuing a young boy from ruthless child-traffickers, a federal agent learns that the boy's sister is still a captive and decides to embark on a dangerous mission to save her. With time running out, he quits his job and journeys deep into the Colombian jungle, putting his life on the line to free her from a fate worse than death."
tt7766378,The Electric State,2025,128.0,6.0,87592.0,https://www.imdb.com/title/tt7766378/,https://m.media-amazon.com/images/M/MV5BZDU5YWE3MmItMGI0Ny00MWQ4LWE3NDktMjRkNDk5YmFjYTk2XkEyXkFqcGc@._V1_.jpg,Action,"Action, Adventure, Comedy, Drama, Sci-Fi","Anthony Russo, Joe Russo","Woody Norman, Millie Bobby Brown, Ann Russo, Greg Cromer, Vince Pisani, Camrus Johnson, Juan Uribe Brandi, Woody Harrelson","Woody Norman, Millie Bobby Brown, Ann Russo, Greg Cromer, Vince Pisani, Camrus Johnson, Juan Uribe Brandi, Woody Harrelson, Chris Pratt, Ke Huy Quan","Based on the graphic novel of the same name by Simon Stålenhag, the story takes place in a reimagined version of 1997. With humans isolated in their VR helmets and a continuing battle against a strange breed of monstruous drones in the wake of a technological meltdown, a teenage girl named Michelle and a robot travel the West Coast of the U.S in search of the girl's missing brother."
tt7798604,We Have a Ghost,2023,126.0,6.0,37361.0,https://www.imdb.com/title/tt7798604/,https://m.media-amazon.com/images/M/MV5BMDk0ZTA3ZTQtODE3OC00MmUyLWE3N2MtMGI4N2E3Y2NhZjMxXkEyXkFqcGc@._V1_.jpg,Adventure,"Adventure, Comedy, Family, Fantasy, Horror, Mystery",Christopher Landon,"Jahi Di'Allo Winston, David Harbour, Anthony Mackie, Erica Ash, Niles Fitch, Isabella Russo, Tig Notaro, Tom Bower","Jahi Di'Allo Winston, David Harbour, Anthony Mackie, Erica Ash, Niles Fitch, Isabella Russo, Tig Notaro, Tom Bower, Sean Boyd, Nicholas X. Parsons","Seeking a fresh start in Chicago, the Presley family moves into a dusty fixer-upper they soon realize comes with a catch: a ghost in the attic named Ernest (David Harbour). Despite Ernest's attempts at scaring teenage son Kevin (Jahi Winston), the detached, music-obsessed teen soon finds a kindred spirit in this trapped soul from the '70s and commits to helping him. Meanwhile, Kevin's affable-yet-harsh father Frank (Anthony Mackie) looks to cash in on Ernest by turning him into a social media sensation. When Frank's video of Ernest goes viral and captures the world's attention, the family lands on the radar of Dr. Leslie Monroe (Tig Notaro), a washed-up paranormal scientist who alerts her old boss, Deputy Director Arnold Schipley of the CIA (Steve Coulter), restarting a clandestine program aimed at capturing a ghost. As crowds, reporters, and government agents descend upon the Presley home, it's up to Kevin and his sharp-witted, fellow outcast neighbor Joy (Isabella Russo) to break Ernest out, uncover the mysteries of his past, and bring him the closure he needs before it's too late."
tt7985704,Operation Fortune: Ruse de Guerre,2023,114.0,6.0,113290.0,https://www.imdb.com/title/tt7985704/,https://m.media-amazon.com/images/M/MV5BYjk3MjcwMWQtZDFmMS00NTk2LTkxYWItNWU0NzhlZTFiNTE1XkEyXkFqcGc@._V1_.jpg,Action,"Action, Adventure, Comedy, Thriller",Guy Ritchie,"Jason Statham, Aubrey Plaza, Cary Elwes, Hugh Grant, Josh Hartnett, Bugzy Malone, Eddie Marsan, Peter Ferdinando","Jason Statham, Aubrey Plaza, Cary Elwes, Hugh Grant, Josh Hartnett, Bugzy Malone, Eddie Marsan, Peter Ferdinando, Nicholas Facey, Lourdes Faberes","In the film, super spy Orson Fortune (Jason Statham) must track down and stop the sale of a deadly new weapons technology wielded by billionaire arms broker Greg Simmonds (Hugh Grant). Reluctantly teamed with some of the world's best operatives (Aubrey Plaza, Cary Elwes, Bugzy Malone), Fortune and his crew recruit Hollywood's biggest movie star Danny Francesco (Josh Hartnett) to help them on their globe-trotting undercover mission to save the world."
tt8002382,The Marsh King's Daughter,2023,109.0,6.0,16085.0,https://www.imdb.com/title/tt8002382/,https://m.media-amazon.com/images/M/MV5BZDBkY2M4MzUtNTZmZi00NDUzLWJmZmItM2ViOTA4NGE4NDc3XkEyXkFqcGc@._V1_.jpg,Crime,"Crime, Drama, Mystery, Thriller",Neil Burger,"Daisy Ridley, Ben Mendelsohn, Brooklynn Prince, Gil Birmingham, Caren Pistorius, Garrett Hedlund, Joey Carson, Joshua Peace","Daisy Ridley, Ben Mendelsohn, Brooklynn Prince, Gil Birmingham, Caren Pistorius, Garrett Hedlund, Joey Carson, Joshua Peace, Pamela MacDonald, Dan Abramovici","In the tense thriller The Marsh King's Daughter, a woman with a secret past will venture into the wilderness she left behind to confront the most dangerous man she's ever met: her father. In the film, Helena's (Daisy Ridley) seemingly ordinary life hides a dark and dangerous truth: her estranged father is the infamous Marsh King (Ben Mendelsohn), the man who kept her and her mother captive in the wilderness for years. When her father escapes from prison, Helena will need to confront her past. Knowing that he will hunt for her and her family, Helena must find the strength to face her demons and outmaneuver the man who taught her everything she knows about surviving in the wild."
tt8008948,Den of Thieves: Pantera,2025,144.0,6.0,45850.0,https://www.imdb.com/title/tt8008948/,https://m.media-amazon.com/images/M/MV5BZGIyYTI5N2QtZmQ5ZC00NDE4LThhYWMtNGE5NjI1OGU2M2NjXkEyXkFqcGc@._V1_.jpg,Action,"Action, Crime, Drama, Thriller",Christian Gudegast,"Gerard Butler, O'Shea Jackson Jr., Evin Ahmad, Salvatore Esposito, Orli Shuka, Stéphane Coulon, Cristian Solimeno, Nazmiye Oral","Gerard Butler, O'Shea Jackson Jr., Evin Ahmad, Salvatore Esposito, Orli Shuka, Stéphane Coulon, Cristian Solimeno, Nazmiye Oral, Mark Grosy, Joshua Gabriel Liège","Butler returns as Big Nick (Butler), this time on the hunt in Europe for Donnie (Jackson Jr.) who is embroiled in the dangerous world of diamond thieves and the infamous Panther mafia as they plot a massive heist of the world's biggest diamond exchange."
tt8036976,Send Help,2026,113.0,7.0,153371.0,https://www.imdb.com/title/tt8036976/,https://m.media-amazon.com/images/M/MV5BOTgxOWY5NTMtYjdiNi00NTIyLTkwMTQtMWNjM2IzYTU0ODgyXkEyXkFqcGc@._V1_.jpg,Adventure,"Adventure, Horror, Thriller",Sam Raimi,"Rachel McAdams, Dylan O'Brien, Edyll, Dennis Haysbert, Xavier Samuel, Chris Pang, Thaneth Warakulnukroh, Emma Raimi","Rachel McAdams, Dylan O'Brien, Edyll, Dennis Haysbert, Xavier Samuel, Chris Pang, Thaneth Warakulnukroh, Emma Raimi, Kristy Best, Francesca Waters","Linda Liddle carries the weight of a firm while her ego-driven boss, Bradley Preston, coasts on a family name. When their aircraft plunges into the sea, the corporate ladder disintegrates. Bradley clings to his entitlement as a shield against the heat. Linda realizes her meticulous planning is the only thing keeping them breathing. She watches him flounder, a pathetic shell stripped of his suit. The power dynamic curdles. Linda leans into her simmering resentment; she weaponizes her competence to dominate the man who once patronized her. She demands total submission for a sip of water. The price of his survival is the absolute destruction of his dignity."
tt8051894,The Hill,2023,126.0,7.0,9907.0,https://www.imdb.com/title/tt8051894/,https://m.media-amazon.com/images/M/MV5BZWU2Y2EwM2ItMTYxZS00OTk0LTgxMzMtOTFmYjBlOWMzN2YxXkEyXkFqcGc@._V1_.jpg,Biography,"Biography, Drama, Sport",Jeff Celentano,"Dennis Quaid, Colin Ford, Joelle Carter, Scott Glenn, Siena Bjornerud, Ryan Dinning, Carina Worm, Bonnie Bedelia","Dennis Quaid, Colin Ford, Joelle Carter, Scott Glenn, Siena Bjornerud, Ryan Dinning, Carina Worm, Bonnie Bedelia, Randy Houser, Jesse Berry","The true story of Rickey Hill, the son of a travelling pastor who overcomes physical obstacles to pursue his dream of playing baseball in the major leagues."
tt8080204,Hypnotic,2023,93.0,6.0,48110.0,https://www.imdb.com/title/tt8080204/,https://m.media-amazon.com/images/M/MV5BNzUyNzBjMjQtNmJhOS00M2U0LTg0MWEtZDVmYmNjNGY2N2U4XkEyXkFqcGc@._V1_.jpg,Action,"Action, Drama, Mystery, Sci-Fi, Thriller",Robert Rodriguez,"Ben Affleck, Alice Braga, JD Pardo, Dayo Okeniyi, Jeff Fahey, Jackie Earle Haley, William Fichtner, Zane Holtz","Ben Affleck, Alice Braga, JD Pardo, Dayo Okeniyi, Jeff Fahey, Jackie Earle Haley, William Fichtner, Zane Holtz, Ruben Javier Caballero, Kelly Frye","Determined to find his missing daughter, Detective Danny Rourke finds himself spiraling down a rabbit hole while investigating a series of reality-bending crimes. Aided by Diana Cruz, a gifted psychic, Rourke simultaneously pursues and is pursued by a lethal specter, the one man he believes holds the key to finding the girl."
tt8105234,Flamin' Hot,2023,99.0,7.0,21842.0,https://www.imdb.com/title/tt8105234/,https://m.media-amazon.com/images/M/MV5BNjk0ZDljYmUtZDVmZC00NjU2LTg1NDItNTk2NDFlOGJiNjJhXkEyXkFqcGc@._V1_.jpg,Biography,"Biography, Drama, History",Eva Longoria,"Jesse Garcia, Annie Gonzalez, Emilio Rivera, Vanessa Martinez, Dennis Haysbert, Tony Shalhoub, Pepe Serna, Bobby Soto","Jesse Garcia, Annie Gonzalez, Emilio Rivera, Vanessa Martinez, Dennis Haysbert, Tony Shalhoub, Pepe Serna, Bobby Soto, Jimmy Gonzales, Matt Walsh","There's just one problem: Montañez didn't invent Flamin' Hot Cheetos, according to interviews with more than a dozen former Frito-Lay employees, the archival record and Frito-Lay itself. ""None of our records show that Richard was involved in any capacity in the Flamin' Hot test market,"" Frito-Lay wrote in a statement to The Times, in response to questions about an internal investigation whose existence has not been previously disclosed. ""We have interviewed multiple personnel who were involved in the test market, and all of them indicate that Richard was not involved in any capacity in the test market. ""That doesn't mean we don't celebrate Richard,"" the statement continued, ""but the facts do not support the urban legend."""
tt8258502,Foe,2023,110.0,5.0,13751.0,https://www.imdb.com/title/tt8258502/,https://m.media-amazon.com/images/M/MV5BMzdiNDM1ODctZDU3Mi00ZjQzLTk3N2QtZGFiZjEzOGQwNmE3XkEyXkFqcGc@._V1_.jpg,Drama,"Drama, Romance, Sci-Fi, Thriller",Garth Davis,"Saoirse Ronan, Paul Mescal, Aaron Pierre, Jordan Chodziesner, William Freeman, Jalen Ong, Patrick Williams, David Woods","Saoirse Ronan, Paul Mescal, Aaron Pierre, Jordan Chodziesner, William Freeman, Jalen Ong, Patrick Williams, David Woods, Yesse Spence, Shamita Siva","Henrietta and Junior farm a secluded piece of land that has been in Junior's family for generations, but their quiet life is thrown into turmoil when an uninvited stranger shows up at their door with a startling proposal. Will they risk their relationship and personal identity for a chance to survive in a new world?"
tt8337264,Chicken Run: Dawn of the Nugget,2023,98.0,6.0,29719.0,https://www.imdb.com/title/tt8337264/,https://m.media-amazon.com/images/M/MV5BOTMwN2Y0MDYtYzhhZS00YzI5LWE5N2UtOThlZWQxODc4YjkxXkEyXkFqcGc@._V1_.jpg,Animation,"Animation, Adventure, Comedy, Family",Sam Fell,"Thandiwe Newton, Zachary Levi, Bella Ramsey, Imelda Staunton, Lynn Ferguson, David Bradley, Jane Horrocks, Romesh Ranganathan","Thandiwe Newton, Zachary Levi, Bella Ramsey, Imelda Staunton, Lynn Ferguson, David Bradley, Jane Horrocks, Romesh Ranganathan, Daniel Mays, Josie Sedgwick-Davies","Having pulled off a death-defying escape from Tweedy's farm, Ginger has finally found her dream - a peaceful island sanctuary for the whole flock, far from the dangers of the human world. When she and Rocky hatch a little girl called Molly, Ginger's happy ending seems complete. But back on the mainland the whole of chicken-kind faces a new and terrible threat. For Ginger and her team, even if it means putting their own hard-won freedom at risk - this time, they're breaking in."
tt8373206,About My Father,2023,90.0,6.0,19729.0,https://www.imdb.com/title/tt8373206/,https://m.media-amazon.com/images/M/MV5BYmQ2YjA3NzgtNWZjYS00ZTEwLTkxZDUtOTE5OWU5ZGRiMmQ0XkEyXkFqcGc@._V1_.jpg,Comedy,Comedy,Laura Terruso,"Robert De Niro, Sebastian Maniscalco, Leslie Bibb, Kim Cattrall, David Rasche, Anders Holm, Brett Dier, Adan James Carrillo","Robert De Niro, Sebastian Maniscalco, Leslie Bibb, Kim Cattrall, David Rasche, Anders Holm, Brett Dier, Adan James Carrillo, Navv Greene, Henry Pao","The hottest comic in America (in his own mind), Sebastian Maniscalco, joins forces with legendary Italian-American actor Robert De Niro, in the new comedy ""About My Father."" The film centers around Sebastian's aspirations to bring his immigrant hairdresser father Salvo to a weekend get-together with her super-rich and exceedingly eccentric family. The weekend develops into what can only be described as a culture clash, leaving Sebastian and Salvo to discover that the great thing about family is everything about family."
tt8400584,The Perfect Find,2023,99.0,5.0,3945.0,https://www.imdb.com/title/tt8400584/,https://m.media-amazon.com/images/M/MV5BODM3NDliMmItZmZkOS00N2FhLTk3ZTQtMDljZDhjNWEyNDYyXkEyXkFqcGc@._V1_.jpg,Comedy,"Comedy, Drama, Romance",Numa Perrier,"Gabrielle Union, Keith Powers, Gina Torres, La La Anthony, Aisha Hinds, Janet Hubert, Shayna McHayle, Latoia Fitzgerald","Gabrielle Union, Keith Powers, Gina Torres, La La Anthony, Aisha Hinds, Janet Hubert, Shayna McHayle, Latoia Fitzgerald, Sterling Brim, D.B. Woodside","After a messy public breakup and a high-profile firing, Jenna (Gabrielle Union) returns to New York to resurrect her fashion career. Knowing she'll only get one chance to rebuild her reputation, Jenna swallows her pride and goes to work for cutthroat mogul Darcy (Gina Torres). But her comeback attempt gets complicated when she falls for her charming, much younger coworker Eric (Keith Powers) - who just so happens to be Darcy's son. After putting everything on the line for her career, Jenna must decide if she'll risk it all on a secret romance, and find out if she can have a future with Eric despite their generational divide. Also starring Aisha Hinds, DB Woodside, Janet Hubert and Alani ""La La"" Anthony, THE PERFECT FIND is directed by Numa Perrier from a screenplay by Leigh Davenport and produced by Glendon Palmer, Gabrielle Union, Jeff Morrone, Codie Elaine Oliver, and Tommy Oliver. Based on the book by Tia Williams."
tt8609660,My Penguin Friend,2024,97.0,7.0,7869.0,https://www.imdb.com/title/tt8609660/,https://m.media-amazon.com/images/M/MV5BMWFkNWFlNTItNTkxNC00MmNiLWEwZDktNmUwMDA1NTBjNGZkXkEyXkFqcGc@._V1_.jpg,Adventure,"Adventure, Drama, Family",David Schurmann,"Jean Reno, Adriana Barraza, Alexia Moyano, Nicolás Francella, Rochi Hernández, Pedro Urizzi, Amanda Magalhães, Juan José Garnica","Jean Reno, Adriana Barraza, Alexia Moyano, Nicolás Francella, Rochi Hernández, Pedro Urizzi, Amanda Magalhães, Juan José Garnica, Duda Galvão, Thalma de Freitas","Inspired by an epic true story, comes this enchanting adventure about a little lost penguin who - after being rescued from an oil spill - transforms the life and soul of a heartbroken Brazilian fisherman. The penguin and the fisherman become unlikely friends, so bonded that even the vast ocean cannot divide them."
tt8637498,The Monkey King,2023,97.0,6.0,8168.0,https://www.imdb.com/title/tt8637498/,https://m.media-amazon.com/images/M/MV5BNWI3Y2IxMmYtYjY2Yi00Mzc3LWEzYWItODEwYmJmMTZjOTA2XkEyXkFqcGc@._V1_.jpg,Animation,"Animation, Action, Adventure, Comedy, Family, Fantasy",Anthony Stacchi,"Jimmy O. Yang, Bowen Yang, Jolie Hoang-Rappaport, Jo Koy, Ron Yuan, Nan Li, Andrew Pang, Stephanie Hsu","Jimmy O. Yang, Bowen Yang, Jolie Hoang-Rappaport, Jo Koy, Ron Yuan, Nan Li, Andrew Pang, Stephanie Hsu, Sophie Jean Wu, Hoon Lee","THE MONKEY KING is an action-packed family comedy that follows a charismatic Monkey and his magical fighting Stick on an epic quest for victory over 100 demons, an eccentric Dragon King, and Monkey's greatest foe of all -his own ego. Along the way, a young village girl challenges his self-centered attitude and shows him that even the smallest pebble can have a big effect on the world."
tt8785038,Fixed,2025,87.0,5.0,5563.0,https://www.imdb.com/title/tt8785038/,https://m.media-amazon.com/images/M/MV5BYTljYWQwNmQtYTMxNC00ZTJmLTg4ODEtNjg0ZmViY2Q1NzI5XkEyXkFqcGc@._V1_.jpg,Animation,"Animation, Adventure, Comedy, Romance",Genndy Tartakovsky,"Adam Devine, Idris Elba, Kathryn Hahn, Fred Armisen, Bobby Moynihan, Beck Bennett, Michelle Buteau, River Gallo","Adam Devine, Idris Elba, Kathryn Hahn, Fred Armisen, Bobby Moynihan, Beck Bennett, Michelle Buteau, River Gallo, Scott Weil, Aaron LaPlante","Bull, an average, all-around good dog, discovers he's going to be neutered in the morning. He realizes he needs one last adventure with his pack of buddies, as these are the last 24 hours with his balls. What could go wrong?"
tt8999762,The Brutalist,2024,216.0,7.0,163237.0,https://www.imdb.com/title/tt8999762/,https://m.media-amazon.com/images/M/MV5BM2U0MWRjZTMtMDVhNC00MzY4LTgwOTktZGQ2MDdiYTI4OWMxXkEyXkFqcGc@._V1_.jpg,Drama,Drama,Brady Corbet,"Adrien Brody, Felicity Jones, Guy Pearce, Joe Alwyn, Raffey Cassidy, Stacy Martin, Isaach De Bankolé, Alessandro Nivola","Adrien Brody, Felicity Jones, Guy Pearce, Joe Alwyn, Raffey Cassidy, Stacy Martin, Isaach De Bankolé, Alessandro Nivola, Ariane Labed, Michael Epp","When visionary architect László Toth and his wife Erzsébet flee Europe to rebuild their legacy and witness the birth of modern America, their lives are changed forever by a mysterious and wealthy client. The seemingly charming industrialist Harrison Van Buren offers László and his family the American Dream on a silver platter by commissioning him to design a grand modernist monument and help shape the landscape of the country he now calls home. It will be the most ambitious project of his career, one that will take László and Erzsébet to both monumental heights and devastating lows."
tt9150192,A Working Man,2025,116.0,6.0,81628.0,https://www.imdb.com/title/tt9150192/,https://m.media-amazon.com/images/M/MV5BYmQxZGIxNTYtYTQwMy00ODdkLWI0MmQtM2E0ZmIyNmYzMGMzXkEyXkFqcGc@._V1_.jpg,Action,"Action, Thriller",David Ayer,"Jason Statham, Jason Flemyng, Merab Ninidze, Maximilian Osinski, Cokey Falkow, Michael Peña, David Harbour, Noemi Gonzalez","Jason Statham, Jason Flemyng, Merab Ninidze, Maximilian Osinski, Cokey Falkow, Michael Peña, David Harbour, Noemi Gonzalez, Arianna Rivas, Isla Gie","Levon Cade has left his profession behind him to go 'straight' and work in construction. He wants to live a simple life and be a good father to his daughter. But when his boss's teenage daughter Jenny vanishes, he's called upon to re-employ the skills that made him a legendary figure in the shadowy world of black ops. His hunt for the missing college student takes him deep into the heart of a sinister criminal conspiracy creating a chain reaction that will threaten his new way of life."
tt9185206,"Are You There God? It's Me, Margaret.",2023,106.0,7.0,39240.0,https://www.imdb.com/title/tt9185206/,https://m.media-amazon.com/images/M/MV5BMTY5ZTY1MTQtOGNjOC00ZDRkLWEyNGItNGEyYjJiMzM0MWEwXkEyXkFqcGc@._V1_.jpg,Comedy,"Comedy, Drama, Family",Kelly Fremon Craig,"Abby Ryder Fortson, Rachel McAdams, Kathy Bates, Benny Safdie, Elle Graham, Amari Alexis Price, Katherine Mallen Kupferer, Kate MacCluggage","Abby Ryder Fortson, Rachel McAdams, Kathy Bates, Benny Safdie, Elle Graham, Amari Alexis Price, Katherine Mallen Kupferer, Kate MacCluggage, Aidan Wojtak-Hissong, Landon S. Baxter","Margaret Simon is just 11 going on 12 when her family moves from New York City to Fartbrook, New Jersey. Margaret's mother is Christian and her father is Jewish. Margaret has been raised without an affiliation to either faith, and does not practice an organized religion, although she frequently prays to God in her own words, beginning by saying, ""Are you there God? It's me, Margaret."" She is beginning to feel uncomfortable with her lack of a religious affiliation. For a school assignment, she chooses to study people's religious beliefs, hoping to resolve the question of her own religion in the process. Part of her study involves attending different places of worship to better understand religious practice and also to see if one of them might be right for her. She enjoys spending time with her Jewish paternal grandmother, Sylvia Simon, who loves her as she is, and hopes Margaret will embrace Judaism after taking her to her synagogue for Rosh Hashanah services."
tt9214772,Monkey Man,2024,121.0,7.0,101419.0,https://www.imdb.com/title/tt9214772/,https://m.media-amazon.com/images/M/MV5BODM2ZmZjYmQtNTA3NC00MmYzLWEwOTItMDNjYzc3MzI1NWNmXkEyXkFqcGc@._V1_.jpg,Action,"Action, Crime, Thriller",Dev Patel,"Dev Patel, Pitobash, Jatin Malik, Sikandar Kher, Sobhita Dhulipala, Makrand Deshpande, Ashwini Kalsekar, Vipin Sharma","Dev Patel, Pitobash, Jatin Malik, Sikandar Kher, Sobhita Dhulipala, Makrand Deshpande, Ashwini Kalsekar, Vipin Sharma, Adithi Kalkunte, Sharlto Copley","Inspired by the legend of Hanuman, an icon embodying strength and courage, Kid is an anonymous young man who ekes out a meager living in an underground fight club. There, night after night, he wears a gorilla mask and is beaten bloody by more popular fighters for cash. After years of suppressed rage, Kid discovers a way to infiltrate the enclave of the city's sinister elite. As his childhood trauma boils over, his mysteriously scarred hands unleash an explosive campaign of retribution to settle the score with the men who took everything from him."
tt9218128,Gladiator II,2024,148.0,6.0,312485.0,https://www.imdb.com/title/tt9218128/,https://m.media-amazon.com/images/M/MV5BMWYzZTM5ZGQtOGE5My00NmM2LWFlMDEtMGNjYjdmOWM1MzA1XkEyXkFqcGc@._V1_.jpg,Adventure,"Adventure, Drama",Ridley Scott,"Paul Mescal, Denzel Washington, Pedro Pascal, Connie Nielsen, Joseph Quinn, Fred Hechinger, Lior Raz, Derek Jacobi","Paul Mescal, Denzel Washington, Pedro Pascal, Connie Nielsen, Joseph Quinn, Fred Hechinger, Lior Raz, Derek Jacobi, Peter Mensah, Matt Lucas","Rome, circa 209 A.D. Sixteen years after the demise of Emperor Marcus Aurelius and Maximus Decimus Meridius in Gladiator (2000), the Roman Empire is now ruled by the tyrannical Emperors Caracalla and Geta. As tensions mount, an enslaved Numidian leader arrives in the city as a gladiator, putting allegiances to the test. No one knows who he is, but with sinister schemes threatening the Republic, can this humble defender restore Rome to its former glory?"
tt9224104,Meg 2: The Trench,2023,116.0,5.0,105144.0,https://www.imdb.com/title/tt9224104/,https://m.media-amazon.com/images/M/MV5BOGNiOTFkYTUtMDdiMi00YmJlLTkzOTAtMGViYWRhZjY3ODhkXkEyXkFqcGc@._V1_.jpg,Action,"Action, Adventure, Horror, Sci-Fi, Thriller",Ben Wheatley,"Jason Statham, Jing Wu, Shuya Sophia Cai, Cliff Curtis, Page Kennedy, Sergio Peris-Mencheta, Skyler Samuels, Melissanthi Mahut","Jason Statham, Jing Wu, Shuya Sophia Cai, Cliff Curtis, Page Kennedy, Sergio Peris-Mencheta, Skyler Samuels, Melissanthi Mahut, Whoopie Van Raam, Kiran Sonia Sawar","Get ready for the ultimate adrenaline rush this summer in ""Meg 2: The Trench,"" a literally larger-than-life thrill ride that supersizes the 2018 blockbuster and takes the action to higher heights and even greater depths with multiple massive Megs and so much more. Dive into uncharted waters with Jason Statham and global action icon Wu Jing as they lead a daring research team on an exploratory dive into the deepest depths of the ocean. Their voyage spirals into chaos when a malevolent mining operation threatens their mission and forces them into a high-stakes battle for survival. Pitted against colossal Megs and relentless environmental plunderers, our heroes must outrun, outsmart, and outswim their merciless predators in a pulse-pounding race against time. Immerse yourself in the most electrifying cinematic experience of the year with ""Meg 2: The Trench"" - where the depths of the ocean are matched only by the heights of sheer, unstoppable excitement."
tt9362930,Blue Beetle,2023,127.0,6.0,119642.0,https://www.imdb.com/title/tt9362930/,https://m.media-amazon.com/images/M/MV5BOTEyYzQzOTMtMWExNi00OWNjLTgwMDUtNzY0YjhmZDBiMTk2XkEyXkFqcGc@._V1_.jpg,Action,"Action, Adventure, Sci-Fi, Thriller",Ángel Manuel Soto,"Xolo Maridueña, Bruna Marquezine, Becky G, Damián Alcázar, George Lopez, Adriana Barraza, Belissa Escobedo, Elpidia Carrillo","Xolo Maridueña, Bruna Marquezine, Becky G, Damián Alcázar, George Lopez, Adriana Barraza, Belissa Escobedo, Elpidia Carrillo, Susan Sarandon, Harvey Guillén","Jaime Reyes suddenly finds himself in possession of an ancient relic of alien biotechnology called the Scarab. When the Scarab chooses Jaime to be its symbiotic host, he's bestowed with an incredible suit of armor that's capable of extraordinary and unpredictable powers, forever changing his destiny as he becomes the superhero Blue Beetle."
tt9466114,The Idea of You,2024,115.0,6.0,89548.0,https://www.imdb.com/title/tt9466114/,https://m.media-amazon.com/images/M/MV5BY2RkZmZjYTQtOGExMS00YTljLWJmNzQtMzI0ZDU3YzFjNzJkXkEyXkFqcGc@._V1_.jpg,Comedy,"Comedy, Drama, Music, Romance",Michael Showalter,"Anne Hathaway, Nicholas Galitzine, Ella Rubin, Annie Mumolo, Reid Scott, Perry Mattfeld, Jordan Aaron Hall, Mathilda Gianopoulos","Anne Hathaway, Nicholas Galitzine, Ella Rubin, Annie Mumolo, Reid Scott, Perry Mattfeld, Jordan Aaron Hall, Mathilda Gianopoulos, Meg Millidge, Cheech Manohar","Solène (Anne Hathaway), a 40-year-old single mom, begins an unexpected romance with 24-year-old Hayes Campbell (Nicholas Galitzine), the lead singer of August Moon, the hottest boy band on the planet. When Solène must step in to chaperone her teenage daughter's trip to the Coachella Music Festival after her ex bails at the last minute, she has a chance encounter with Hayes and there is an instant, undeniable spark. As they begin a whirlwind romance, it isn't long before Hayes' superstar status poses unavoidable challenges to their relationship, and Solène soon discovers that life in the glare of his spotlight might be more than she bargained for."
tt9471678,Ultraman: Rising,2024,117.0,7.0,7767.0,https://www.imdb.com/title/tt9471678/,https://m.media-amazon.com/images/M/MV5BYzlhM2QwZDktNTdhOS00NGFjLTkxMzQtZmVmZDFlYzgxZjUxXkEyXkFqcGc@._V1_.jpg,Animation,"Animation, Action, Adventure, Comedy, Family, Fantasy, Sci-Fi",Shannon Tindle,"Christopher Sean, Rob Fukuzaki, Hiro Nakamura, Gedde Watanabe, Tamlyn Tomita, Keone Young, Frank Buckley, François Chau","Christopher Sean, Rob Fukuzaki, Hiro Nakamura, Gedde Watanabe, Tamlyn Tomita, Keone Young, Frank Buckley, François Chau, Julia Harriman, Robert Yasumura","Ken Sato, a superstar baseball player who returns to Japan to become the latest hero to carry the mantle of Ultraman. His plans go awry, however, when he is compelled to raise a newborn kaiju monster the offspring of his greatest enemy as his own child. Sato will also have to contend with his relationship with his estranged father and the schemes of the Kaiju Defense Force."
tt9663764,Aquaman and the Lost Kingdom,2023,124.0,6.0,121699.0,https://www.imdb.com/title/tt9663764/,https://m.media-amazon.com/images/M/MV5BYjQ1ZTUzMWMtY2VkNS00ZDRjLWEwODYtYmFkMWJiNTQxMDUzXkEyXkFqcGc@._V1_.jpg,Action,"Action, Adventure, Fantasy, Sci-Fi",James Wan,"Jason Momoa, Patrick Wilson, Yahya Abdul-Mateen II, Amber Heard, Nicole Kidman, Randall Park, Temuera Morrison, Dolph Lundgren","Jason Momoa, Patrick Wilson, Yahya Abdul-Mateen II, Amber Heard, Nicole Kidman, Randall Park, Temuera Morrison, Dolph Lundgren, Martin Short, Jani Zhao","Having failed to defeat Aquaman the first time, Black Manta, still driven by the need to avenge his father's death, will stop at nothing to take Aquaman down once and for all. This time Black Manta is more formidable than ever before, wielding the power of the mythic Black Trident, which unleashes an ancient and malevolent force. To defeat him, Aquaman will turn to his imprisoned brother Orm, the former King of Atlantis, to forge an unlikely alliance. Together, they must set aside their differences in order to protect their kingdom and save Aquaman's family, and the world, from irreversible destruction."
tt9682428,Night Swim,2024,98.0,5.0,32922.0,https://www.imdb.com/title/tt9682428/,https://m.media-amazon.com/images/M/MV5BMDIyNThiMjgtMTgwYS00YzU1LTkwZDMtODFkMzg0MzVjZGMwXkEyXkFqcGc@._V1_.jpg,Horror,"Horror, Mystery, Thriller",Bryce McGuire,"Wyatt Russell, Kerry Condon, Amélie Hoeferle, Gavin Warren, Jodi Long, Nancy Lenehan, Eddie Martinez, Elijah J. Roberts","Wyatt Russell, Kerry Condon, Amélie Hoeferle, Gavin Warren, Jodi Long, Nancy Lenehan, Eddie Martinez, Elijah J. Roberts, Rahnuma Panthaky, Ben Sinclair","Forced into early retirement by a degenerative illness, former major league baseball player Ray Waller moves into a new home with his wife and their two children. The new home comes complete with a backyard swimming pool, but a deep secret surfaces and unleashes a malevolent force that will drag the family into the inescapable depths of terror."
tt9873892,They Cloned Tyrone,2023,122.0,7.0,48982.0,https://www.imdb.com/title/tt9873892/,https://m.media-amazon.com/images/M/MV5BMDBlZDQ2NzYtNDU4Ny00MjZkLTk0YjctODg2NGZkODkwY2I1XkEyXkFqcGc@._V1_.jpg,Comedy,"Comedy, Mystery, Sci-Fi, Thriller",Juel Taylor,"John Boyega, Jamie Foxx, Teyonah Parris, Kiefer Sutherland, David Alan Grier, J. Alphonse Nicholson, Tamberla Perry, Eric B. Robinson Jr.","John Boyega, Jamie Foxx, Teyonah Parris, Kiefer Sutherland, David Alan Grier, J. Alphonse Nicholson, Tamberla Perry, Eric B. Robinson Jr., Trayce Malachi, Shariff Earp","A pulpy, sci-fi mystery caper in which an unlikely trio investigates a series of eerie events, alerting them to a nefarious conspiracy lurking directly beneath their hood. Fontaine, a neighborhood drug dealer, is shot dead by rival Isaac and then is very shocked to wake up in his bed the next morning unharmed. He and Slick Charles and Yo-Yo begin looking into the incident, and their search eventually leads them to a vast underground complex where a government backed lab is performing experiments on the local Black population. Realizing that he is an artificial clone controlled by Nixon, Fontaine initially feels despair, but decides he needs to stand up to these White institutional overlords for the sake of his neighborhood."
