imdb_id,month,country,platform,streams,total_minutes
tt0327785,2026-05-01,Argentina,Amazon,27.0,2919.0
tt0327785,2026-05-01,Brazil,Amazon,7.0,0.0
tt0327785,2026-06-01,Brazil,Amazon,65.0,6113.0
tt0327785,2026-05-01,Colombia,Amazon,13.0,1387.0
tt0327785,2026-06-01,Colombia,Amazon,6.0,699.0
tt0327785,2026-06-01,Mexico,Amazon,19.0,2027.0
tt0439572,2026-05-01,Brazil,Amazon,11.0,1634.0
tt0439572,2026-06-01,Brazil,Amazon,29.0,4186.0
tt0439572,2026-05-01,Brazil,HBO Max,4.0,131.0
tt0439572,2026-06-01,Brazil,HBO Max,45.0,2343.0
tt0439572,2026-05-01,Colombia,HBO Max,13.0,1927.0
tt0439572,2026-06-01,Colombia,HBO Max,9.0,1490.0
tt0439572,2026-05-01,Mexico,Amazon,20.0,2904.0
tt0439572,2026-06-01,Mexico,Amazon,32.0,4720.0
tt0439572,2026-05-01,Mexico,HBO Max,14.0,1866.0
tt0439572,2026-06-01,Mexico,HBO Max,31.0,4125.0
tt0498396,2026-05-01,Argentina,Netflix,14.0,476.0
tt0498396,2026-05-01,Brazil,Netflix,51.0,2068.0
tt0498396,2026-06-01,Brazil,Netflix,16.0,865.0
tt0498396,2026-05-01,Colombia,Netflix,18.0,2192.0
tt0498396,2026-06-01,Colombia,Netflix,12.0,894.0
tt0498396,2026-05-01,Mexico,Netflix,47.0,3934.0
tt0498396,2026-06-01,Mexico,Netflix,4.0,402.0
tt0899043,2026-05-01,Argentina,Disney+,69.0,6800.0
tt0899043,2026-06-01,Argentina,Disney+,66.0,4085.0
tt0899043,2026-05-01,Brazil,Disney+,11.0,1428.0
tt0899043,2026-06-01,Brazil,Disney+,364.0,1350.0
tt0899043,2026-05-01,Colombia,Disney+,54.0,1432.0
tt0899043,2026-06-01,Colombia,Disney+,106.0,9397.0
tt0899043,2026-05-01,Mexico,Disney+,177.0,16658.0
tt0899043,2026-06-01,Mexico,Disney+,128.0,14644.0
tt1001520,2026-06-01,Argentina,Netflix,49.0,4307.0
tt1001520,2026-05-01,Colombia,Netflix,24.0,1904.0
tt1001520,2026-06-01,Colombia,Netflix,42.0,4783.0
tt1001520,2026-05-01,Mexico,Netflix,20.0,1962.0
tt1001520,2026-06-01,Mexico,Netflix,115.0,10947.0
tt10078772,2026-05-01,Brazil,Amazon,25.0,1639.0
tt10078772,2026-06-01,Brazil,Amazon,113.0,9257.0
tt10078772,2026-05-01,Colombia,Amazon,19.0,349.0
tt10078772,2026-06-01,Colombia,Amazon,16.0,1293.0
tt10078772,2026-05-01,Mexico,Amazon,8.0,157.0
tt10098448,2026-05-01,Argentina,Netflix,29.0,1421.0
tt10098448,2026-06-01,Argentina,Netflix,13.0,1520.0
tt10098448,2026-05-01,Brazil,Netflix,55.0,6249.0
tt10098448,2026-06-01,Brazil,Netflix,69.0,5113.0
tt10098448,2026-05-01,Colombia,Netflix,9.0,980.0
tt10098448,2026-05-01,Mexico,Netflix,11.0,1435.0
tt10098448,2026-06-01,Mexico,Netflix,6.0,723.0
tt10151854,2026-06-01,Argentina,HBO Max,17.0,1659.0
tt10151854,2026-05-01,Brazil,HBO Max,12.0,1593.0
tt10151854,2026-05-01,Colombia,HBO Max,14.0,42.0
tt10151854,2026-06-01,Colombia,HBO Max,16.0,1517.0
tt10151854,2026-05-01,Mexico,Amazon,20.0,2500.0
tt10151854,2026-06-01,Mexico,Amazon,7.0,3.0
tt10151854,2026-05-01,Mexico,HBO Max,32.0,4160.0
tt10151854,2026-06-01,Mexico,HBO Max,36.0,4607.0
tt10160976,2026-05-01,Argentina,HBO Max,8.0,832.0
tt10160976,2026-05-01,Brazil,Amazon,37.0,3974.0
tt10160976,2026-06-01,Brazil,HBO Max,3.0,325.0
tt10160976,2026-05-01,Colombia,Amazon,12.0,1315.0
tt10160976,2026-05-01,Colombia,HBO Max,17.0,1615.0
tt10160976,2026-06-01,Colombia,HBO Max,5.0,373.0
tt10160976,2026-05-01,Mexico,HBO Max,65.0,5053.0
tt10160976,2026-06-01,Mexico,HBO Max,13.0,997.0
tt10171472,2026-05-01,Argentina,Amazon,21.0,2.0
tt10171472,2026-06-01,Argentina,Amazon,41.0,4544.0
tt10171472,2026-05-01,Brazil,Amazon,74.0,4968.0
tt10171472,2026-06-01,Brazil,Amazon,60.0,6427.0
tt10171472,2026-05-01,Colombia,Amazon,18.0,2015.0
tt10171472,2026-06-01,Colombia,Amazon,24.0,2720.0
tt10171472,2026-05-01,Mexico,Amazon,170.0,19216.0
tt10172266,2026-05-01,Brazil,Amazon,103.0,1495.0
tt10172266,2026-06-01,Brazil,Amazon,74.0,8424.0
tt10172266,2026-05-01,Colombia,Amazon,20.0,2527.0
tt10172266,2026-06-01,Colombia,Amazon,22.0,2706.0
tt10172266,2026-05-01,Mexico,Amazon,50.0,2712.0
tt10172266,2026-06-01,Mexico,Amazon,44.0,4314.0
tt10243672,2026-05-01,Argentina,Netflix,11.0,201.0
tt10243672,2026-05-01,Brazil,Netflix,78.0,2917.0
tt10243672,2026-05-01,Colombia,Netflix,6.0,863.0
tt10243672,2026-06-01,Colombia,Netflix,3.0,419.0
tt10243672,2026-05-01,Mexico,Netflix,12.0,1478.0
tt10243672,2026-06-01,Mexico,Netflix,32.0,3566.0
tt10245072,2026-06-01,Argentina,HBO Max,25.0,1147.0
tt10245072,2026-05-01,Brazil,HBO Max,3.0,340.0
tt10245072,2026-06-01,Brazil,HBO Max,29.0,3174.0
tt10245072,2026-05-01,Colombia,HBO Max,4.0,4.0
tt10245072,2026-06-01,Colombia,HBO Max,9.0,1044.0
tt10245072,2026-06-01,Mexico,HBO Max,100.0,5495.0
tt10275534,2026-05-01,Argentina,Amazon,32.0,1918.0
tt10275534,2026-06-01,Argentina,Amazon,8.0,920.0
tt10275534,2026-05-01,Argentina,HBO Max,9.0,1186.0
tt10275534,2026-06-01,Argentina,HBO Max,13.0,367.0
tt10275534,2026-05-01,Brazil,Amazon,26.0,2893.0
tt10275534,2026-06-01,Brazil,Amazon,7.0,799.0
tt10275534,2026-06-01,Brazil,HBO Max,45.0,3195.0
tt10275534,2026-05-01,Colombia,Amazon,5.0,6.0
tt10275534,2026-06-01,Colombia,Amazon,4.0,522.0
tt10275534,2026-05-01,Colombia,HBO Max,6.0,478.0
tt10275534,2026-06-01,Colombia,HBO Max,13.0,1579.0
tt10279472,2026-06-01,Argentina,Amazon,12.0,1297.0
tt10279472,2026-05-01,Brazil,Amazon,26.0,2728.0
tt10279472,2026-05-01,Brazil,HBO Max,69.0,4495.0
tt10279472,2026-06-01,Brazil,HBO Max,32.0,619.0
tt10279472,2026-05-01,Colombia,Amazon,6.0,645.0
tt10279472,2026-05-01,Colombia,HBO Max,4.0,142.0
tt10279472,2026-06-01,Colombia,HBO Max,7.0,270.0
tt10279472,2026-05-01,Mexico,HBO Max,7.0,778.0
tt10279472,2026-06-01,Mexico,HBO Max,55.0,4542.0
tt10365912,2026-05-01,Argentina,HBO Max,3.0,4.0
tt10365912,2026-06-01,Argentina,HBO Max,13.0,41.0
tt10365912,2026-05-01,Brazil,HBO Max,63.0,6988.0
tt10365912,2026-06-01,Brazil,HBO Max,41.0,3695.0
tt10365912,2026-05-01,Colombia,HBO Max,1.0,7.0
tt10365912,2026-06-01,Colombia,HBO Max,1.0,158.0
tt10365912,2026-06-01,Mexico,HBO Max,56.0,3427.0
tt10442352,2026-05-01,Argentina,Netflix,20.0,1451.0
tt10442352,2026-06-01,Argentina,Netflix,31.0,1942.0
tt10442352,2026-05-01,Brazil,Netflix,93.0,4121.0
tt10442352,2026-06-01,Brazil,Netflix,96.0,6666.0
tt10442352,2026-05-01,Colombia,Netflix,23.0,1558.0
tt10442352,2026-06-01,Colombia,Netflix,34.0,1364.0
tt10442352,2026-05-01,Mexico,Netflix,46.0,2678.0
tt10442352,2026-06-01,Mexico,Netflix,92.0,7690.0
tt10545296,2026-05-01,Argentina,Netflix,40.0,4432.0
tt10545296,2026-06-01,Argentina,Netflix,12.0,1884.0
tt10545296,2026-05-01,Colombia,Netflix,24.0,3592.0
tt10545296,2026-06-01,Colombia,Netflix,32.0,2356.0
tt10545296,2026-05-01,Mexico,Netflix,46.0,6372.0
tt10545296,2026-06-01,Mexico,Netflix,77.0,6269.0
tt10548174,2026-05-01,Argentina,HBO Max,22.0,1329.0
tt10548174,2026-05-01,Brazil,HBO Max,13.0,1538.0
tt10548174,2026-06-01,Brazil,HBO Max,4.0,1.0
tt10548174,2026-05-01,Colombia,HBO Max,48.0,2332.0
tt10548174,2026-06-01,Colombia,HBO Max,25.0,2932.0
tt10548174,2026-05-01,Mexico,HBO Max,179.0,8576.0
tt10548174,2026-06-01,Mexico,HBO Max,51.0,322.0
tt10655524,2026-05-01,Argentina,Amazon,36.0,4502.0
tt10655524,2026-06-01,Argentina,Amazon,74.0,7255.0
tt10655524,2026-05-01,Brazil,Amazon,104.0,11603.0
tt10655524,2026-06-01,Brazil,Amazon,176.0,19509.0
tt10655524,2026-06-01,Brazil,Netflix,20.0,2577.0
tt10655524,2026-05-01,Colombia,Amazon,88.0,6914.0
tt10655524,2026-06-01,Colombia,Amazon,88.0,7252.0
tt10655524,2026-06-01,Colombia,Netflix,3.0,412.0
tt10655524,2026-05-01,Mexico,Amazon,284.0,25246.0
tt10655524,2026-06-01,Mexico,Amazon,135.0,13523.0
tt10655524,2026-05-01,Mexico,Netflix,8.0,19.0
tt10676048,2026-06-01,Argentina,Disney+,13.0,363.0
tt10676048,2026-05-01,Brazil,Disney+,59.0,5990.0
tt10676048,2026-06-01,Brazil,Disney+,29.0,3131.0
tt10676048,2026-05-01,Colombia,Disney+,7.0,776.0
tt10676048,2026-06-01,Colombia,Disney+,26.0,2471.0
tt10676048,2026-05-01,Mexico,Disney+,9.0,1058.0
tt10676048,2026-06-01,Mexico,Disney+,52.0,1946.0
tt10676052,2026-05-01,Argentina,Disney+,25.0,2837.0
tt10676052,2026-06-01,Argentina,Disney+,15.0,1813.0
tt10676052,2026-05-01,Brazil,Disney+,93.0,8660.0
tt10676052,2026-06-01,Brazil,Disney+,149.0,8969.0
tt10676052,2026-05-01,Colombia,Disney+,33.0,1222.0
tt10676052,2026-06-01,Colombia,Disney+,75.0,6906.0
tt10676052,2026-05-01,Mexico,Disney+,163.0,13347.0
tt10676052,2026-06-01,Mexico,Disney+,258.0,18281.0
tt10720352,2026-05-01,Argentina,Amazon,14.0,16.0
tt10720352,2026-06-01,Argentina,Amazon,16.0,1839.0
tt10720352,2026-05-01,Brazil,HBO Max,16.0,1333.0
tt10720352,2026-06-01,Colombia,Amazon,4.0,436.0
tt10720352,2026-06-01,Colombia,HBO Max,1.0,146.0
tt10720352,2026-05-01,Mexico,Amazon,39.0,4255.0
tt10720352,2026-06-01,Mexico,Amazon,26.0,2893.0
tt10954600,2026-05-01,Argentina,Disney+,12.0,1327.0
tt10954600,2026-06-01,Argentina,Disney+,19.0,2054.0
tt10954600,2026-05-01,Brazil,Disney+,65.0,8274.0
tt10954600,2026-05-01,Colombia,Disney+,16.0,1733.0
tt10954600,2026-06-01,Colombia,Disney+,27.0,1662.0
tt10954600,2026-05-01,Mexico,Disney+,8.0,1073.0
tt10954600,2026-06-01,Mexico,Disney+,22.0,2855.0
tt10954718,2026-05-01,Brazil,Amazon,61.0,375.0
tt10954718,2026-06-01,Brazil,Amazon,48.0,1948.0
tt10954718,2026-05-01,Colombia,HBO Max,16.0,1255.0
tt10954718,2026-06-01,Colombia,HBO Max,12.0,33.0
tt11057302,2026-05-01,Argentina,Amazon,7.0,872.0
tt11057302,2026-06-01,Argentina,Amazon,8.0,879.0
tt11057302,2026-05-01,Brazil,Amazon,159.0,13681.0
tt11057302,2026-06-01,Brazil,Amazon,26.0,3003.0
tt11057302,2026-05-01,Colombia,Amazon,20.0,2355.0
tt11057302,2026-06-01,Colombia,Amazon,13.0,1507.0
tt11057302,2026-05-01,Mexico,Amazon,108.0,11674.0
tt11057302,2026-06-01,Mexico,Amazon,93.0,7718.0
tt11068094,2026-05-01,Brazil,Amazon,163.0,13109.0
tt11068094,2026-06-01,Brazil,Amazon,34.0,4285.0
tt11068094,2026-05-01,Colombia,Amazon,7.0,4.0
tt11068094,2026-05-01,Mexico,Amazon,35.0,3.0
tt11092020,2026-05-01,Brazil,Amazon,35.0,3772.0
tt11092020,2026-06-01,Brazil,Amazon,29.0,3051.0
tt11092020,2026-05-01,Colombia,Amazon,46.0,4933.0
tt11092020,2026-06-01,Colombia,Amazon,22.0,2493.0
tt11092020,2026-05-01,Mexico,Amazon,58.0,6155.0
tt11097384,2026-05-01,Argentina,Netflix,55.0,3997.0
tt11097384,2026-06-01,Brazil,Netflix,81.0,5128.0
tt11097384,2026-05-01,Colombia,Netflix,16.0,582.0
tt11097384,2026-06-01,Colombia,Netflix,3.0,195.0
tt11097384,2026-05-01,Mexico,Netflix,4.0,137.0
tt11097384,2026-06-01,Mexico,Netflix,7.0,419.0
tt1121948,2026-06-01,Argentina,Netflix,745.0,67160.0
tt1121948,2026-05-01,Brazil,Netflix,173.0,11339.0
tt1121948,2026-06-01,Brazil,Netflix,208.0,19095.0
tt1121948,2026-06-01,Colombia,Netflix,964.0,84701.0
tt1121948,2026-06-01,Mexico,Netflix,1635.0,145923.0
tt11301886,2026-05-01,Argentina,Netflix,21.0,2820.0
tt11301886,2026-06-01,Argentina,Netflix,21.0,1950.0
tt11301886,2026-05-01,Brazil,Netflix,46.0,5166.0
tt11301886,2026-06-01,Brazil,Netflix,36.0,3273.0
tt11301886,2026-05-01,Colombia,Netflix,42.0,4796.0
tt11301886,2026-06-01,Colombia,Netflix,28.0,3469.0
tt11301886,2026-05-01,Mexico,Netflix,88.0,10283.0
tt11301886,2026-06-01,Mexico,Netflix,8.0,166.0
tt11304740,2026-05-01,Argentina,Disney+,16.0,1732.0
tt11304740,2026-06-01,Argentina,Disney+,22.0,1195.0
tt11304740,2026-05-01,Brazil,Disney+,33.0,1470.0
tt11304740,2026-06-01,Brazil,Disney+,149.0,2784.0
tt11304740,2026-05-01,Colombia,Disney+,30.0,1733.0
tt11304740,2026-06-01,Colombia,Disney+,18.0,1305.0
tt11304740,2026-05-01,Mexico,Disney+,35.0,321.0
tt11304740,2026-06-01,Mexico,Disney+,66.0,5942.0
tt11315808,2026-05-01,Argentina,Netflix,28.0,2957.0
tt11315808,2026-06-01,Argentina,Netflix,22.0,3128.0
tt11315808,2026-05-01,Brazil,Netflix,46.0,5197.0
tt11315808,2026-06-01,Brazil,Netflix,63.0,7628.0
tt11315808,2026-05-01,Colombia,Netflix,35.0,4284.0
tt11315808,2026-06-01,Colombia,Netflix,35.0,2798.0
tt11315808,2026-05-01,Mexico,Netflix,92.0,6732.0
tt11315808,2026-06-01,Mexico,Netflix,38.0,1228.0
tt1136617,2026-05-01,Argentina,Netflix,17.0,1345.0
tt1136617,2026-06-01,Argentina,Netflix,27.0,1365.0
tt1136617,2026-05-01,Brazil,Netflix,123.0,10865.0
tt1136617,2026-06-01,Brazil,Netflix,24.0,3000.0
tt1136617,2026-05-01,Colombia,Netflix,14.0,570.0
tt1136617,2026-06-01,Colombia,Netflix,16.0,1371.0
tt1136617,2026-05-01,Mexico,Netflix,164.0,16292.0
tt1136617,2026-06-01,Mexico,Netflix,14.0,1783.0
tt11389872,2026-05-01,Argentina,Disney+,6.0,765.0
tt11389872,2026-06-01,Argentina,Disney+,4.0,732.0
tt11389872,2026-05-01,Brazil,Disney+,14.0,144.0
tt11389872,2026-06-01,Brazil,Disney+,29.0,4048.0
tt11389872,2026-05-01,Colombia,Disney+,8.0,1288.0
tt11389872,2026-06-01,Colombia,Disney+,9.0,1116.0
tt11389872,2026-05-01,Mexico,Disney+,3.0,487.0
tt11563598,2026-05-01,Brazil,Disney+,31.0,226.0
tt11563598,2026-05-01,Colombia,Disney+,34.0,3269.0
tt11563598,2026-05-01,Mexico,Disney+,1.0,259.0
tt11563598,2026-06-01,Mexico,Disney+,22.0,3309.0
tt11655566,2026-05-01,Argentina,Disney+,52.0,5063.0
tt11655566,2026-06-01,Argentina,Disney+,61.0,4356.0
tt11655566,2026-05-01,Brazil,Disney+,286.0,23069.0
tt11655566,2026-06-01,Brazil,Disney+,191.0,13766.0
tt11655566,2026-05-01,Colombia,Disney+,69.0,5809.0
tt11655566,2026-06-01,Colombia,Disney+,79.0,6357.0
tt11655566,2026-05-01,Mexico,Disney+,227.0,19008.0
tt11655566,2026-06-01,Mexico,Disney+,382.0,20158.0
tt11724920,2026-05-01,Argentina,Netflix,18.0,877.0
tt11724920,2026-06-01,Argentina,Netflix,35.0,2333.0
tt11724920,2026-06-01,Brazil,Netflix,58.0,4447.0
tt11724920,2026-05-01,Colombia,Netflix,30.0,2811.0
tt11724920,2026-06-01,Colombia,Netflix,19.0,1034.0
tt11724920,2026-05-01,Mexico,Netflix,19.0,479.0
tt11724920,2026-06-01,Mexico,Netflix,36.0,1588.0
tt11773426,2026-05-01,Brazil,Netflix,14.0,27.0
tt11773426,2026-06-01,Brazil,Netflix,13.0,12.0
tt11773426,2026-06-01,Colombia,Netflix,3.0,29.0
tt11908172,2026-05-01,Argentina,Netflix,168.0,13930.0
tt11908172,2026-06-01,Argentina,Netflix,16.0,1512.0
tt11908172,2026-05-01,Colombia,Netflix,47.0,3263.0
tt11908172,2026-05-01,Mexico,Netflix,45.0,3222.0
tt11908172,2026-06-01,Mexico,Netflix,54.0,5383.0
tt11951276,2026-05-01,Argentina,Amazon,12.0,1127.0
tt11951276,2026-06-01,Argentina,Amazon,13.0,1163.0
tt11951276,2026-05-01,Brazil,Amazon,120.0,10464.0
tt11951276,2026-06-01,Brazil,Amazon,7.0,3.0
tt11951276,2026-05-01,Colombia,Amazon,4.0,0.0
tt11951276,2026-05-01,Mexico,Amazon,32.0,1718.0
tt11951276,2026-06-01,Mexico,Amazon,5.0,200.0
tt12001534,2026-05-01,Argentina,Netflix,50.0,3383.0
tt12001534,2026-06-01,Argentina,Netflix,38.0,2534.0
tt12001534,2026-05-01,Brazil,Netflix,184.0,20433.0
tt12001534,2026-06-01,Brazil,Netflix,111.0,4834.0
tt12001534,2026-05-01,Colombia,Netflix,38.0,4594.0
tt12001534,2026-06-01,Colombia,Netflix,19.0,2371.0
tt12001534,2026-05-01,Mexico,Netflix,82.0,9746.0
tt12001534,2026-06-01,Mexico,Netflix,16.0,2071.0
tt1200263,2026-05-01,Argentina,Netflix,7.0,1094.0
tt1200263,2026-05-01,Brazil,HBO Max,34.0,132.0
tt1200263,2026-06-01,Brazil,HBO Max,33.0,4623.0
tt1200263,2026-06-01,Brazil,Netflix,19.0,2570.0
tt1200263,2026-06-01,Colombia,HBO Max,4.0,72.0
tt1200263,2026-05-01,Colombia,Netflix,3.0,28.0
tt1200263,2026-05-01,Mexico,Netflix,34.0,737.0
tt12037194,2026-05-01,Argentina,Netflix,40.0,5806.0
tt12037194,2026-06-01,Argentina,Netflix,8.0,669.0
tt12037194,2026-06-01,Brazil,HBO Max,8.0,19.0
tt12037194,2026-05-01,Brazil,Netflix,135.0,15043.0
tt12037194,2026-06-01,Brazil,Netflix,24.0,1339.0
tt12037194,2026-05-01,Colombia,HBO Max,1.0,140.0
tt12037194,2026-06-01,Colombia,HBO Max,12.0,1787.0
tt12037194,2026-05-01,Colombia,Netflix,43.0,3226.0
tt12037194,2026-06-01,Colombia,Netflix,33.0,4069.0
tt12037194,2026-05-01,Mexico,Netflix,66.0,7704.0
tt12037194,2026-06-01,Mexico,Netflix,45.0,5757.0
tt12226632,2026-05-01,Argentina,Netflix,30.0,4105.0
tt12226632,2026-06-01,Argentina,Netflix,19.0,2102.0
tt12226632,2026-05-01,Brazil,Netflix,17.0,2256.0
tt12226632,2026-05-01,Colombia,Netflix,23.0,3005.0
tt12226632,2026-06-01,Colombia,Netflix,19.0,1997.0
tt12226632,2026-05-01,Mexico,Netflix,96.0,8085.0
tt12226632,2026-06-01,Mexico,Netflix,85.0,8906.0
tt12261776,2026-05-01,Argentina,Netflix,35.0,3313.0
tt12261776,2026-06-01,Argentina,Netflix,20.0,1933.0
tt12261776,2026-05-01,Brazil,Netflix,128.0,9268.0
tt12261776,2026-06-01,Brazil,Netflix,51.0,4216.0
tt12261776,2026-05-01,Colombia,Netflix,3.0,315.0
tt12261776,2026-06-01,Colombia,Netflix,38.0,2596.0
tt12261776,2026-05-01,Mexico,Netflix,96.0,8572.0
tt12261776,2026-06-01,Mexico,Netflix,46.0,3695.0
tt12263384,2026-05-01,Argentina,Netflix,64.0,4906.0
tt12263384,2026-06-01,Argentina,Netflix,15.0,1775.0
tt12263384,2026-05-01,Brazil,Netflix,112.0,7358.0
tt12263384,2026-06-01,Brazil,Netflix,51.0,5182.0
tt12263384,2026-05-01,Colombia,Netflix,28.0,3402.0
tt12263384,2026-06-01,Colombia,Netflix,50.0,3779.0
tt12263384,2026-05-01,Mexico,Netflix,162.0,18483.0
tt12263384,2026-06-01,Mexico,Netflix,99.0,9522.0
tt12299608,2026-05-01,Argentina,HBO Max,26.0,3600.0
tt12299608,2026-05-01,Brazil,HBO Max,39.0,5097.0
tt12299608,2026-05-01,Colombia,HBO Max,26.0,1984.0
tt12299608,2026-06-01,Colombia,HBO Max,3.0,440.0
tt12299608,2026-05-01,Mexico,HBO Max,63.0,4645.0
tt12299608,2026-06-01,Mexico,HBO Max,28.0,3663.0
tt12300742,2026-05-01,Brazil,Amazon,391.0,42627.0
tt12300742,2026-06-01,Brazil,Amazon,973.0,103192.0
tt12573480,2026-06-01,Argentina,Disney+,6.0,592.0
tt12573480,2026-06-01,Brazil,Disney+,4.0,14.0
tt12573480,2026-06-01,Colombia,Disney+,6.0,190.0
tt12573480,2026-05-01,Mexico,Disney+,6.0,606.0
tt12573480,2026-06-01,Mexico,Disney+,1.0,179.0
tt12584954,2026-05-01,Argentina,Netflix,31.0,3677.0
tt12584954,2026-06-01,Argentina,Netflix,9.0,1083.0
tt12584954,2026-05-01,Brazil,Amazon,54.0,6416.0
tt12584954,2026-06-01,Brazil,HBO Max,35.0,1797.0
tt12584954,2026-05-01,Brazil,Netflix,90.0,8750.0
tt12584954,2026-06-01,Brazil,Netflix,92.0,8828.0
tt12584954,2026-06-01,Colombia,HBO Max,4.0,505.0
tt12584954,2026-05-01,Colombia,Netflix,17.0,1910.0
tt12584954,2026-06-01,Colombia,Netflix,19.0,1846.0
tt12584954,2026-06-01,Mexico,Amazon,28.0,2279.0
tt12584954,2026-05-01,Mexico,HBO Max,13.0,922.0
tt12584954,2026-06-01,Mexico,HBO Max,7.0,917.0
tt12584954,2026-05-01,Mexico,Netflix,239.0,26878.0
tt12584954,2026-06-01,Mexico,Netflix,132.0,13241.0
tt12610390,2026-05-01,Argentina,Netflix,74.0,7127.0
tt12610390,2026-06-01,Argentina,Netflix,18.0,463.0
tt12610390,2026-05-01,Brazil,Netflix,226.0,17497.0
tt12610390,2026-06-01,Brazil,Netflix,48.0,2974.0
tt12610390,2026-05-01,Colombia,Netflix,53.0,4677.0
tt12610390,2026-06-01,Colombia,Netflix,42.0,3930.0
tt12610390,2026-05-01,Mexico,Netflix,98.0,9094.0
tt12610390,2026-06-01,Mexico,Netflix,60.0,6254.0
tt12619462,2026-05-01,Argentina,Disney+,20.0,72.0
tt12619462,2026-06-01,Argentina,Disney+,12.0,45.0
tt12619462,2026-05-01,Brazil,Disney+,10.0,1206.0
tt12619462,2026-06-01,Brazil,Disney+,198.0,698.0
tt12619462,2026-05-01,Colombia,Disney+,19.0,485.0
tt12619462,2026-06-01,Colombia,Disney+,42.0,2198.0
tt12619462,2026-05-01,Mexico,Disney+,13.0,128.0
tt12619462,2026-06-01,Mexico,Disney+,101.0,1251.0
tt1262426,2026-05-01,Argentina,HBO Max,24.0,586.0
tt1262426,2026-05-01,Brazil,Amazon,293.0,34976.0
tt1262426,2026-06-01,Brazil,Amazon,241.0,32946.0
tt1262426,2026-05-01,Colombia,Amazon,5.0,942.0
tt1262426,2026-06-01,Colombia,Amazon,4.0,773.0
tt1262426,2026-05-01,Colombia,HBO Max,31.0,1727.0
tt1262426,2026-06-01,Colombia,HBO Max,4.0,12.0
tt1262426,2026-05-01,Mexico,HBO Max,81.0,11234.0
tt1262426,2026-06-01,Mexico,HBO Max,13.0,1046.0
tt12672536,2026-05-01,Argentina,Netflix,21.0,995.0
tt12672536,2026-06-01,Argentina,Netflix,7.0,960.0
tt12672536,2026-06-01,Colombia,Netflix,7.0,534.0
tt12672536,2026-06-01,Mexico,Netflix,6.0,732.0
tt12672620,2026-05-01,Argentina,Netflix,20.0,1080.0
tt12672620,2026-06-01,Argentina,Netflix,7.0,852.0
tt12672620,2026-06-01,Mexico,Netflix,13.0,1409.0
tt12736014,2026-05-01,Brazil,Netflix,8.0,872.0
tt12736014,2026-06-01,Brazil,Netflix,8.0,833.0
tt12736014,2026-06-01,Colombia,Netflix,3.0,361.0
tt12810074,2026-05-01,Argentina,Disney+,23.0,597.0
tt12810074,2026-05-01,Colombia,Disney+,95.0,3752.0
tt12810074,2026-06-01,Colombia,Disney+,4.0,204.0
tt12810074,2026-05-01,Mexico,Disney+,13.0,1332.0
tt12810074,2026-06-01,Mexico,Disney+,95.0,5571.0
tt12930350,2026-05-01,Argentina,Amazon,29.0,2277.0
tt12930350,2026-06-01,Argentina,Amazon,17.0,857.0
tt12930350,2026-05-01,Brazil,Amazon,80.0,5202.0
tt12930350,2026-06-01,Brazil,Amazon,79.0,8747.0
tt12930350,2026-06-01,Colombia,Amazon,16.0,1800.0
tt12930350,2026-05-01,Mexico,Amazon,13.0,1481.0
tt12930350,2026-06-01,Mexico,Amazon,5.0,586.0
tt12964320,2026-05-01,Argentina,Amazon,17.0,1822.0
tt12964320,2026-06-01,Argentina,Amazon,41.0,4231.0
tt12964320,2026-05-01,Brazil,Amazon,30.0,3081.0
tt12964320,2026-06-01,Brazil,Amazon,7.0,769.0
tt12964320,2026-06-01,Colombia,Amazon,11.0,1191.0
tt12965390,2026-05-01,Brazil,Amazon,31.0,2764.0
tt12965390,2026-06-01,Brazil,Amazon,10.0,933.0
tt12965390,2026-06-01,Mexico,Amazon,16.0,800.0
tt12972134,2026-05-01,Brazil,Amazon,44.0,1813.0
tt12972134,2026-05-01,Colombia,Amazon,5.0,508.0
tt12972134,2026-06-01,Colombia,Amazon,11.0,1060.0
tt12972134,2026-05-01,Mexico,Amazon,34.0,745.0
tt12972134,2026-06-01,Mexico,Amazon,8.0,712.0
tt13098590,2026-05-01,Brazil,HBO Max,48.0,3752.0
tt13098590,2026-06-01,Brazil,HBO Max,8.0,26.0
tt13098590,2026-05-01,Colombia,HBO Max,25.0,1257.0
tt13098590,2026-06-01,Colombia,HBO Max,5.0,58.0
tt13098590,2026-05-01,Mexico,HBO Max,6.0,570.0
tt13098590,2026-06-01,Mexico,HBO Max,50.0,1262.0
tt1312221,2026-06-01,Argentina,HBO Max,8.0,42.0
tt1312221,2026-05-01,Argentina,Netflix,88.0,9796.0
tt1312221,2026-05-01,Brazil,Netflix,266.0,22259.0
tt1312221,2026-06-01,Brazil,Netflix,111.0,14337.0
tt1312221,2026-05-01,Colombia,Netflix,46.0,5684.0
tt1312221,2026-06-01,Colombia,Netflix,18.0,2698.0
tt1312221,2026-05-01,Mexico,Netflix,123.0,10032.0
tt1312221,2026-06-01,Mexico,Netflix,213.0,23449.0
tt13186306,2026-05-01,Argentina,Amazon,13.0,1159.0
tt13186306,2026-06-01,Argentina,Amazon,36.0,1200.0
tt13186306,2026-05-01,Brazil,Amazon,31.0,1110.0
tt13186306,2026-06-01,Brazil,Amazon,69.0,5260.0
tt13186306,2026-05-01,Mexico,Amazon,38.0,3475.0
tt13186306,2026-06-01,Mexico,Amazon,84.0,5651.0
tt13186482,2026-05-01,Argentina,Disney+,28.0,1404.0
tt13186482,2026-06-01,Argentina,Disney+,33.0,3390.0
tt13186482,2026-05-01,Brazil,Disney+,121.0,15196.0
tt13186482,2026-06-01,Brazil,Disney+,46.0,3967.0
tt13186482,2026-05-01,Colombia,Disney+,34.0,3414.0
tt13186482,2026-06-01,Colombia,Disney+,86.0,6421.0
tt13186482,2026-05-01,Mexico,Disney+,31.0,2689.0
tt13186482,2026-06-01,Mexico,Disney+,66.0,3719.0
tt13274016,2026-05-01,Argentina,Netflix,26.0,3378.0
tt13274016,2026-06-01,Argentina,Netflix,44.0,2431.0
tt13274016,2026-05-01,Brazil,Netflix,136.0,12874.0
tt13274016,2026-06-01,Brazil,Netflix,77.0,8623.0
tt13274016,2026-05-01,Colombia,Netflix,46.0,5302.0
tt13274016,2026-06-01,Colombia,Netflix,31.0,3457.0
tt13274016,2026-05-01,Mexico,Netflix,156.0,14284.0
tt13274016,2026-06-01,Mexico,Netflix,77.0,7513.0
tt13345606,2026-05-01,Argentina,HBO Max,14.0,69.0
tt13345606,2026-06-01,Argentina,HBO Max,6.0,584.0
tt13345606,2026-05-01,Brazil,HBO Max,13.0,1202.0
tt13345606,2026-06-01,Brazil,HBO Max,6.0,12.0
tt13345606,2026-05-01,Colombia,HBO Max,25.0,1809.0
tt13345606,2026-06-01,Colombia,HBO Max,13.0,1352.0
tt13345606,2026-06-01,Mexico,Amazon,9.0,835.0
tt13357520,2026-05-01,Argentina,Amazon,41.0,3466.0
tt13357520,2026-06-01,Argentina,Amazon,9.0,1055.0
tt13357520,2026-05-01,Brazil,Amazon,48.0,4343.0
tt13357520,2026-06-01,Brazil,Amazon,74.0,4964.0
tt13357520,2026-05-01,Colombia,Amazon,67.0,6236.0
tt13357520,2026-06-01,Colombia,Amazon,13.0,1534.0
tt13357520,2026-05-01,Mexico,Amazon,75.0,8457.0
tt13357520,2026-06-01,Mexico,Amazon,49.0,5837.0
tt13375076,2026-05-01,Argentina,Netflix,48.0,5124.0
tt13375076,2026-06-01,Argentina,Netflix,57.0,5918.0
tt13375076,2026-05-01,Brazil,Netflix,117.0,9468.0
tt13375076,2026-06-01,Brazil,Netflix,73.0,6620.0
tt13375076,2026-05-01,Colombia,Netflix,36.0,2916.0
tt13375076,2026-06-01,Colombia,Netflix,59.0,4012.0
tt13375076,2026-05-01,Mexico,Netflix,129.0,10465.0
tt13375076,2026-06-01,Mexico,Netflix,39.0,4025.0
tt13429870,2026-05-01,Colombia,Amazon,12.0,612.0
tt13429870,2026-05-01,Mexico,Amazon,10.0,515.0
tt13429870,2026-06-01,Mexico,Amazon,19.0,1914.0
tt13452446,2026-05-01,Argentina,Netflix,6.0,698.0
tt13452446,2026-06-01,Argentina,Netflix,49.0,4689.0
tt13452446,2026-05-01,Brazil,Netflix,113.0,11034.0
tt13452446,2026-06-01,Brazil,Netflix,185.0,12319.0
tt13452446,2026-05-01,Colombia,Netflix,68.0,4387.0
tt13452446,2026-06-01,Colombia,Netflix,48.0,4295.0
tt13452446,2026-05-01,Mexico,Netflix,82.0,6925.0
tt13452446,2026-06-01,Mexico,Netflix,192.0,16717.0
tt13521006,2026-05-01,Argentina,Amazon,24.0,4348.0
tt13521006,2026-05-01,Colombia,Amazon,10.0,1932.0
tt13521006,2026-06-01,Colombia,Amazon,5.0,598.0
tt13521006,2026-05-01,Mexico,Amazon,29.0,5208.0
tt13622970,2026-05-01,Argentina,Disney+,63.0,5184.0
tt13622970,2026-06-01,Argentina,Disney+,32.0,2399.0
tt13622970,2026-05-01,Brazil,Disney+,281.0,22877.0
tt13622970,2026-06-01,Brazil,Disney+,350.0,16396.0
tt13622970,2026-05-01,Colombia,Disney+,67.0,6003.0
tt13622970,2026-06-01,Colombia,Disney+,155.0,11452.0
tt13622970,2026-05-01,Mexico,Disney+,369.0,29217.0
tt13622970,2026-06-01,Mexico,Disney+,327.0,25524.0
tt13650700,2026-06-01,Argentina,HBO Max,13.0,284.0
tt13650700,2026-05-01,Brazil,HBO Max,49.0,4588.0
tt13650700,2026-06-01,Brazil,HBO Max,3.0,351.0
tt13650700,2026-05-01,Colombia,HBO Max,19.0,1888.0
tt13650742,2026-06-01,Brazil,Disney+,5.0,577.0
tt13650742,2026-05-01,Colombia,Disney+,4.0,464.0
tt13650742,2026-05-01,Mexico,Disney+,30.0,3321.0
tt13650742,2026-06-01,Mexico,Disney+,8.0,882.0
tt13650814,2026-05-01,Argentina,Netflix,179.0,16811.0
tt13650814,2026-06-01,Argentina,Netflix,16.0,1539.0
tt13650814,2026-05-01,Brazil,Netflix,417.0,26874.0
tt13650814,2026-06-01,Brazil,Netflix,20.0,154.0
tt13650814,2026-05-01,Colombia,Netflix,123.0,7684.0
tt13650814,2026-06-01,Colombia,Netflix,4.0,29.0
tt13650814,2026-05-01,Mexico,Netflix,198.0,18101.0
tt13650814,2026-06-01,Mexico,Netflix,7.0,704.0
tt13651794,2026-05-01,Brazil,Amazon,148.0,8964.0
tt13651794,2026-06-01,Brazil,Amazon,44.0,5416.0
tt13651794,2026-06-01,Colombia,Amazon,4.0,557.0
tt13651794,2026-06-01,Mexico,Amazon,47.0,5325.0
tt13652286,2026-05-01,Argentina,Amazon,13.0,634.0
tt13652286,2026-06-01,Argentina,Amazon,8.0,807.0
tt13652286,2026-05-01,Brazil,Amazon,80.0,5902.0
tt13652286,2026-05-01,Colombia,Amazon,20.0,1684.0
tt13654226,2026-05-01,Brazil,Amazon,31.0,3698.0
tt13654226,2026-06-01,Brazil,Amazon,7.0,889.0
tt13818368,2026-05-01,Brazil,Netflix,30.0,823.0
tt13818368,2026-06-01,Brazil,Netflix,13.0,2075.0
tt13818368,2026-05-01,Colombia,Netflix,3.0,621.0
tt13818368,2026-05-01,Mexico,Netflix,55.0,5397.0
tt13866866,2026-05-01,Argentina,Amazon,14.0,1483.0
tt13866866,2026-06-01,Argentina,Amazon,24.0,2596.0
tt13964390,2026-05-01,Argentina,Netflix,11.0,1132.0
tt13964390,2026-06-01,Argentina,Netflix,21.0,2226.0
tt13964390,2026-05-01,Brazil,Netflix,14.0,1360.0
tt13964390,2026-06-01,Brazil,Netflix,87.0,7359.0
tt13964390,2026-05-01,Colombia,Netflix,6.0,234.0
tt13964390,2026-06-01,Colombia,Netflix,31.0,2091.0
tt13964390,2026-05-01,Mexico,Netflix,73.0,6913.0
tt13964390,2026-06-01,Mexico,Netflix,4.0,443.0
tt13964560,2026-05-01,Brazil,Amazon,51.0,4254.0
tt13964560,2026-06-01,Brazil,Amazon,38.0,3244.0
tt13964560,2026-06-01,Colombia,Amazon,9.0,817.0
tt13964560,2026-05-01,Mexico,Amazon,32.0,836.0
tt13964560,2026-06-01,Mexico,Amazon,109.0,6428.0
tt13978520,2026-05-01,Argentina,Netflix,19.0,1846.0
tt13978520,2026-06-01,Argentina,Netflix,22.0,2220.0
tt13978520,2026-05-01,Brazil,Netflix,55.0,4562.0
tt13978520,2026-06-01,Brazil,Netflix,45.0,104.0
tt13978520,2026-05-01,Colombia,Netflix,11.0,1180.0
tt13978520,2026-06-01,Colombia,Netflix,12.0,320.0
tt13978520,2026-05-01,Mexico,Netflix,31.0,2771.0
tt13978520,2026-06-01,Mexico,Netflix,45.0,876.0
tt14034294,2026-05-01,Argentina,Netflix,18.0,1775.0
tt14034294,2026-06-01,Argentina,Netflix,7.0,409.0
tt14034294,2026-05-01,Brazil,Netflix,17.0,1057.0
tt14034294,2026-06-01,Brazil,Netflix,8.0,343.0
tt14034294,2026-05-01,Colombia,Netflix,15.0,1401.0
tt14034294,2026-06-01,Colombia,Netflix,9.0,345.0
tt14034294,2026-05-01,Mexico,Netflix,39.0,3208.0
tt14034294,2026-06-01,Mexico,Netflix,11.0,1072.0
tt14088510,2026-05-01,Argentina,Amazon,34.0,2495.0
tt14088510,2026-06-01,Argentina,Amazon,17.0,1430.0
tt14088510,2026-05-01,Brazil,Amazon,97.0,3911.0
tt14088510,2026-06-01,Brazil,Amazon,10.0,113.0
tt14088510,2026-05-01,Colombia,Amazon,8.0,566.0
tt14088510,2026-06-01,Colombia,Amazon,25.0,1306.0
tt14088510,2026-05-01,Mexico,Amazon,166.0,5029.0
tt14088510,2026-06-01,Mexico,Amazon,36.0,2389.0
tt14107334,2026-05-01,Brazil,Amazon,19.0,2596.0
tt14107334,2026-06-01,Brazil,Amazon,29.0,3756.0
tt14123284,2026-05-01,Argentina,Netflix,130.0,7161.0
tt14123284,2026-06-01,Argentina,Netflix,92.0,7022.0
tt14123284,2026-05-01,Brazil,Netflix,236.0,15646.0
tt14123284,2026-06-01,Brazil,Netflix,241.0,19607.0
tt14123284,2026-05-01,Colombia,Netflix,103.0,7691.0
tt14123284,2026-06-01,Colombia,Netflix,32.0,2626.0
tt14123284,2026-05-01,Mexico,Netflix,167.0,12160.0
tt14123284,2026-06-01,Mexico,Netflix,66.0,6000.0
tt14142060,2026-05-01,Argentina,Disney+,71.0,7116.0
tt14142060,2026-06-01,Argentina,Disney+,25.0,1478.0
tt14142060,2026-05-01,Brazil,Disney+,155.0,14675.0
tt14142060,2026-06-01,Brazil,Disney+,58.0,6481.0
tt14142060,2026-05-01,Colombia,Disney+,69.0,6982.0
tt14142060,2026-06-01,Colombia,Disney+,43.0,4990.0
tt14142060,2026-05-01,Mexico,Disney+,233.0,22687.0
tt14142060,2026-06-01,Mexico,Disney+,75.0,4378.0
tt14181714,2026-05-01,Argentina,Amazon,15.0,826.0
tt14181714,2026-06-01,Argentina,Amazon,19.0,2047.0
tt14181714,2026-05-01,Brazil,Amazon,60.0,6299.0
tt14181714,2026-06-01,Brazil,Amazon,133.0,14143.0
tt14181714,2026-05-01,Colombia,Amazon,28.0,3018.0
tt14181714,2026-06-01,Colombia,Amazon,9.0,992.0
tt14181714,2026-05-01,Mexico,Amazon,30.0,57.0
tt14205554,2026-05-01,Argentina,Netflix,274.0,17054.0
tt14205554,2026-06-01,Argentina,Netflix,271.0,17729.0
tt14205554,2026-05-01,Brazil,Netflix,897.0,52179.0
tt14205554,2026-06-01,Brazil,Netflix,939.0,53264.0
tt14205554,2026-05-01,Colombia,Netflix,219.0,15580.0
tt14205554,2026-06-01,Colombia,Netflix,344.0,21656.0
tt14205554,2026-05-01,Mexico,Netflix,1334.0,84835.0
tt14205554,2026-06-01,Mexico,Netflix,1352.0,77456.0
tt14225838,2026-06-01,Brazil,Amazon,48.0,5903.0
tt14225838,2026-05-01,Mexico,Amazon,29.0,352.0
tt14225838,2026-06-01,Mexico,Amazon,19.0,2315.0
tt14227048,2026-06-01,Argentina,Netflix,13.0,1451.0
tt14227048,2026-05-01,Brazil,Netflix,22.0,1232.0
tt14227048,2026-06-01,Brazil,Netflix,36.0,3673.0
tt14227048,2026-05-01,Colombia,Netflix,22.0,2163.0
tt14227048,2026-06-01,Colombia,Netflix,40.0,2656.0
tt14227048,2026-05-01,Mexico,Netflix,48.0,3240.0
tt14227048,2026-06-01,Mexico,Netflix,4.0,186.0
tt14338246,2026-05-01,Argentina,Netflix,22.0,31.0
tt14338246,2026-06-01,Argentina,Netflix,39.0,1080.0
tt14338246,2026-05-01,Brazil,Netflix,8.0,36.0
tt14338246,2026-06-01,Brazil,Netflix,58.0,8587.0
tt14338246,2026-05-01,Colombia,Netflix,15.0,2165.0
tt14338246,2026-06-01,Colombia,Netflix,17.0,2534.0
tt14338246,2026-05-01,Mexico,Netflix,83.0,2653.0
tt14338246,2026-06-01,Mexico,Netflix,44.0,5265.0
tt14351082,2026-05-01,Argentina,Netflix,29.0,3645.0
tt14351082,2026-05-01,Brazil,Netflix,21.0,2843.0
tt14351082,2026-06-01,Brazil,Netflix,21.0,1160.0
tt14351082,2026-06-01,Colombia,Netflix,3.0,548.0
tt14351082,2026-05-01,Mexico,Netflix,19.0,2594.0
tt14351082,2026-06-01,Mexico,Netflix,8.0,778.0
tt14362112,2026-05-01,Argentina,Netflix,62.0,4141.0
tt14362112,2026-06-01,Argentina,Netflix,13.0,1319.0
tt14362112,2026-05-01,Colombia,Netflix,44.0,2954.0
tt14362112,2026-06-01,Colombia,Netflix,139.0,11478.0
tt14362112,2026-05-01,Mexico,Amazon,20.0,1660.0
tt14362112,2026-06-01,Mexico,Amazon,9.0,167.0
tt14362112,2026-05-01,Mexico,Netflix,134.0,10402.0
tt14362112,2026-06-01,Mexico,Netflix,251.0,19419.0
tt14364480,2026-05-01,Argentina,Netflix,77.0,5611.0
tt14364480,2026-06-01,Argentina,Netflix,80.0,7462.0
tt14364480,2026-05-01,Brazil,Netflix,269.0,26877.0
tt14364480,2026-06-01,Brazil,Netflix,164.0,20784.0
tt14364480,2026-05-01,Colombia,Netflix,29.0,4286.0
tt14364480,2026-06-01,Colombia,Netflix,42.0,4134.0
tt14364480,2026-05-01,Mexico,Netflix,175.0,21067.0
tt14364480,2026-06-01,Mexico,Netflix,118.0,9585.0
tt14371878,2026-05-01,Argentina,Netflix,38.0,3171.0
tt14371878,2026-06-01,Argentina,Netflix,69.0,4067.0
tt14371878,2026-05-01,Brazil,Netflix,74.0,6341.0
tt14371878,2026-06-01,Brazil,Netflix,112.0,8519.0
tt14371878,2026-05-01,Colombia,Netflix,22.0,863.0
tt14371878,2026-06-01,Colombia,Netflix,36.0,3292.0
tt14371878,2026-05-01,Mexico,Netflix,28.0,2768.0
tt14371878,2026-06-01,Mexico,Netflix,117.0,10826.0
tt14400246,2026-05-01,Argentina,Netflix,6.0,715.0
tt14400246,2026-05-01,Brazil,Netflix,37.0,449.0
tt14400246,2026-06-01,Brazil,Netflix,61.0,4129.0
tt14400246,2026-05-01,Colombia,Netflix,9.0,773.0
tt14400246,2026-06-01,Colombia,Netflix,3.0,348.0
tt14400246,2026-05-01,Mexico,Netflix,43.0,2839.0
tt14400246,2026-06-01,Mexico,Netflix,49.0,2325.0
tt14463514,2026-05-01,Argentina,Netflix,45.0,3716.0
tt14463514,2026-06-01,Argentina,Netflix,19.0,1157.0
tt14463514,2026-05-01,Brazil,Netflix,31.0,3005.0
tt14463514,2026-06-01,Brazil,Netflix,9.0,588.0
tt14463514,2026-05-01,Colombia,Netflix,16.0,339.0
tt14463514,2026-06-01,Colombia,Netflix,16.0,1241.0
tt14463514,2026-06-01,Mexico,Netflix,4.0,334.0
tt14509110,2026-06-01,Argentina,Disney+,4.0,455.0
tt14509110,2026-05-01,Brazil,Disney+,8.0,470.0
tt14509110,2026-06-01,Brazil,Disney+,20.0,1908.0
tt14509110,2026-05-01,Colombia,Disney+,17.0,1389.0
tt14509110,2026-06-01,Colombia,Disney+,13.0,37.0
tt14509110,2026-05-01,Mexico,Disney+,11.0,33.0
tt14509110,2026-06-01,Mexico,Disney+,10.0,132.0
tt14513804,2026-05-01,Argentina,Disney+,16.0,1852.0
tt14513804,2026-06-01,Argentina,Disney+,6.0,808.0
tt14513804,2026-05-01,Brazil,Disney+,11.0,1377.0
tt14513804,2026-06-01,Brazil,Disney+,58.0,4129.0
tt14513804,2026-05-01,Colombia,Disney+,20.0,1493.0
tt14513804,2026-06-01,Colombia,Disney+,33.0,1751.0
tt14513804,2026-05-01,Mexico,Disney+,79.0,5619.0
tt14513804,2026-06-01,Mexico,Disney+,9.0,1128.0
tt14537248,2026-06-01,Argentina,Amazon,13.0,0.0
tt14537248,2026-05-01,Brazil,Amazon,87.0,7394.0
tt14537248,2026-06-01,Brazil,Amazon,196.0,15243.0
tt14537248,2026-06-01,Mexico,Amazon,5.0,510.0
tt14539740,2026-05-01,Argentina,HBO Max,3.0,410.0
tt14539740,2026-06-01,Argentina,HBO Max,10.0,1200.0
tt14539740,2026-05-01,Argentina,Netflix,14.0,842.0
tt14539740,2026-06-01,Argentina,Netflix,88.0,8577.0
tt14539740,2026-05-01,Brazil,Amazon,99.0,10047.0
tt14539740,2026-06-01,Brazil,Amazon,91.0,8597.0
tt14539740,2026-05-01,Brazil,HBO Max,41.0,2898.0
tt14539740,2026-06-01,Brazil,HBO Max,10.0,1040.0
tt14539740,2026-05-01,Brazil,Netflix,113.0,12115.0
tt14539740,2026-06-01,Brazil,Netflix,165.0,14350.0
tt14539740,2026-06-01,Colombia,Amazon,4.0,450.0
tt14539740,2026-05-01,Colombia,HBO Max,7.0,572.0
tt14539740,2026-06-01,Colombia,HBO Max,3.0,196.0
tt14539740,2026-05-01,Colombia,Netflix,49.0,5039.0
tt14539740,2026-06-01,Colombia,Netflix,80.0,3595.0
tt14539740,2026-05-01,Mexico,Amazon,208.0,19737.0
tt14539740,2026-06-01,Mexico,Amazon,25.0,3014.0
tt14539740,2026-05-01,Mexico,Netflix,250.0,24309.0
tt14539740,2026-06-01,Mexico,Netflix,250.0,22238.0
tt14542504,2026-05-01,Argentina,Netflix,8.0,744.0
tt14542504,2026-05-01,Brazil,Netflix,9.0,161.0
tt14542504,2026-06-01,Brazil,Netflix,68.0,6149.0
tt14542504,2026-05-01,Colombia,Netflix,4.0,401.0
tt14542504,2026-06-01,Colombia,Netflix,4.0,153.0
tt14542504,2026-05-01,Mexico,Netflix,114.0,10188.0
tt14542504,2026-06-01,Mexico,Netflix,23.0,1125.0
tt14570440,2026-05-01,Argentina,Amazon,10.0,1180.0
tt14570440,2026-06-01,Argentina,Amazon,8.0,1062.0
tt14570440,2026-05-01,Colombia,Amazon,23.0,1834.0
tt14570440,2026-06-01,Colombia,Amazon,18.0,726.0
tt14570440,2026-05-01,Mexico,Amazon,85.0,8225.0
tt14570440,2026-06-01,Mexico,Amazon,5.0,8.0
tt14577874,2026-06-01,Argentina,Netflix,16.0,202.0
tt14577874,2026-05-01,Brazil,Netflix,54.0,4072.0
tt14577874,2026-06-01,Brazil,Netflix,8.0,921.0
tt14577874,2026-05-01,Colombia,Netflix,10.0,748.0
tt14577874,2026-06-01,Colombia,Netflix,7.0,828.0
tt14603848,2026-05-01,Argentina,Netflix,11.0,1500.0
tt14603848,2026-06-01,Argentina,Netflix,28.0,1753.0
tt14603848,2026-05-01,Brazil,Netflix,293.0,28908.0
tt14603848,2026-06-01,Brazil,Netflix,128.0,13387.0
tt14603848,2026-05-01,Colombia,Netflix,57.0,5849.0
tt14603848,2026-06-01,Colombia,Netflix,30.0,2119.0
tt14603848,2026-05-01,Mexico,Netflix,250.0,26921.0
tt14603848,2026-06-01,Mexico,Netflix,31.0,3840.0
tt1462764,2026-05-01,Argentina,Disney+,31.0,3089.0
tt1462764,2026-06-01,Argentina,Disney+,6.0,987.0
tt1462764,2026-05-01,Brazil,Disney+,45.0,630.0
tt1462764,2026-06-01,Brazil,Disney+,29.0,420.0
tt1462764,2026-05-01,Colombia,Disney+,30.0,1937.0
tt1462764,2026-06-01,Colombia,Disney+,22.0,2842.0
tt1462764,2026-05-01,Mexico,Disney+,55.0,8128.0
tt1462764,2026-06-01,Mexico,Disney+,33.0,1117.0
tt14633464,2026-05-01,Brazil,HBO Max,34.0,1297.0
tt14633464,2026-06-01,Brazil,HBO Max,25.0,1563.0
tt14670094,2026-06-01,Brazil,Amazon,36.0,2772.0
tt14670094,2026-05-01,Mexico,Amazon,39.0,2768.0
tt14670094,2026-06-01,Mexico,Amazon,14.0,884.0
tt14764464,2026-05-01,Argentina,Netflix,15.0,925.0
tt14764464,2026-06-01,Argentina,Netflix,14.0,753.0
tt14764464,2026-05-01,Brazil,Netflix,46.0,4514.0
tt14764464,2026-06-01,Brazil,Netflix,13.0,1230.0
tt14764464,2026-05-01,Colombia,Netflix,3.0,301.0
tt14764464,2026-06-01,Colombia,Netflix,16.0,1628.0
tt14764464,2026-05-01,Mexico,Netflix,26.0,1140.0
tt14764464,2026-06-01,Mexico,Netflix,8.0,398.0
tt14824600,2026-05-01,Argentina,Netflix,71.0,5990.0
tt14824600,2026-06-01,Argentina,Netflix,32.0,1862.0
tt14824600,2026-05-01,Brazil,HBO Max,39.0,504.0
tt14824600,2026-05-01,Brazil,Netflix,161.0,7763.0
tt14824600,2026-06-01,Brazil,Netflix,95.0,10213.0
tt14824600,2026-05-01,Colombia,HBO Max,22.0,2832.0
tt14824600,2026-05-01,Colombia,Netflix,25.0,3311.0
tt14824600,2026-06-01,Colombia,Netflix,34.0,3624.0
tt14824600,2026-05-01,Mexico,Netflix,59.0,3653.0
tt14824600,2026-06-01,Mexico,Netflix,71.0,4826.0
tt14826022,2026-05-01,Argentina,Netflix,40.0,915.0
tt14826022,2026-06-01,Argentina,Netflix,20.0,1514.0
tt14826022,2026-05-01,Brazil,Netflix,13.0,1524.0
tt14826022,2026-06-01,Brazil,Netflix,8.0,989.0
tt14826022,2026-05-01,Colombia,Netflix,9.0,743.0
tt14826022,2026-06-01,Colombia,Netflix,13.0,1761.0
tt14826022,2026-05-01,Mexico,Netflix,4.0,511.0
tt14826022,2026-06-01,Mexico,Netflix,10.0,392.0
tt14833464,2026-05-01,Argentina,Netflix,32.0,2683.0
tt14833464,2026-06-01,Argentina,Netflix,26.0,1993.0
tt14833464,2026-05-01,Brazil,Netflix,27.0,2825.0
tt14833464,2026-06-01,Brazil,Netflix,64.0,6549.0
tt14833464,2026-06-01,Colombia,Netflix,43.0,2427.0
tt14833464,2026-05-01,Mexico,Netflix,11.0,358.0
tt14833464,2026-06-01,Mexico,Netflix,56.0,5455.0
tt14855468,2026-05-01,Argentina,Netflix,7.0,252.0
tt14855468,2026-06-01,Argentina,Netflix,20.0,857.0
tt14855468,2026-05-01,Brazil,Netflix,136.0,11283.0
tt14855468,2026-06-01,Brazil,Netflix,103.0,9088.0
tt14855468,2026-05-01,Colombia,Netflix,23.0,1837.0
tt14855468,2026-06-01,Colombia,Netflix,6.0,651.0
tt14855468,2026-05-01,Mexico,Netflix,50.0,2896.0
tt14855468,2026-06-01,Mexico,Netflix,79.0,3966.0
tt14856980,2026-05-01,Argentina,Netflix,11.0,1382.0
tt14856980,2026-06-01,Argentina,Netflix,7.0,954.0
tt14856980,2026-06-01,Brazil,Netflix,108.0,6495.0
tt14856980,2026-05-01,Colombia,Netflix,10.0,1294.0
tt14856980,2026-06-01,Colombia,Netflix,61.0,6035.0
tt14856980,2026-05-01,Mexico,Netflix,70.0,2063.0
tt14856980,2026-06-01,Mexico,Netflix,72.0,7847.0
tt14857528,2026-05-01,Argentina,Netflix,14.0,1370.0
tt14857528,2026-05-01,Brazil,Netflix,21.0,1396.0
tt14857528,2026-06-01,Brazil,Netflix,33.0,2925.0
tt14857528,2026-05-01,Colombia,Netflix,6.0,622.0
tt14857528,2026-06-01,Colombia,Netflix,3.0,336.0
tt14857528,2026-05-01,Mexico,Netflix,7.0,673.0
tt14857528,2026-06-01,Mexico,Netflix,28.0,128.0
tt14865406,2026-05-01,Argentina,Netflix,20.0,1817.0
tt14865406,2026-06-01,Argentina,Netflix,19.0,1640.0
tt14865406,2026-05-01,Brazil,Netflix,90.0,5709.0
tt14865406,2026-06-01,Brazil,Netflix,75.0,3287.0
tt14865406,2026-05-01,Colombia,Netflix,9.0,905.0
tt14865406,2026-06-01,Colombia,Netflix,15.0,1216.0
tt14865406,2026-05-01,Mexico,Netflix,8.0,805.0
tt14874302,2026-05-01,Colombia,Disney+,6.0,179.0
tt14874302,2026-06-01,Colombia,Disney+,1.0,113.0
tt14874302,2026-05-01,Mexico,Disney+,29.0,119.0
tt14874302,2026-06-01,Mexico,Disney+,104.0,4637.0
tt14874302,2026-06-01,Mexico,HBO Max,4.0,434.0
tt14923260,2026-05-01,Argentina,Netflix,13.0,828.0
tt14923260,2026-06-01,Argentina,Netflix,27.0,1939.0
tt14923260,2026-05-01,Brazil,Netflix,8.0,774.0
tt14923260,2026-06-01,Brazil,Netflix,27.0,2505.0
tt14923260,2026-05-01,Colombia,Netflix,22.0,1284.0
tt14923260,2026-06-01,Colombia,Netflix,8.0,432.0
tt14923260,2026-05-01,Mexico,Netflix,49.0,4905.0
tt14923260,2026-06-01,Mexico,Netflix,19.0,1139.0
tt1493274,2026-05-01,Brazil,HBO Max,51.0,5182.0
tt1493274,2026-06-01,Brazil,HBO Max,45.0,4.0
tt1493274,2026-05-01,Colombia,Amazon,5.0,568.0
tt1493274,2026-05-01,Colombia,HBO Max,2.0,226.0
tt1493274,2026-06-01,Colombia,HBO Max,1.0,174.0
tt14935892,2026-05-01,Colombia,Netflix,6.0,883.0
tt14935892,2026-06-01,Colombia,Netflix,4.0,477.0
tt14935892,2026-06-01,Mexico,Netflix,10.0,1149.0
tt14948432,2026-05-01,Argentina,Amazon,44.0,5467.0
tt14948432,2026-06-01,Argentina,Amazon,7.0,837.0
tt14948432,2026-05-01,Brazil,Amazon,83.0,10134.0
tt14948432,2026-06-01,Brazil,Amazon,21.0,2448.0
tt14948432,2026-05-01,Colombia,Amazon,11.0,1440.0
tt14948432,2026-06-01,Colombia,Amazon,90.0,11159.0
tt14948432,2026-05-01,Mexico,Amazon,164.0,17728.0
tt14948432,2026-06-01,Mexico,Amazon,72.0,9237.0
tt14961624,2026-05-01,Argentina,Netflix,63.0,2540.0
tt14961624,2026-06-01,Argentina,Netflix,18.0,1916.0
tt14961624,2026-05-01,Brazil,Netflix,229.0,22342.0
tt14961624,2026-06-01,Brazil,Netflix,158.0,11774.0
tt14961624,2026-05-01,Colombia,Netflix,51.0,4678.0
tt14961624,2026-06-01,Colombia,Netflix,55.0,4787.0
tt14961624,2026-05-01,Mexico,Netflix,186.0,15482.0
tt14961624,2026-06-01,Mexico,Netflix,87.0,3797.0
tt14998742,2026-05-01,Argentina,Netflix,19.0,3455.0
tt14998742,2026-06-01,Argentina,Netflix,24.0,3391.0
tt14998742,2026-05-01,Brazil,Netflix,32.0,2904.0
tt14998742,2026-06-01,Brazil,Netflix,60.0,10576.0
tt14998742,2026-05-01,Colombia,Netflix,48.0,3865.0
tt14998742,2026-06-01,Colombia,Netflix,20.0,2189.0
tt14998742,2026-05-01,Mexico,Netflix,20.0,2553.0
tt14998742,2026-06-01,Mexico,Netflix,10.0,1422.0
tt14999684,2026-05-01,Brazil,Amazon,73.0,3601.0
tt14999684,2026-06-01,Brazil,Amazon,10.0,96.0
tt14999684,2026-05-01,Colombia,Amazon,26.0,1178.0
tt14999684,2026-06-01,Colombia,Amazon,5.0,0.0
tt14999684,2026-05-01,Mexico,Amazon,151.0,9518.0
tt14999684,2026-06-01,Mexico,Amazon,32.0,39.0
tt15010692,2026-05-01,Brazil,HBO Max,18.0,1352.0
tt15010692,2026-05-01,Colombia,HBO Max,4.0,230.0
tt15010692,2026-06-01,Colombia,HBO Max,5.0,419.0
tt15010692,2026-05-01,Mexico,HBO Max,56.0,3465.0
tt15010692,2026-06-01,Mexico,HBO Max,78.0,6131.0
tt15042300,2026-05-01,Argentina,HBO Max,10.0,1177.0
tt15042300,2026-06-01,Argentina,HBO Max,13.0,1489.0
tt15042300,2026-05-01,Brazil,HBO Max,216.0,6393.0
tt15042300,2026-05-01,Colombia,HBO Max,30.0,747.0
tt15042300,2026-06-01,Colombia,HBO Max,3.0,252.0
tt15042300,2026-05-01,Mexico,HBO Max,82.0,9460.0
tt15153532,2026-06-01,Argentina,Netflix,6.0,608.0
tt15153532,2026-06-01,Colombia,Netflix,28.0,2605.0
tt15153532,2026-05-01,Mexico,Netflix,27.0,2629.0
tt15153532,2026-06-01,Mexico,Netflix,16.0,950.0
tt1517268,2026-05-01,Argentina,HBO Max,5.0,570.0
tt1517268,2026-06-01,Argentina,HBO Max,18.0,866.0
tt1517268,2026-05-01,Brazil,HBO Max,85.0,8498.0
tt1517268,2026-06-01,Brazil,HBO Max,3.0,159.0
tt1517268,2026-05-01,Colombia,HBO Max,20.0,1532.0
tt1517268,2026-06-01,Colombia,HBO Max,37.0,3028.0
tt1517268,2026-05-01,Mexico,HBO Max,56.0,2952.0
tt1517268,2026-06-01,Mexico,HBO Max,36.0,4197.0
tt15181360,2026-05-01,Brazil,Netflix,16.0,1248.0
tt15181360,2026-06-01,Brazil,Netflix,9.0,993.0
tt15181360,2026-06-01,Colombia,Netflix,7.0,511.0
tt15181360,2026-05-01,Mexico,Netflix,7.0,836.0
tt15181360,2026-06-01,Mexico,Netflix,7.0,818.0
tt15239678,2026-05-01,Argentina,HBO Max,29.0,4662.0
tt15239678,2026-06-01,Argentina,HBO Max,9.0,1601.0
tt15239678,2026-05-01,Argentina,Netflix,51.0,8455.0
tt15239678,2026-06-01,Argentina,Netflix,74.0,9566.0
tt15239678,2026-05-01,Brazil,HBO Max,78.0,4471.0
tt15239678,2026-06-01,Brazil,HBO Max,12.0,1798.0
tt15239678,2026-05-01,Brazil,Netflix,36.0,4261.0
tt15239678,2026-06-01,Brazil,Netflix,185.0,18938.0
tt15239678,2026-05-01,Colombia,Amazon,10.0,1.0
tt15239678,2026-05-01,Colombia,HBO Max,2.0,357.0
tt15239678,2026-06-01,Colombia,HBO Max,18.0,2372.0
tt15239678,2026-05-01,Colombia,Netflix,21.0,1054.0
tt15239678,2026-06-01,Colombia,Netflix,18.0,2173.0
tt15239678,2026-05-01,Mexico,Amazon,20.0,3214.0
tt15239678,2026-05-01,Mexico,HBO Max,28.0,4583.0
tt15239678,2026-06-01,Mexico,HBO Max,44.0,5323.0
tt15239678,2026-05-01,Mexico,Netflix,61.0,6466.0
tt15239678,2026-06-01,Mexico,Netflix,49.0,5470.0
tt15245240,2026-05-01,Argentina,Netflix,7.0,822.0
tt15245240,2026-06-01,Argentina,Netflix,17.0,696.0
tt15245240,2026-05-01,Brazil,Netflix,28.0,2998.0
tt15245240,2026-06-01,Brazil,Netflix,45.0,31.0
tt15245240,2026-05-01,Colombia,Netflix,6.0,791.0
tt15245240,2026-06-01,Colombia,Netflix,3.0,20.0
tt15245240,2026-05-01,Mexico,Netflix,37.0,3358.0
tt15245240,2026-06-01,Mexico,Netflix,17.0,1732.0
tt15255288,2026-05-01,Argentina,Netflix,28.0,1257.0
tt15255288,2026-06-01,Argentina,Netflix,28.0,1635.0
tt15255288,2026-05-01,Brazil,Netflix,131.0,9275.0
tt15255288,2026-06-01,Brazil,Netflix,31.0,615.0
tt15255288,2026-05-01,Colombia,Netflix,49.0,4105.0
tt15255288,2026-06-01,Colombia,Netflix,35.0,2351.0
tt15255288,2026-05-01,Mexico,Netflix,115.0,9576.0
tt15255288,2026-06-01,Mexico,Netflix,12.0,635.0
tt15282148,2026-05-01,Argentina,Netflix,9.0,955.0
tt15282148,2026-06-01,Argentina,Netflix,7.0,756.0
tt15282148,2026-05-01,Brazil,Netflix,38.0,2000.0
tt15282148,2026-06-01,Brazil,Netflix,19.0,1855.0
tt15282148,2026-06-01,Colombia,Netflix,6.0,15.0
tt15282148,2026-06-01,Mexico,Netflix,23.0,1909.0
tt15314262,2026-05-01,Argentina,Amazon,97.0,6834.0
tt15314262,2026-06-01,Argentina,Amazon,47.0,2055.0
tt15314262,2026-05-01,Argentina,HBO Max,38.0,3110.0
tt15314262,2026-05-01,Brazil,Amazon,82.0,8866.0
tt15314262,2026-06-01,Brazil,Amazon,440.0,46510.0
tt15314262,2026-05-01,Brazil,HBO Max,69.0,4283.0
tt15314262,2026-06-01,Brazil,HBO Max,61.0,6241.0
tt15314262,2026-05-01,Colombia,Amazon,84.0,7555.0
tt15314262,2026-06-01,Colombia,Amazon,45.0,5034.0
tt15314262,2026-05-01,Colombia,HBO Max,30.0,3437.0
tt15314262,2026-06-01,Colombia,HBO Max,40.0,1862.0
tt15314262,2026-05-01,Colombia,Netflix,4.0,474.0
tt15314262,2026-05-01,Mexico,Amazon,129.0,7772.0
tt15314262,2026-06-01,Mexico,Amazon,10.0,1151.0
tt15314262,2026-05-01,Mexico,HBO Max,272.0,11393.0
tt15314262,2026-06-01,Mexico,HBO Max,127.0,4182.0
tt15320066,2026-05-01,Brazil,Amazon,95.0,4163.0
tt15320066,2026-06-01,Brazil,Amazon,7.0,175.0
tt15320066,2026-06-01,Colombia,Amazon,17.0,401.0
tt15320066,2026-05-01,Mexico,Amazon,19.0,1666.0
tt15320066,2026-06-01,Mexico,Amazon,26.0,1582.0
tt15333984,2026-05-01,Brazil,Amazon,19.0,2088.0
tt15333984,2026-06-01,Brazil,Amazon,27.0,2974.0
tt15333984,2026-05-01,Colombia,Amazon,7.0,722.0
tt15334430,2026-05-01,Argentina,Netflix,54.0,4647.0
tt15334430,2026-06-01,Argentina,Netflix,8.0,0.0
tt15334430,2026-05-01,Brazil,Netflix,87.0,3557.0
tt15334430,2026-06-01,Brazil,Netflix,46.0,1962.0
tt15334430,2026-05-01,Colombia,Netflix,12.0,1101.0
tt15334430,2026-06-01,Colombia,Netflix,12.0,1196.0
tt15334430,2026-05-01,Mexico,Netflix,63.0,5598.0
tt15334430,2026-06-01,Mexico,Netflix,30.0,2359.0
tt15334488,2026-06-01,Argentina,HBO Max,4.0,78.0
tt15334488,2026-06-01,Brazil,HBO Max,10.0,937.0
tt15334488,2026-05-01,Colombia,HBO Max,6.0,382.0
tt15334488,2026-06-01,Colombia,HBO Max,3.0,345.0
tt15334488,2026-05-01,Mexico,HBO Max,36.0,3279.0
tt15334488,2026-06-01,Mexico,HBO Max,2.0,13.0
tt15351980,2026-05-01,Brazil,Disney+,28.0,2168.0
tt15351980,2026-06-01,Brazil,Disney+,29.0,93.0
tt15351980,2026-05-01,Colombia,Disney+,6.0,745.0
tt15351980,2026-06-01,Colombia,Disney+,2.0,54.0
tt15351980,2026-05-01,Mexico,Disney+,17.0,1217.0
tt15351980,2026-06-01,Mexico,Disney+,14.0,1620.0
tt15353574,2026-05-01,Brazil,Netflix,8.0,250.0
tt15353574,2026-06-01,Brazil,Netflix,37.0,84.0
tt15398776,2026-05-01,Argentina,Netflix,76.0,14419.0
tt15398776,2026-06-01,Argentina,Netflix,38.0,7195.0
tt15398776,2026-05-01,Colombia,Netflix,52.0,10101.0
tt15398776,2026-06-01,Colombia,Netflix,51.0,9459.0
tt15398776,2026-05-01,Mexico,Netflix,114.0,20795.0
tt15398776,2026-06-01,Mexico,Netflix,64.0,12487.0
tt15428940,2026-06-01,Brazil,Netflix,26.0,1464.0
tt15428940,2026-05-01,Colombia,Netflix,3.0,330.0
tt15428940,2026-06-01,Colombia,Netflix,6.0,148.0
tt15428940,2026-05-01,Mexico,Netflix,6.0,534.0
tt15428940,2026-06-01,Mexico,Netflix,7.0,634.0
tt15430628,2026-05-01,Argentina,Amazon,22.0,2692.0
tt15430628,2026-05-01,Brazil,Amazon,160.0,18361.0
tt15430628,2026-05-01,Colombia,Amazon,82.0,9430.0
tt15430628,2026-06-01,Colombia,Amazon,20.0,1417.0
tt15430628,2026-05-01,Mexico,Amazon,115.0,10384.0
tt15460036,2026-05-01,Argentina,HBO Max,26.0,1669.0
tt15460036,2026-06-01,Argentina,HBO Max,16.0,1487.0
tt15460036,2026-05-01,Brazil,HBO Max,48.0,163.0
tt15460036,2026-05-01,Colombia,HBO Max,13.0,1202.0
tt15460036,2026-06-01,Colombia,HBO Max,5.0,479.0
tt15495150,2026-05-01,Brazil,Netflix,9.0,838.0
tt15495150,2026-06-01,Brazil,Netflix,13.0,1246.0
tt15495150,2026-05-01,Mexico,Netflix,4.0,426.0
tt15495150,2026-06-01,Mexico,Netflix,4.0,399.0
tt15509244,2026-05-01,Argentina,Netflix,17.0,1723.0
tt15509244,2026-06-01,Argentina,Netflix,29.0,2993.0
tt15509244,2026-05-01,Brazil,Netflix,48.0,5115.0
tt15509244,2026-05-01,Colombia,Netflix,21.0,2416.0
tt15509244,2026-06-01,Colombia,Netflix,9.0,505.0
tt15509244,2026-05-01,Mexico,Netflix,29.0,2743.0
tt15509244,2026-06-01,Mexico,Netflix,8.0,760.0
tt15514498,2026-05-01,Argentina,Disney+,39.0,2220.0
tt15514498,2026-06-01,Argentina,Disney+,19.0,1439.0
tt15514498,2026-06-01,Brazil,Disney+,58.0,6289.0
tt15514498,2026-05-01,Colombia,Disney+,4.0,479.0
tt15514498,2026-06-01,Colombia,Disney+,36.0,1686.0
tt15514498,2026-05-01,Mexico,Disney+,6.0,119.0
tt15514498,2026-06-01,Mexico,Disney+,71.0,6090.0
tt15552142,2026-05-01,Brazil,HBO Max,101.0,8703.0
tt15552142,2026-06-01,Brazil,HBO Max,4.0,466.0
tt15552142,2026-05-01,Colombia,HBO Max,5.0,591.0
tt15552142,2026-06-01,Colombia,HBO Max,3.0,216.0
tt15574124,2026-05-01,Argentina,Netflix,306.0,31936.0
tt15574124,2026-06-01,Argentina,Netflix,88.0,8016.0
tt15574124,2026-05-01,Brazil,Netflix,657.0,50112.0
tt15574124,2026-06-01,Brazil,Netflix,174.0,18381.0
tt15574124,2026-05-01,Colombia,Netflix,108.0,9049.0
tt15574124,2026-06-01,Colombia,Netflix,61.0,6701.0
tt15574124,2026-05-01,Mexico,Netflix,341.0,28102.0
tt15574124,2026-06-01,Mexico,Netflix,159.0,12976.0
tt15671028,2026-05-01,Argentina,Netflix,972.0,80111.0
tt15671028,2026-06-01,Argentina,Netflix,220.0,15773.0
tt15671028,2026-05-01,Brazil,Netflix,2391.0,184204.0
tt15671028,2026-06-01,Brazil,Netflix,618.0,44886.0
tt15671028,2026-05-01,Colombia,Netflix,1152.0,89038.0
tt15671028,2026-06-01,Colombia,Netflix,260.0,20427.0
tt15671028,2026-05-01,Mexico,Netflix,1686.0,137871.0
tt15671028,2026-06-01,Mexico,Netflix,607.0,50607.0
tt15744298,2026-05-01,Argentina,Netflix,38.0,4272.0
tt15744298,2026-06-01,Argentina,Netflix,21.0,962.0
tt15744298,2026-05-01,Brazil,Netflix,100.0,7606.0
tt15744298,2026-06-01,Brazil,Netflix,54.0,5964.0
tt15744298,2026-05-01,Colombia,Netflix,74.0,7580.0
tt15744298,2026-06-01,Colombia,Netflix,17.0,1524.0
tt15744298,2026-05-01,Mexico,Netflix,203.0,19891.0
tt15744298,2026-06-01,Mexico,Netflix,153.0,7885.0
tt15748830,2026-06-01,Argentina,Netflix,7.0,1043.0
tt15748830,2026-05-01,Brazil,Netflix,16.0,2320.0
tt15748830,2026-06-01,Brazil,Netflix,17.0,2482.0
tt15748830,2026-05-01,Colombia,Netflix,6.0,973.0
tt15767808,2026-06-01,Argentina,Netflix,13.0,508.0
tt15767808,2026-05-01,Brazil,Netflix,38.0,4233.0
tt15767808,2026-06-01,Brazil,Netflix,8.0,958.0
tt15767808,2026-05-01,Colombia,Netflix,3.0,9.0
tt15767808,2026-06-01,Colombia,Netflix,4.0,470.0
tt15767808,2026-05-01,Mexico,Netflix,4.0,501.0
tt15767808,2026-06-01,Mexico,Netflix,15.0,1587.0
tt15782690,2026-05-01,Argentina,Netflix,69.0,4900.0
tt15782690,2026-06-01,Argentina,Netflix,99.0,5120.0
tt15782690,2026-05-01,Brazil,Netflix,179.0,11548.0
tt15782690,2026-06-01,Brazil,Netflix,58.0,744.0
tt15782690,2026-05-01,Colombia,Netflix,62.0,3632.0
tt15782690,2026-06-01,Colombia,Netflix,93.0,8228.0
tt15782690,2026-05-01,Mexico,Netflix,216.0,14619.0
tt15782690,2026-06-01,Mexico,Netflix,57.0,5061.0
tt15789038,2026-05-01,Argentina,Disney+,72.0,6828.0
tt15789038,2026-06-01,Argentina,Disney+,90.0,5397.0
tt15789038,2026-05-01,Brazil,Disney+,224.0,19986.0
tt15789038,2026-06-01,Brazil,Disney+,165.0,14772.0
tt15789038,2026-05-01,Colombia,Disney+,88.0,6582.0
tt15789038,2026-06-01,Colombia,Disney+,86.0,6303.0
tt15789038,2026-05-01,Mexico,Disney+,139.0,9757.0
tt15789038,2026-06-01,Mexico,Disney+,199.0,18852.0
tt15789472,2026-05-01,Argentina,Netflix,49.0,4324.0
tt15789472,2026-06-01,Argentina,Netflix,7.0,21.0
tt15789472,2026-05-01,Brazil,Netflix,128.0,12820.0
tt15789472,2026-06-01,Brazil,Netflix,81.0,8595.0
tt15789472,2026-05-01,Colombia,Netflix,13.0,1624.0
tt15789472,2026-06-01,Colombia,Netflix,19.0,1999.0
tt15789472,2026-05-01,Mexico,Netflix,15.0,520.0
tt15789472,2026-06-01,Mexico,Netflix,51.0,1465.0
tt15789492,2026-05-01,Argentina,Netflix,19.0,1820.0
tt15789492,2026-05-01,Brazil,Netflix,86.0,7255.0
tt15789492,2026-06-01,Brazil,Netflix,52.0,4484.0
tt15789492,2026-05-01,Colombia,Netflix,11.0,909.0
tt15789492,2026-06-01,Colombia,Netflix,7.0,711.0
tt15789492,2026-05-01,Mexico,Netflix,11.0,986.0
tt15789492,2026-06-01,Mexico,Netflix,15.0,486.0
tt15895490,2026-05-01,Argentina,Amazon,17.0,1662.0
tt15895490,2026-06-01,Argentina,Amazon,8.0,742.0
tt15895490,2026-06-01,Brazil,Amazon,189.0,14683.0
tt15895490,2026-05-01,Colombia,Amazon,39.0,2020.0
tt15895490,2026-06-01,Colombia,Amazon,5.0,127.0
tt15895490,2026-05-01,Mexico,Amazon,20.0,1846.0
tt15940132,2026-05-01,Argentina,Netflix,233.0,17398.0
tt15940132,2026-06-01,Argentina,Netflix,128.0,12851.0
tt15940132,2026-05-01,Brazil,Netflix,925.0,73349.0
tt15940132,2026-06-01,Brazil,Netflix,614.0,52057.0
tt15940132,2026-05-01,Colombia,Netflix,267.0,21738.0
tt15940132,2026-06-01,Colombia,Netflix,195.0,18980.0
tt15940132,2026-05-01,Mexico,Netflix,563.0,54612.0
tt15940132,2026-06-01,Mexico,Netflix,560.0,52874.0
tt15944018,2026-06-01,Argentina,Netflix,7.0,847.0
tt15944018,2026-05-01,Brazil,Netflix,8.0,893.0
tt15944018,2026-06-01,Brazil,Netflix,90.0,6541.0
tt15944018,2026-05-01,Colombia,Netflix,35.0,3261.0
tt15944018,2026-06-01,Colombia,Netflix,3.0,390.0
tt15944018,2026-05-01,Mexico,Netflix,31.0,2981.0
tt15944018,2026-06-01,Mexico,Netflix,14.0,828.0
tt16156616,2026-05-01,Argentina,Amazon,14.0,1416.0
tt16156616,2026-06-01,Argentina,Amazon,13.0,1334.0
tt16156616,2026-05-01,Brazil,Amazon,59.0,5981.0
tt16156616,2026-06-01,Mexico,Amazon,32.0,2095.0
tt16277242,2026-05-01,Argentina,Netflix,32.0,4366.0
tt16277242,2026-06-01,Argentina,Netflix,14.0,1446.0
tt16277242,2026-05-01,Brazil,Netflix,89.0,7211.0
tt16277242,2026-06-01,Brazil,Netflix,54.0,458.0
tt16277242,2026-05-01,Colombia,Netflix,8.0,1116.0
tt16277242,2026-06-01,Colombia,Netflix,14.0,911.0
tt16277242,2026-05-01,Mexico,Netflix,159.0,19265.0
tt16277242,2026-06-01,Mexico,Netflix,94.0,10328.0
tt16300962,2026-05-01,Argentina,Netflix,18.0,1917.0
tt16300962,2026-06-01,Argentina,Netflix,14.0,1015.0
tt16300962,2026-05-01,Brazil,Netflix,109.0,5132.0
tt16300962,2026-06-01,Brazil,Netflix,67.0,2722.0
tt16300962,2026-05-01,Colombia,Netflix,6.0,331.0
tt16300962,2026-06-01,Colombia,Netflix,29.0,2547.0
tt16300962,2026-05-01,Mexico,Netflix,15.0,806.0
tt16300962,2026-06-01,Mexico,Netflix,31.0,2872.0
tt16304446,2026-05-01,Argentina,Netflix,9.0,815.0
tt16304446,2026-05-01,Brazil,Netflix,61.0,6945.0
tt16304446,2026-06-01,Brazil,Netflix,8.0,952.0
tt16304446,2026-05-01,Colombia,Netflix,15.0,1816.0
tt16304446,2026-06-01,Colombia,Netflix,3.0,366.0
tt16304446,2026-05-01,Mexico,Netflix,12.0,1398.0
tt16304446,2026-06-01,Mexico,Netflix,41.0,2452.0
tt16366836,2026-05-01,Argentina,Amazon,114.0,12567.0
tt16366836,2026-05-01,Brazil,Amazon,278.0,30462.0
tt16366836,2026-06-01,Brazil,Amazon,96.0,8549.0
tt16366836,2026-05-01,Colombia,Amazon,133.0,11499.0
tt16366836,2026-06-01,Colombia,Amazon,38.0,4309.0
tt16366836,2026-05-01,Mexico,Amazon,561.0,45298.0
tt16366836,2026-06-01,Mexico,Amazon,228.0,25394.0
tt16419074,2026-05-01,Argentina,Amazon,17.0,1.0
tt16419074,2026-06-01,Argentina,Amazon,8.0,970.0
tt16419074,2026-05-01,Brazil,Amazon,40.0,3260.0
tt16419074,2026-06-01,Brazil,Amazon,117.0,12318.0
tt16419074,2026-05-01,Colombia,Amazon,7.0,907.0
tt16419074,2026-06-01,Colombia,Amazon,5.0,665.0
tt16419074,2026-05-01,Mexico,Amazon,16.0,1934.0
tt16431404,2026-05-01,Argentina,Netflix,1557.0,126621.0
tt16431404,2026-06-01,Argentina,Netflix,307.0,23550.0
tt16431404,2026-05-01,Brazil,Netflix,4669.0,380995.0
tt16431404,2026-06-01,Brazil,Netflix,675.0,51635.0
tt16431404,2026-05-01,Colombia,Netflix,1804.0,150805.0
tt16431404,2026-06-01,Colombia,Netflix,468.0,34719.0
tt16431404,2026-05-01,Mexico,Netflix,3748.0,301458.0
tt16431404,2026-06-01,Mexico,Netflix,878.0,70189.0
tt16437278,2026-05-01,Brazil,Netflix,9.0,892.0
tt16437278,2026-06-01,Brazil,Netflix,30.0,1797.0
tt16437278,2026-05-01,Colombia,Netflix,8.0,818.0
tt16437278,2026-06-01,Colombia,Netflix,6.0,357.0
tt16437278,2026-05-01,Mexico,Netflix,12.0,1032.0
tt16437278,2026-06-01,Mexico,Netflix,4.0,424.0
tt1660648,2026-05-01,Argentina,Amazon,64.0,5481.0
tt1660648,2026-05-01,Brazil,Amazon,20.0,2115.0
tt1660648,2026-05-01,Colombia,Amazon,16.0,1735.0
tt1660648,2026-06-01,Colombia,Amazon,4.0,511.0
tt1660648,2026-05-01,Mexico,Amazon,27.0,2771.0
tt1660648,2026-06-01,Mexico,Amazon,34.0,3526.0
tt1674782,2026-05-01,Argentina,HBO Max,41.0,3687.0
tt1674782,2026-06-01,Argentina,HBO Max,9.0,910.0
tt1674782,2026-05-01,Brazil,HBO Max,56.0,891.0
tt1674782,2026-06-01,Brazil,HBO Max,29.0,8.0
tt1674782,2026-06-01,Colombia,HBO Max,5.0,516.0
tt1674782,2026-05-01,Mexico,HBO Max,97.0,4456.0
tt1674782,2026-06-01,Mexico,HBO Max,2.0,194.0
tt1684562,2026-06-01,Argentina,Amazon,24.0,19.0
tt1684562,2026-05-01,Brazil,Netflix,178.0,20212.0
tt1684562,2026-06-01,Brazil,Netflix,91.0,8402.0
tt1684562,2026-05-01,Colombia,Amazon,24.0,1964.0
tt1684562,2026-06-01,Colombia,Amazon,26.0,3256.0
tt1684562,2026-05-01,Mexico,Amazon,26.0,3390.0
tt1684562,2026-06-01,Mexico,Amazon,73.0,9214.0
tt16900880,2026-05-01,Argentina,Netflix,7.0,0.0
tt16900880,2026-05-01,Brazil,Netflix,31.0,573.0
tt16900880,2026-05-01,Colombia,Netflix,9.0,832.0
tt16900880,2026-06-01,Colombia,Netflix,7.0,1046.0
tt16900880,2026-05-01,Mexico,Netflix,21.0,1363.0
tt16900880,2026-06-01,Mexico,Netflix,8.0,189.0
tt1695843,2026-06-01,Brazil,Disney+,21.0,2734.0
tt1695843,2026-05-01,Colombia,Disney+,2.0,475.0
tt1695843,2026-06-01,Colombia,Disney+,28.0,560.0
tt1695843,2026-06-01,Mexico,Disney+,26.0,3356.0
tt17009710,2026-05-01,Brazil,Amazon,206.0,17986.0
tt17009710,2026-06-01,Brazil,Amazon,130.0,17180.0
tt17009710,2026-05-01,Colombia,Amazon,26.0,2017.0
tt17009710,2026-05-01,Mexico,Amazon,56.0,7760.0
tt17163970,2026-05-01,Argentina,Netflix,11.0,958.0
tt17163970,2026-06-01,Argentina,Netflix,13.0,808.0
tt17163970,2026-05-01,Brazil,Netflix,30.0,1067.0
tt17163970,2026-06-01,Brazil,Netflix,24.0,862.0
tt17163970,2026-05-01,Colombia,Netflix,4.0,379.0
tt17163970,2026-06-01,Colombia,Netflix,4.0,359.0
tt17163970,2026-05-01,Mexico,Netflix,13.0,925.0
tt17163970,2026-06-01,Mexico,Netflix,51.0,2668.0
tt17219484,2026-06-01,Argentina,Disney+,15.0,154.0
tt17219484,2026-05-01,Colombia,Disney+,5.0,476.0
tt17219484,2026-06-01,Colombia,Disney+,24.0,1549.0
tt17219484,2026-05-01,Mexico,Disney+,28.0,1346.0
tt17219484,2026-06-01,Mexico,Disney+,2.0,116.0
tt17279496,2026-05-01,Argentina,Netflix,33.0,2401.0
tt17279496,2026-06-01,Argentina,Netflix,8.0,3.0
tt17279496,2026-06-01,Brazil,Amazon,16.0,1714.0
tt17279496,2026-05-01,Brazil,Netflix,57.0,3723.0
tt17279496,2026-06-01,Brazil,Netflix,37.0,3880.0
tt17279496,2026-05-01,Colombia,Netflix,14.0,1099.0
tt17279496,2026-06-01,Colombia,Netflix,29.0,3061.0
tt17279496,2026-05-01,Mexico,Netflix,27.0,3009.0
tt17279496,2026-06-01,Mexico,Netflix,7.0,298.0
tt17489650,2026-05-01,Brazil,Amazon,34.0,3023.0
tt17489650,2026-06-01,Brazil,Amazon,7.0,16.0
tt17489650,2026-06-01,Mexico,Amazon,46.0,962.0
tt17526714,2026-05-01,Argentina,HBO Max,88.0,8733.0
tt17526714,2026-06-01,Argentina,HBO Max,45.0,4344.0
tt17526714,2026-05-01,Brazil,Amazon,7.0,0.0
tt17526714,2026-05-01,Brazil,HBO Max,211.0,24560.0
tt17526714,2026-06-01,Brazil,HBO Max,103.0,11108.0
tt17526714,2026-05-01,Colombia,HBO Max,104.0,13055.0
tt17526714,2026-06-01,Colombia,HBO Max,63.0,3737.0
tt17526714,2026-06-01,Mexico,Amazon,9.0,1327.0
tt17526714,2026-05-01,Mexico,HBO Max,184.0,24137.0
tt17526714,2026-06-01,Mexico,HBO Max,176.0,19729.0
tt18069420,2026-05-01,Argentina,Netflix,68.0,3558.0
tt18069420,2026-06-01,Argentina,Netflix,12.0,1153.0
tt18069420,2026-05-01,Brazil,Netflix,250.0,16188.0
tt18069420,2026-06-01,Brazil,Netflix,53.0,4199.0
tt18069420,2026-05-01,Colombia,Netflix,110.0,6926.0
tt18069420,2026-06-01,Colombia,Netflix,24.0,2092.0
tt18069420,2026-05-01,Mexico,Netflix,133.0,6863.0
tt18069420,2026-06-01,Mexico,Netflix,83.0,2587.0
tt18073328,2026-05-01,Argentina,Netflix,27.0,2927.0
tt18073328,2026-05-01,Brazil,Netflix,47.0,4428.0
tt18073328,2026-06-01,Brazil,Netflix,33.0,1937.0
tt18073328,2026-05-01,Colombia,Netflix,3.0,373.0
tt18073328,2026-05-01,Mexico,Netflix,37.0,3546.0
tt18073328,2026-06-01,Mexico,Netflix,32.0,3066.0
tt18113118,2026-06-01,Argentina,Netflix,15.0,1303.0
tt18113118,2026-05-01,Brazil,Netflix,13.0,271.0
tt18113118,2026-06-01,Brazil,Netflix,29.0,2563.0
tt18113118,2026-05-01,Colombia,Netflix,10.0,745.0
tt18113118,2026-06-01,Colombia,Netflix,14.0,1246.0
tt18113118,2026-05-01,Mexico,Netflix,4.0,366.0
tt18113118,2026-06-01,Mexico,Netflix,14.0,1261.0
tt18259086,2026-05-01,Argentina,Netflix,82.0,6335.0
tt18259086,2026-06-01,Argentina,Netflix,98.0,7338.0
tt18259086,2026-05-01,Brazil,Netflix,463.0,25026.0
tt18259086,2026-06-01,Brazil,Netflix,600.0,37902.0
tt18259086,2026-05-01,Colombia,Netflix,182.0,16414.0
tt18259086,2026-06-01,Colombia,Netflix,186.0,12569.0
tt18259086,2026-05-01,Mexico,Netflix,269.0,21778.0
tt18259086,2026-06-01,Mexico,Netflix,560.0,37752.0
tt18315204,2026-05-01,Brazil,Netflix,34.0,2459.0
tt18315204,2026-06-01,Brazil,Netflix,9.0,660.0
tt18315204,2026-06-01,Colombia,Netflix,7.0,722.0
tt18315204,2026-05-01,Mexico,Netflix,6.0,3.0
tt18315204,2026-06-01,Mexico,Netflix,11.0,867.0
tt18394610,2026-05-01,Brazil,Netflix,30.0,1459.0
tt18394610,2026-06-01,Brazil,Netflix,9.0,7.0
tt18394610,2026-05-01,Colombia,Netflix,13.0,1536.0
tt18412256,2026-05-01,Argentina,Disney+,9.0,831.0
tt18412256,2026-06-01,Argentina,Disney+,4.0,599.0
tt18412256,2026-06-01,Argentina,HBO Max,19.0,2225.0
tt18412256,2026-05-01,Brazil,Disney+,5.0,632.0
tt18412256,2026-06-01,Brazil,HBO Max,64.0,5746.0
tt18412256,2026-05-01,Colombia,Disney+,33.0,2146.0
tt18412256,2026-06-01,Colombia,Disney+,20.0,1510.0
tt18412256,2026-05-01,Colombia,HBO Max,2.0,381.0
tt18412256,2026-06-01,Colombia,HBO Max,3.0,423.0
tt18412256,2026-05-01,Mexico,Disney+,58.0,3739.0
tt18412256,2026-06-01,Mexico,Disney+,53.0,2765.0
tt18412256,2026-05-01,Mexico,HBO Max,9.0,46.0
tt18412256,2026-06-01,Mexico,HBO Max,42.0,4816.0
tt18559464,2026-05-01,Mexico,Amazon,9.0,843.0
tt18559464,2026-06-01,Mexico,Amazon,19.0,234.0
tt19113292,2026-06-01,Argentina,Netflix,22.0,1926.0
tt19113292,2026-05-01,Brazil,Netflix,31.0,2483.0
tt19113292,2026-06-01,Brazil,Netflix,13.0,1075.0
tt19113292,2026-06-01,Colombia,Netflix,15.0,1291.0
tt19113292,2026-06-01,Mexico,Netflix,15.0,1365.0
tt19175696,2026-05-01,Argentina,Netflix,13.0,1334.0
tt19175696,2026-06-01,Argentina,Netflix,30.0,507.0
tt19175696,2026-05-01,Brazil,Netflix,9.0,812.0
tt19175696,2026-06-01,Brazil,Netflix,66.0,3736.0
tt19175696,2026-05-01,Colombia,Netflix,7.0,377.0
tt19175696,2026-06-01,Colombia,Netflix,12.0,726.0
tt19175696,2026-05-01,Mexico,Netflix,42.0,1223.0
tt19175696,2026-06-01,Mexico,Netflix,10.0,950.0
tt19316408,2026-05-01,Brazil,HBO Max,74.0,2487.0
tt19316408,2026-06-01,Colombia,HBO Max,25.0,1170.0
tt19316408,2026-05-01,Mexico,HBO Max,28.0,588.0
tt19316408,2026-06-01,Mexico,HBO Max,47.0,1695.0
tt19500164,2026-05-01,Argentina,Netflix,13.0,1233.0
tt19500164,2026-06-01,Argentina,Netflix,40.0,2697.0
tt19500164,2026-05-01,Brazil,Netflix,49.0,3716.0
tt19500164,2026-06-01,Brazil,Netflix,95.0,6906.0
tt19500164,2026-05-01,Colombia,Netflix,22.0,1002.0
tt19500164,2026-06-01,Colombia,Netflix,30.0,2819.0
tt19500164,2026-05-01,Mexico,Netflix,105.0,5685.0
tt19500164,2026-06-01,Mexico,Netflix,64.0,4543.0
tt19724192,2026-05-01,Brazil,Netflix,57.0,4087.0
tt19724192,2026-06-01,Brazil,Netflix,13.0,1215.0
tt19724192,2026-05-01,Colombia,Netflix,23.0,2223.0
tt19724192,2026-06-01,Colombia,Netflix,10.0,1096.0
tt19724192,2026-05-01,Mexico,Netflix,76.0,6288.0
tt19724192,2026-06-01,Mexico,Netflix,23.0,1743.0
tt19759618,2026-05-01,Argentina,Netflix,11.0,1351.0
tt19759618,2026-06-01,Argentina,Netflix,16.0,619.0
tt19759618,2026-05-01,Mexico,Netflix,7.0,30.0
tt19759618,2026-06-01,Mexico,Netflix,6.0,759.0
tt19847976,2026-05-01,Brazil,Amazon,1017.0,116548.0
tt19847976,2026-06-01,Brazil,Amazon,715.0,57565.0
tt19858164,2026-06-01,Argentina,HBO Max,9.0,908.0
tt19858164,2026-05-01,Brazil,HBO Max,3.0,285.0
tt19858164,2026-05-01,Colombia,HBO Max,27.0,1996.0
tt19858164,2026-06-01,Colombia,HBO Max,17.0,1486.0
tt19858164,2026-05-01,Mexico,HBO Max,65.0,6120.0
tt19858164,2026-06-01,Mexico,HBO Max,47.0,4479.0
tt19862722,2026-05-01,Argentina,Netflix,27.0,2489.0
tt19862722,2026-06-01,Argentina,Netflix,11.0,1045.0
tt19862722,2026-05-01,Brazil,Netflix,35.0,1969.0
tt19862722,2026-05-01,Colombia,Netflix,12.0,569.0
tt19862722,2026-06-01,Colombia,Netflix,3.0,338.0
tt19864802,2026-06-01,Argentina,Netflix,41.0,3823.0
tt19864802,2026-05-01,Brazil,Netflix,74.0,5426.0
tt19864802,2026-06-01,Brazil,Netflix,178.0,14846.0
tt19864802,2026-05-01,Colombia,Netflix,38.0,3993.0
tt19864802,2026-06-01,Colombia,Netflix,68.0,5766.0
tt19864802,2026-05-01,Mexico,Netflix,112.0,11849.0
tt19864802,2026-06-01,Mexico,Netflix,170.0,14118.0
tt19869662,2026-05-01,Brazil,Amazon,11.0,1318.0
tt19869662,2026-06-01,Brazil,Amazon,7.0,839.0
tt19887550,2026-05-01,Argentina,Netflix,11.0,1176.0
tt19887550,2026-05-01,Colombia,Netflix,6.0,509.0
tt19887550,2026-06-01,Colombia,Netflix,4.0,391.0
tt19887550,2026-05-01,Mexico,Netflix,4.0,432.0
tt19890316,2026-05-01,Brazil,Netflix,19.0,170.0
tt19890316,2026-06-01,Brazil,Netflix,49.0,3967.0
tt20112600,2026-05-01,Argentina,Amazon,13.0,1443.0
tt20112600,2026-06-01,Argentina,Amazon,8.0,891.0
tt20112746,2026-05-01,Colombia,Amazon,5.0,3.0
tt20112746,2026-06-01,Colombia,Amazon,4.0,404.0
tt20112746,2026-05-01,Mexico,Amazon,8.0,44.0
tt20112746,2026-06-01,Mexico,Amazon,19.0,1653.0
tt20115096,2026-05-01,Argentina,Netflix,6.0,474.0
tt20115096,2026-06-01,Argentina,Netflix,18.0,1783.0
tt20115096,2026-05-01,Brazil,Netflix,21.0,1530.0
tt20115096,2026-06-01,Brazil,Netflix,23.0,2093.0
tt20115096,2026-05-01,Mexico,Netflix,4.0,410.0
tt20115096,2026-06-01,Mexico,Netflix,39.0,3782.0
tt2015349,2026-06-01,Argentina,Disney+,6.0,29.0
tt2015349,2026-05-01,Brazil,Disney+,34.0,95.0
tt2015349,2026-06-01,Colombia,Disney+,6.0,539.0
tt2015349,2026-05-01,Mexico,Disney+,39.0,2750.0
tt2015349,2026-06-01,Mexico,Disney+,6.0,23.0
tt2016303,2026-05-01,Brazil,Netflix,544.0,35595.0
tt2016303,2026-06-01,Brazil,Netflix,240.0,21731.0
tt20194882,2026-05-01,Argentina,Netflix,16.0,1.0
tt20194882,2026-06-01,Argentina,Netflix,23.0,1844.0
tt20194882,2026-05-01,Brazil,Netflix,13.0,1009.0
tt20194882,2026-06-01,Brazil,Netflix,113.0,5367.0
tt20194882,2026-05-01,Colombia,Netflix,25.0,2187.0
tt20194882,2026-06-01,Colombia,Netflix,18.0,381.0
tt20194882,2026-05-01,Mexico,Netflix,4.0,425.0
tt20202136,2026-05-01,Argentina,Disney+,29.0,2504.0
tt20202136,2026-06-01,Argentina,Disney+,12.0,557.0
tt20202136,2026-06-01,Brazil,Disney+,103.0,9832.0
tt20202136,2026-05-01,Colombia,Disney+,22.0,1217.0
tt20202136,2026-06-01,Colombia,Disney+,13.0,1312.0
tt20202136,2026-05-01,Mexico,Disney+,34.0,2758.0
tt20202136,2026-06-01,Mexico,Disney+,22.0,1847.0
tt20204996,2026-05-01,Brazil,Amazon,51.0,5748.0
tt20204996,2026-06-01,Brazil,Amazon,64.0,5973.0
tt20214908,2026-05-01,Argentina,Amazon,7.0,907.0
tt20214908,2026-06-01,Colombia,Amazon,11.0,1350.0
tt20214908,2026-05-01,Mexico,Amazon,35.0,4430.0
tt20214908,2026-06-01,Mexico,Amazon,19.0,2384.0
tt20215234,2026-05-01,Argentina,Amazon,14.0,1653.0
tt20215234,2026-05-01,Argentina,HBO Max,18.0,2259.0
tt20215234,2026-05-01,Brazil,HBO Max,12.0,1421.0
tt20215234,2026-06-01,Brazil,HBO Max,55.0,5701.0
tt20215234,2026-05-01,Colombia,Amazon,32.0,3873.0
tt20215234,2026-05-01,Colombia,HBO Max,2.0,212.0
tt20215234,2026-06-01,Colombia,HBO Max,1.0,16.0
tt20215234,2026-05-01,Mexico,Amazon,52.0,6369.0
tt20215234,2026-06-01,Mexico,Amazon,5.0,661.0
tt20215234,2026-05-01,Mexico,HBO Max,5.0,461.0
tt20215234,2026-06-01,Mexico,HBO Max,6.0,744.0
tt20215968,2026-06-01,Argentina,Amazon,21.0,986.0
tt20215968,2026-05-01,Argentina,HBO Max,25.0,659.0
tt20215968,2026-06-01,Argentina,HBO Max,3.0,3.0
tt20215968,2026-05-01,Brazil,HBO Max,12.0,409.0
tt20215968,2026-05-01,Colombia,Amazon,10.0,1181.0
tt20215968,2026-06-01,Colombia,HBO Max,14.0,689.0
tt20215968,2026-06-01,Mexico,HBO Max,20.0,2244.0
tt20221690,2026-05-01,Argentina,Netflix,6.0,624.0
tt20221690,2026-06-01,Argentina,Netflix,37.0,1988.0
tt20221690,2026-05-01,Brazil,Netflix,237.0,17044.0
tt20221690,2026-06-01,Brazil,Netflix,293.0,18820.0
tt20221690,2026-05-01,Colombia,Netflix,37.0,2858.0
tt20221690,2026-06-01,Colombia,Netflix,50.0,2665.0
tt20221690,2026-05-01,Mexico,Netflix,56.0,3783.0
tt20221690,2026-06-01,Mexico,Netflix,68.0,5416.0
tt20222166,2026-06-01,Brazil,HBO Max,48.0,4097.0
tt20222166,2026-05-01,Colombia,HBO Max,6.0,296.0
tt20222166,2026-06-01,Colombia,HBO Max,15.0,1057.0
tt20222166,2026-06-01,Mexico,HBO Max,20.0,1735.0
tt20256412,2026-06-01,Argentina,Netflix,6.0,573.0
tt20256412,2026-05-01,Brazil,Netflix,53.0,888.0
tt20256412,2026-05-01,Colombia,Netflix,8.0,691.0
tt20256412,2026-06-01,Colombia,Netflix,11.0,561.0
tt20256412,2026-05-01,Mexico,Netflix,32.0,669.0
tt20256412,2026-06-01,Mexico,Netflix,4.0,416.0
tt20256448,2026-05-01,Argentina,Amazon,21.0,2285.0
tt20256448,2026-06-01,Argentina,Amazon,29.0,3254.0
tt20256448,2026-05-01,Brazil,Amazon,81.0,8855.0
tt20256448,2026-06-01,Brazil,Amazon,36.0,3841.0
tt20256448,2026-05-01,Colombia,Amazon,12.0,1342.0
tt20256448,2026-06-01,Colombia,Amazon,17.0,1889.0
tt20256448,2026-05-01,Mexico,Amazon,33.0,3716.0
tt20256448,2026-06-01,Mexico,Amazon,54.0,5878.0
tt20258920,2026-05-01,Argentina,Amazon,418.0,21208.0
tt20258920,2026-06-01,Argentina,Amazon,31.0,1296.0
tt20258920,2026-05-01,Brazil,Amazon,1910.0,107962.0
tt20258920,2026-06-01,Brazil,Amazon,123.0,6256.0
tt20258920,2026-05-01,Colombia,Amazon,368.0,18289.0
tt20258920,2026-06-01,Colombia,Amazon,16.0,616.0
tt20258920,2026-05-01,Mexico,Amazon,1645.0,72767.0
tt20258920,2026-06-01,Mexico,Amazon,173.0,6325.0
tt20420628,2026-05-01,Brazil,Amazon,21.0,2312.0
tt20420628,2026-06-01,Brazil,Amazon,64.0,6964.0
tt20420628,2026-06-01,Colombia,Amazon,11.0,1215.0
tt2049403,2026-05-01,Argentina,Netflix,43.0,3982.0
tt2049403,2026-06-01,Argentina,Netflix,45.0,3541.0
tt2049403,2026-05-01,Brazil,Netflix,107.0,8417.0
tt2049403,2026-06-01,Brazil,Netflix,37.0,3772.0
tt2049403,2026-05-01,Colombia,Netflix,38.0,3167.0
tt2049403,2026-06-01,Colombia,Netflix,24.0,2116.0
tt2049403,2026-06-01,Mexico,Amazon,19.0,1965.0
tt2049403,2026-05-01,Mexico,Netflix,127.0,7288.0
tt2049403,2026-06-01,Mexico,Netflix,37.0,3864.0
tt20857676,2026-05-01,Argentina,Netflix,14.0,1952.0
tt20857676,2026-06-01,Argentina,Netflix,7.0,1029.0
tt20857676,2026-05-01,Brazil,Netflix,62.0,1253.0
tt20857676,2026-06-01,Brazil,Netflix,34.0,2654.0
tt20857676,2026-06-01,Colombia,Netflix,6.0,95.0
tt20857676,2026-05-01,Mexico,Netflix,4.0,571.0
tt20969586,2026-05-01,Argentina,Disney+,15.0,1709.0
tt20969586,2026-06-01,Argentina,Disney+,6.0,26.0
tt20969586,2026-05-01,Brazil,Disney+,125.0,13065.0
tt20969586,2026-06-01,Brazil,Disney+,148.0,13673.0
tt20969586,2026-05-01,Colombia,Disney+,5.0,802.0
tt20969586,2026-06-01,Colombia,Disney+,52.0,6224.0
tt20969586,2026-05-01,Mexico,Disney+,97.0,8293.0
tt20969586,2026-06-01,Mexico,Disney+,177.0,14441.0
tt20990442,2026-05-01,Argentina,HBO Max,108.0,5483.0
tt20990442,2026-06-01,Argentina,HBO Max,3.0,18.0
tt20990442,2026-05-01,Brazil,Amazon,53.0,2428.0
tt20990442,2026-06-01,Brazil,Amazon,29.0,1365.0
tt20990442,2026-05-01,Colombia,HBO Max,137.0,8964.0
tt20990442,2026-06-01,Colombia,HBO Max,14.0,1407.0
tt20990442,2026-05-01,Mexico,HBO Max,434.0,32150.0
tt20990442,2026-06-01,Mexico,HBO Max,104.0,9273.0
tt21087084,2026-06-01,Argentina,Netflix,6.0,600.0
tt21087084,2026-05-01,Brazil,Netflix,8.0,785.0
tt21087084,2026-05-01,Colombia,Netflix,6.0,382.0
tt21087084,2026-06-01,Colombia,Netflix,6.0,412.0
tt21087084,2026-05-01,Mexico,Netflix,8.0,746.0
tt21087452,2026-06-01,Argentina,Disney+,6.0,122.0
tt21087452,2026-06-01,Brazil,Disney+,45.0,252.0
tt21087452,2026-05-01,Mexico,Disney+,3.0,9.0
tt21087452,2026-06-01,Mexico,Disney+,3.0,296.0
tt21103300,2026-05-01,Argentina,Netflix,33.0,2295.0
tt21103300,2026-06-01,Argentina,Netflix,7.0,6.0
tt21103300,2026-06-01,Brazil,Netflix,19.0,1657.0
tt21103300,2026-05-01,Colombia,Netflix,5.0,435.0
tt21103300,2026-05-01,Mexico,Netflix,20.0,1246.0
tt21103300,2026-06-01,Mexico,Netflix,72.0,5985.0
tt21110654,2026-05-01,Colombia,HBO Max,3.0,263.0
tt21110654,2026-06-01,Colombia,HBO Max,15.0,1012.0
tt21110654,2026-05-01,Mexico,HBO Max,33.0,2755.0
tt21110654,2026-06-01,Mexico,HBO Max,2.0,0.0
tt21191806,2026-05-01,Argentina,Netflix,62.0,6239.0
tt21191806,2026-06-01,Argentina,Netflix,45.0,4461.0
tt21191806,2026-05-01,Brazil,Netflix,336.0,28958.0
tt21191806,2026-06-01,Brazil,Netflix,239.0,20624.0
tt21191806,2026-05-01,Colombia,Netflix,80.0,7502.0
tt21191806,2026-06-01,Colombia,Netflix,101.0,8217.0
tt21191806,2026-05-01,Mexico,Netflix,132.0,13888.0
tt21191806,2026-06-01,Mexico,Netflix,158.0,15817.0
tt21201300,2026-05-01,Argentina,Amazon,21.0,1941.0
tt21201300,2026-05-01,Brazil,Amazon,37.0,1154.0
tt21201300,2026-06-01,Brazil,Amazon,29.0,2535.0
tt21201300,2026-06-01,Colombia,Amazon,4.0,421.0
tt21201300,2026-06-01,Mexico,Amazon,19.0,1726.0
tt21216870,2026-06-01,Argentina,Netflix,7.0,636.0
tt21216870,2026-05-01,Brazil,Netflix,8.0,706.0
tt21216870,2026-05-01,Colombia,Netflix,3.0,322.0
tt21216870,2026-06-01,Colombia,Netflix,3.0,266.0
tt21216870,2026-06-01,Mexico,Netflix,36.0,3024.0
tt21227864,2026-05-01,Argentina,Amazon,15.0,1569.0
tt21227864,2026-05-01,Brazil,Amazon,30.0,3368.0
tt21227864,2026-05-01,Colombia,Amazon,10.0,1153.0
tt21227864,2026-05-01,Mexico,Amazon,13.0,579.0
tt21227864,2026-06-01,Mexico,Amazon,32.0,3649.0
tt21235248,2026-05-01,Argentina,Amazon,8.0,901.0
tt21235248,2026-06-01,Argentina,Amazon,6.0,794.0
tt21235248,2026-05-01,Brazil,Amazon,54.0,5939.0
tt21235248,2026-06-01,Brazil,Amazon,33.0,3768.0
tt21235248,2026-05-01,Colombia,Amazon,34.0,3974.0
tt21235248,2026-06-01,Colombia,Amazon,23.0,2662.0
tt21235248,2026-05-01,Mexico,Amazon,147.0,16232.0
tt21235248,2026-06-01,Mexico,Amazon,173.0,17217.0
tt21257152,2026-05-01,Argentina,Netflix,52.0,3312.0
tt21257152,2026-06-01,Argentina,Netflix,17.0,442.0
tt21257152,2026-05-01,Brazil,Netflix,19.0,1954.0
tt21257152,2026-06-01,Brazil,Netflix,46.0,4043.0
tt21257152,2026-05-01,Colombia,Netflix,24.0,2638.0
tt21257152,2026-06-01,Colombia,Netflix,12.0,849.0
tt21257152,2026-05-01,Mexico,Netflix,41.0,3068.0
tt21257152,2026-06-01,Mexico,Netflix,26.0,419.0
tt21261712,2026-05-01,Argentina,Amazon,39.0,4575.0
tt21261712,2026-05-01,Brazil,Netflix,147.0,14386.0
tt21261712,2026-06-01,Brazil,Netflix,100.0,6680.0
tt21261712,2026-05-01,Mexico,Amazon,49.0,5784.0
tt21267296,2026-05-01,Brazil,HBO Max,31.0,2635.0
tt21267296,2026-06-01,Brazil,HBO Max,92.0,2638.0
tt21267296,2026-05-01,Colombia,HBO Max,41.0,1782.0
tt21267296,2026-05-01,Mexico,HBO Max,6.0,416.0
tt21276878,2026-05-01,Argentina,Netflix,27.0,2781.0
tt21276878,2026-06-01,Argentina,Netflix,33.0,2997.0
tt21276878,2026-05-01,Brazil,Netflix,127.0,7943.0
tt21276878,2026-06-01,Brazil,Netflix,25.0,151.0
tt21276878,2026-05-01,Colombia,Netflix,46.0,2710.0
tt21276878,2026-06-01,Colombia,Netflix,24.0,2689.0
tt21276878,2026-05-01,Mexico,Netflix,223.0,18287.0
tt21276878,2026-06-01,Mexico,Netflix,128.0,11050.0
tt21279806,2026-05-01,Argentina,Netflix,12.0,1250.0
tt21279806,2026-05-01,Colombia,Netflix,3.0,11.0
tt21279806,2026-05-01,Mexico,Netflix,20.0,2027.0
tt21279806,2026-06-01,Mexico,Netflix,28.0,2742.0
tt21284218,2026-05-01,Argentina,Netflix,7.0,652.0
tt21284218,2026-06-01,Argentina,Netflix,13.0,1152.0
tt21284218,2026-05-01,Brazil,Netflix,93.0,7467.0
tt21284218,2026-06-01,Brazil,Netflix,108.0,7530.0
tt21284218,2026-05-01,Colombia,Netflix,3.0,325.0
tt21284218,2026-06-01,Colombia,Netflix,33.0,2339.0
tt21284218,2026-05-01,Mexico,Netflix,43.0,3015.0
tt21284218,2026-06-01,Mexico,Netflix,105.0,8878.0
tt21308698,2026-06-01,Argentina,Netflix,7.0,756.0
tt21308698,2026-05-01,Brazil,Netflix,96.0,9008.0
tt21308698,2026-06-01,Brazil,Netflix,13.0,1293.0
tt21308698,2026-05-01,Colombia,Netflix,20.0,2010.0
tt21308698,2026-06-01,Colombia,Netflix,3.0,383.0
tt21308698,2026-05-01,Mexico,Netflix,6.0,636.0
tt21308718,2026-05-01,Argentina,Netflix,22.0,2252.0
tt21308718,2026-05-01,Brazil,Netflix,8.0,852.0
tt21308718,2026-05-01,Colombia,Netflix,3.0,339.0
tt21308718,2026-06-01,Colombia,Netflix,17.0,1905.0
tt21308736,2026-05-01,Argentina,Amazon,32.0,1612.0
tt21308736,2026-05-01,Brazil,Amazon,66.0,4290.0
tt21308736,2026-06-01,Brazil,Amazon,11.0,1008.0
tt21308736,2026-06-01,Mexico,Amazon,5.0,485.0
tt21308888,2026-05-01,Argentina,Netflix,8.0,2.0
tt21308888,2026-06-01,Argentina,Netflix,9.0,1017.0
tt21308888,2026-05-01,Brazil,Netflix,144.0,16409.0
tt21308888,2026-06-01,Brazil,Netflix,105.0,10815.0
tt21308888,2026-05-01,Colombia,Netflix,29.0,3250.0
tt21308888,2026-06-01,Colombia,Netflix,31.0,2701.0
tt21308888,2026-05-01,Mexico,Netflix,4.0,512.0
tt21308888,2026-06-01,Mexico,Netflix,84.0,9509.0
tt21317634,2026-05-01,Argentina,Amazon,86.0,9146.0
tt21317634,2026-06-01,Argentina,Amazon,165.0,17995.0
tt21317634,2026-05-01,Colombia,Amazon,64.0,5462.0
tt21317634,2026-06-01,Colombia,Amazon,198.0,19443.0
tt21317634,2026-05-01,Mexico,Amazon,139.0,14663.0
tt21317634,2026-06-01,Mexico,Amazon,812.0,71010.0
tt21326658,2026-05-01,Argentina,Netflix,11.0,997.0
tt21326658,2026-06-01,Argentina,Netflix,8.0,746.0
tt21326658,2026-06-01,Colombia,Netflix,4.0,367.0
tt21364552,2026-05-01,Argentina,Amazon,52.0,3283.0
tt21364552,2026-06-01,Argentina,Amazon,6.0,693.0
tt21364552,2026-05-01,Brazil,Amazon,49.0,2068.0
tt21364552,2026-06-01,Brazil,Amazon,51.0,4446.0
tt21364552,2026-05-01,Colombia,Amazon,22.0,2447.0
tt21364552,2026-05-01,Mexico,Amazon,14.0,625.0
tt21364552,2026-06-01,Mexico,Amazon,64.0,6746.0
tt21382296,2026-05-01,Argentina,Netflix,37.0,3680.0
tt21382296,2026-06-01,Argentina,Netflix,25.0,3089.0
tt21382296,2026-05-01,Brazil,Netflix,169.0,17279.0
tt21382296,2026-06-01,Brazil,Netflix,62.0,3906.0
tt21382296,2026-05-01,Colombia,Netflix,46.0,4844.0
tt21382296,2026-06-01,Colombia,Netflix,14.0,1792.0
tt21382296,2026-05-01,Mexico,Netflix,89.0,7727.0
tt21382296,2026-06-01,Mexico,Netflix,64.0,5431.0
tt21469794,2026-05-01,Brazil,Amazon,88.0,7899.0
tt21469794,2026-06-01,Brazil,Amazon,29.0,8.0
tt21469794,2026-05-01,Mexico,Amazon,5.0,601.0
tt21469794,2026-06-01,Mexico,Amazon,47.0,4857.0
tt21626284,2026-05-01,Argentina,Netflix,9.0,3.0
tt21626284,2026-06-01,Brazil,Netflix,8.0,260.0
tt21626284,2026-06-01,Colombia,Netflix,7.0,571.0
tt21626284,2026-05-01,Mexico,Netflix,4.0,523.0
tt21626284,2026-06-01,Mexico,Netflix,4.0,539.0
tt21638298,2026-05-01,Argentina,Netflix,42.0,3757.0
tt21638298,2026-05-01,Brazil,Netflix,48.0,4559.0
tt21638298,2026-06-01,Brazil,Netflix,30.0,1390.0
tt21638298,2026-05-01,Colombia,Netflix,24.0,3207.0
tt21638298,2026-06-01,Colombia,Netflix,27.0,2674.0
tt21638298,2026-05-01,Mexico,Netflix,11.0,991.0
tt21638298,2026-06-01,Mexico,Netflix,19.0,1364.0
tt21692408,2026-05-01,Argentina,Amazon,14.0,1129.0
tt21692408,2026-05-01,Brazil,Netflix,134.0,10985.0
tt21692408,2026-06-01,Brazil,Netflix,147.0,7548.0
tt21692408,2026-05-01,Colombia,Amazon,126.0,6556.0
tt21692408,2026-06-01,Colombia,Amazon,73.0,3389.0
tt21692408,2026-05-01,Colombia,Netflix,3.0,88.0
tt21692408,2026-06-01,Colombia,Netflix,4.0,423.0
tt21692408,2026-05-01,Mexico,Amazon,104.0,4706.0
tt21692408,2026-06-01,Mexico,Amazon,105.0,7347.0
tt2172954,2026-05-01,Argentina,Netflix,57.0,2811.0
tt2172954,2026-06-01,Argentina,Netflix,54.0,4998.0
tt2172954,2026-05-01,Brazil,Netflix,51.0,5416.0
tt2172954,2026-06-01,Brazil,Netflix,153.0,18452.0
tt2172954,2026-05-01,Colombia,Netflix,48.0,4029.0
tt2172954,2026-06-01,Colombia,Netflix,72.0,7413.0
tt2172954,2026-05-01,Mexico,Netflix,96.0,4174.0
tt2172954,2026-06-01,Mexico,Netflix,99.0,9146.0
tt21735972,2026-05-01,Argentina,Netflix,19.0,370.0
tt21735972,2026-05-01,Brazil,Netflix,51.0,4689.0
tt21735972,2026-05-01,Colombia,Netflix,13.0,418.0
tt21735972,2026-06-01,Colombia,Netflix,9.0,666.0
tt21735972,2026-05-01,Mexico,Netflix,65.0,6016.0
tt21735972,2026-06-01,Mexico,Netflix,6.0,22.0
tt21736218,2026-06-01,Argentina,Netflix,28.0,1881.0
tt21736218,2026-05-01,Brazil,Netflix,8.0,827.0
tt21736218,2026-06-01,Colombia,Netflix,3.0,363.0
tt21736218,2026-05-01,Mexico,Netflix,56.0,4244.0
tt21736218,2026-06-01,Mexico,Netflix,68.0,5170.0
tt21823606,2026-06-01,Argentina,Disney+,6.0,566.0
tt21823606,2026-06-01,Brazil,Disney+,13.0,36.0
tt21823606,2026-06-01,Colombia,Disney+,2.0,152.0
tt21823606,2026-05-01,Mexico,Disney+,33.0,431.0
tt21823606,2026-06-01,Mexico,Disney+,7.0,21.0
tt21825858,2026-05-01,Argentina,Netflix,8.0,1021.0
tt21825858,2026-05-01,Brazil,Netflix,9.0,183.0
tt21825858,2026-05-01,Colombia,Netflix,9.0,940.0
tt21825858,2026-06-01,Colombia,Netflix,8.0,1155.0
tt21825858,2026-06-01,Mexico,Netflix,17.0,74.0
tt21830902,2026-05-01,Argentina,Amazon,23.0,2404.0
tt21830902,2026-06-01,Argentina,Amazon,32.0,3392.0
tt21830902,2026-05-01,Brazil,Amazon,154.0,13250.0
tt21830902,2026-06-01,Brazil,Amazon,19.0,1962.0
tt21830902,2026-05-01,Colombia,Amazon,38.0,4124.0
tt21830902,2026-06-01,Colombia,Amazon,53.0,4992.0
tt21830902,2026-05-01,Mexico,Amazon,93.0,6378.0
tt21830902,2026-06-01,Mexico,Amazon,36.0,3045.0
tt21955196,2026-06-01,Argentina,Netflix,31.0,1681.0
tt21955196,2026-05-01,Brazil,Netflix,51.0,4994.0
tt21955196,2026-06-01,Brazil,Netflix,27.0,2424.0
tt21955196,2026-05-01,Colombia,Netflix,16.0,543.0
tt21955196,2026-06-01,Colombia,Netflix,7.0,469.0
tt21955196,2026-05-01,Mexico,Netflix,18.0,111.0
tt22016156,2026-05-01,Argentina,Netflix,65.0,5905.0
tt22016156,2026-06-01,Argentina,Netflix,15.0,812.0
tt22016156,2026-05-01,Brazil,Netflix,91.0,6517.0
tt22016156,2026-06-01,Brazil,Netflix,149.0,13318.0
tt22016156,2026-05-01,Colombia,Netflix,3.0,345.0
tt22016156,2026-06-01,Colombia,Netflix,7.0,2.0
tt22016156,2026-05-01,Mexico,Netflix,17.0,1935.0
tt22016156,2026-06-01,Mexico,Netflix,82.0,6982.0
tt22022452,2026-05-01,Argentina,Disney+,41.0,2925.0
tt22022452,2026-06-01,Argentina,Disney+,76.0,4006.0
tt22022452,2026-05-01,Brazil,Disney+,192.0,19049.0
tt22022452,2026-06-01,Brazil,Disney+,260.0,19092.0
tt22022452,2026-05-01,Colombia,Disney+,122.0,10477.0
tt22022452,2026-06-01,Colombia,Disney+,57.0,4008.0
tt22022452,2026-05-01,Mexico,Disney+,122.0,10810.0
tt22022452,2026-06-01,Mexico,Disney+,202.0,13958.0
tt22042346,2026-05-01,Argentina,HBO Max,190.0,5938.0
tt22042346,2026-06-01,Argentina,HBO Max,9.0,698.0
tt22042346,2026-05-01,Brazil,HBO Max,269.0,13045.0
tt22042346,2026-06-01,Brazil,HBO Max,29.0,23.0
tt22042346,2026-05-01,Colombia,HBO Max,102.0,3117.0
tt22042346,2026-06-01,Colombia,HBO Max,27.0,1680.0
tt22042346,2026-05-01,Mexico,HBO Max,395.0,12061.0
tt22042346,2026-06-01,Mexico,HBO Max,59.0,1725.0
tt22048412,2026-06-01,Argentina,Amazon,19.0,696.0
tt22048412,2026-05-01,Brazil,Netflix,72.0,4298.0
tt22048412,2026-06-01,Brazil,Netflix,73.0,4816.0
tt22048412,2026-06-01,Colombia,Amazon,26.0,2877.0
tt22048412,2026-06-01,Mexico,Amazon,272.0,28738.0
tt22050754,2026-06-01,Argentina,Amazon,20.0,1727.0
tt22050754,2026-05-01,Colombia,Amazon,12.0,1100.0
tt22050754,2026-06-01,Colombia,Amazon,52.0,4719.0
tt22050754,2026-05-01,Mexico,Amazon,40.0,1846.0
tt22050754,2026-06-01,Mexico,Amazon,109.0,2969.0
tt22185848,2026-05-01,Brazil,Netflix,21.0,4149.0
tt22185848,2026-05-01,Colombia,Netflix,6.0,1414.0
tt22185848,2026-05-01,Mexico,Netflix,138.0,26965.0
tt22185848,2026-06-01,Mexico,Netflix,55.0,6955.0
tt22334258,2026-05-01,Argentina,Amazon,79.0,9149.0
tt22334258,2026-06-01,Argentina,Amazon,53.0,4184.0
tt22334258,2026-05-01,Brazil,Amazon,670.0,55546.0
tt22334258,2026-06-01,Brazil,Amazon,264.0,31013.0
tt22334258,2026-05-01,Colombia,Amazon,64.0,7560.0
tt22334258,2026-06-01,Colombia,Amazon,42.0,4978.0
tt22334258,2026-05-01,Mexico,Amazon,403.0,40029.0
tt22334258,2026-06-01,Mexico,Amazon,112.0,7321.0
tt22352848,2026-06-01,Argentina,Netflix,22.0,2040.0
tt22352848,2026-05-01,Brazil,Netflix,16.0,1660.0
tt22352848,2026-06-01,Brazil,Netflix,13.0,0.0
tt22352848,2026-05-01,Colombia,Netflix,6.0,462.0
tt22352848,2026-06-01,Colombia,Netflix,10.0,1113.0
tt22352848,2026-05-01,Mexico,Netflix,81.0,7982.0
tt22352848,2026-06-01,Mexico,Netflix,12.0,967.0
tt22408160,2026-05-01,Brazil,Disney+,31.0,152.0
tt22408160,2026-06-01,Brazil,Disney+,31.0,688.0
tt22408160,2026-05-01,Colombia,Disney+,5.0,842.0
tt22408160,2026-06-01,Colombia,Disney+,1.0,288.0
tt22408160,2026-06-01,Mexico,Disney+,7.0,420.0
tt22488024,2026-05-01,Argentina,Amazon,31.0,1178.0
tt22488024,2026-06-01,Argentina,Amazon,19.0,2518.0
tt22488024,2026-05-01,Brazil,Amazon,210.0,19044.0
tt22488024,2026-06-01,Brazil,Amazon,14.0,1856.0
tt22488024,2026-05-01,Colombia,Amazon,49.0,5242.0
tt22488024,2026-05-01,Mexico,Amazon,81.0,10392.0
tt22488024,2026-06-01,Mexico,Amazon,66.0,4082.0
tt22505214,2026-05-01,Argentina,Amazon,40.0,4582.0
tt22505214,2026-06-01,Argentina,Amazon,18.0,2153.0
tt22505214,2026-05-01,Brazil,Amazon,52.0,2386.0
tt22505214,2026-06-01,Brazil,Amazon,94.0,10479.0
tt22505214,2026-05-01,Colombia,Amazon,14.0,1600.0
tt22505214,2026-05-01,Mexico,Amazon,50.0,5586.0
tt22505214,2026-06-01,Mexico,Amazon,43.0,4853.0
tt22507374,2026-06-01,Brazil,Netflix,40.0,2423.0
tt22507374,2026-05-01,Colombia,Netflix,19.0,2398.0
tt22507374,2026-06-01,Colombia,Netflix,25.0,2260.0
tt22507374,2026-05-01,Mexico,Netflix,4.0,145.0
tt22640398,2026-05-01,Brazil,Amazon,7.0,800.0
tt22640398,2026-06-01,Brazil,Amazon,20.0,2325.0
tt22640398,2026-05-01,Colombia,Amazon,5.0,570.0
tt22640398,2026-05-01,Mexico,Amazon,54.0,5898.0
tt22640398,2026-06-01,Mexico,Amazon,14.0,1659.0
tt22695402,2026-05-01,Argentina,Netflix,11.0,1611.0
tt22695402,2026-05-01,Brazil,Netflix,21.0,811.0
tt22695402,2026-06-01,Brazil,Netflix,51.0,4741.0
tt22695402,2026-06-01,Colombia,Netflix,22.0,2022.0
tt22695402,2026-05-01,Mexico,Netflix,20.0,112.0
tt22695402,2026-06-01,Mexico,Netflix,19.0,2638.0
tt22863968,2026-05-01,Brazil,Amazon,33.0,2762.0
tt22863968,2026-06-01,Brazil,Amazon,85.0,5994.0
tt22863968,2026-05-01,Colombia,Amazon,43.0,3674.0
tt22863968,2026-06-01,Colombia,Amazon,33.0,1656.0
tt22863968,2026-05-01,Mexico,Amazon,25.0,1058.0
tt22863968,2026-06-01,Mexico,Amazon,47.0,3865.0
tt22868010,2026-05-01,Argentina,Amazon,514.0,50683.0
tt22868010,2026-06-01,Argentina,Amazon,19.0,2114.0
tt22868010,2026-05-01,Brazil,Amazon,1500.0,151877.0
tt22868010,2026-06-01,Brazil,Amazon,260.0,25067.0
tt22868010,2026-05-01,Colombia,Amazon,461.0,45837.0
tt22868010,2026-06-01,Colombia,Amazon,5.0,609.0
tt22868010,2026-05-01,Mexico,Amazon,1334.0,137631.0
tt22868010,2026-06-01,Mexico,Amazon,89.0,9696.0
tt22868844,2026-06-01,Argentina,Netflix,11.0,1254.0
tt22868844,2026-05-01,Brazil,Netflix,42.0,4125.0
tt22868844,2026-06-01,Brazil,Netflix,16.0,38.0
tt22868844,2026-05-01,Colombia,Netflix,22.0,2447.0
tt22868844,2026-06-01,Colombia,Netflix,9.0,1008.0
tt22868844,2026-05-01,Mexico,Netflix,15.0,1760.0
tt22868844,2026-06-01,Mexico,Netflix,19.0,2000.0
tt22890246,2026-05-01,Colombia,HBO Max,13.0,49.0
tt22890246,2026-06-01,Colombia,HBO Max,5.0,479.0
tt22890246,2026-05-01,Mexico,HBO Max,21.0,358.0
tt22890246,2026-06-01,Mexico,HBO Max,28.0,909.0
tt23037488,2026-05-01,Argentina,Amazon,37.0,2321.0
tt23037488,2026-06-01,Argentina,Amazon,24.0,2222.0
tt23037488,2026-06-01,Colombia,Amazon,4.0,66.0
tt23037488,2026-05-01,Mexico,Amazon,8.0,332.0
tt23063732,2026-05-01,Argentina,Netflix,19.0,1367.0
tt23063732,2026-06-01,Argentina,Netflix,24.0,696.0
tt23063732,2026-05-01,Brazil,Netflix,70.0,4562.0
tt23063732,2026-06-01,Brazil,Netflix,92.0,6190.0
tt23063732,2026-05-01,Colombia,Netflix,13.0,1048.0
tt23063732,2026-06-01,Colombia,Netflix,4.0,323.0
tt23063732,2026-05-01,Mexico,Netflix,122.0,7899.0
tt23063732,2026-06-01,Mexico,Netflix,177.0,13800.0
tt23137390,2026-05-01,Argentina,Amazon,16.0,1465.0
tt23137390,2026-05-01,Argentina,HBO Max,6.0,490.0
tt23137390,2026-06-01,Brazil,HBO Max,39.0,3243.0
tt23137390,2026-05-01,Colombia,Amazon,5.0,503.0
tt23137390,2026-06-01,Colombia,Amazon,11.0,958.0
tt23137390,2026-05-01,Colombia,HBO Max,9.0,888.0
tt23137390,2026-05-01,Mexico,Amazon,5.0,182.0
tt23137390,2026-06-01,Mexico,Amazon,19.0,1729.0
tt23137390,2026-05-01,Mexico,HBO Max,79.0,2583.0
tt23137390,2026-06-01,Mexico,HBO Max,11.0,975.0
tt23137904,2026-05-01,Argentina,Netflix,6.0,778.0
tt23137904,2026-06-01,Argentina,Netflix,21.0,2542.0
tt23137904,2026-05-01,Brazil,Netflix,16.0,1137.0
tt23137904,2026-06-01,Brazil,Netflix,37.0,6094.0
tt23137904,2026-05-01,Colombia,Netflix,28.0,4081.0
tt23137904,2026-06-01,Colombia,Netflix,15.0,2484.0
tt23137904,2026-05-01,Mexico,Netflix,20.0,2311.0
tt23137904,2026-06-01,Mexico,Netflix,8.0,869.0
tt23149780,2026-05-01,Argentina,Amazon,14.0,1741.0
tt23149780,2026-05-01,Brazil,Amazon,33.0,4180.0
tt23149780,2026-06-01,Brazil,Amazon,59.0,6581.0
tt23149780,2026-05-01,Colombia,Amazon,4.0,581.0
tt23149780,2026-05-01,Mexico,Amazon,27.0,3151.0
tt2316548,2026-06-01,Argentina,Amazon,41.0,3116.0
tt2316548,2026-05-01,Brazil,Amazon,192.0,11557.0
tt2316548,2026-06-01,Brazil,Amazon,184.0,9718.0
tt2316548,2026-05-01,Colombia,Amazon,8.0,578.0
tt2316548,2026-06-01,Colombia,Amazon,13.0,1218.0
tt2316548,2026-05-01,Mexico,Amazon,58.0,3873.0
tt2316548,2026-06-01,Mexico,Amazon,28.0,1551.0
tt23218054,2026-05-01,Argentina,Netflix,7.0,0.0
tt23218054,2026-06-01,Argentina,Netflix,7.0,81.0
tt23218054,2026-05-01,Brazil,Netflix,30.0,2330.0
tt23218054,2026-06-01,Brazil,Netflix,23.0,657.0
tt23218054,2026-05-01,Colombia,Netflix,15.0,1785.0
tt23218054,2026-06-01,Colombia,Netflix,14.0,363.0
tt23218054,2026-05-01,Mexico,Netflix,7.0,834.0
tt23218054,2026-06-01,Mexico,Netflix,4.0,490.0
tt23219684,2026-05-01,Argentina,Netflix,6.0,0.0
tt23219684,2026-05-01,Brazil,Netflix,8.0,510.0
tt23219684,2026-06-01,Brazil,Netflix,29.0,61.0
tt23219684,2026-05-01,Colombia,Netflix,19.0,858.0
tt23219684,2026-05-01,Mexico,Netflix,34.0,1803.0
tt23219684,2026-06-01,Mexico,Netflix,24.0,834.0
tt23289160,2026-05-01,Argentina,Netflix,8.0,494.0
tt23289160,2026-05-01,Brazil,Netflix,52.0,4518.0
tt23289160,2026-06-01,Brazil,Netflix,13.0,0.0
tt23289160,2026-05-01,Colombia,Netflix,14.0,1242.0
tt23289160,2026-05-01,Mexico,Netflix,66.0,7775.0
tt23289160,2026-06-01,Mexico,Netflix,162.0,5138.0
tt23334616,2026-05-01,Argentina,Netflix,18.0,436.0
tt23334616,2026-05-01,Brazil,Netflix,18.0,830.0
tt23334616,2026-06-01,Brazil,Netflix,14.0,661.0
tt23334616,2026-05-01,Colombia,Netflix,25.0,2351.0
tt23334616,2026-06-01,Colombia,Netflix,3.0,153.0
tt23334616,2026-05-01,Mexico,Netflix,4.0,104.0
tt23468836,2026-05-01,Brazil,Netflix,342.0,34461.0
tt23468836,2026-06-01,Brazil,Netflix,92.0,6669.0
tt2353868,2026-05-01,Brazil,Netflix,72.0,6922.0
tt2353868,2026-06-01,Brazil,Netflix,38.0,1114.0
tt2353868,2026-05-01,Colombia,Netflix,9.0,775.0
tt2353868,2026-06-01,Colombia,Netflix,3.0,26.0
tt2353868,2026-05-01,Mexico,Netflix,7.0,783.0
tt2353868,2026-06-01,Mexico,Netflix,48.0,1630.0
tt23556408,2026-05-01,Argentina,Amazon,71.0,5270.0
tt23556408,2026-06-01,Argentina,Amazon,8.0,748.0
tt23556408,2026-06-01,Brazil,Amazon,644.0,36253.0
tt23556408,2026-05-01,Colombia,Amazon,43.0,3762.0
tt23556408,2026-06-01,Colombia,Amazon,11.0,939.0
tt23558084,2026-05-01,Argentina,Netflix,78.0,5695.0
tt23558084,2026-06-01,Argentina,Netflix,18.0,39.0
tt23558084,2026-05-01,Brazil,Netflix,136.0,13975.0
tt23558084,2026-06-01,Brazil,Netflix,228.0,17814.0
tt23558084,2026-05-01,Colombia,Netflix,40.0,2564.0
tt23558084,2026-06-01,Colombia,Netflix,19.0,1729.0
tt23558084,2026-05-01,Mexico,Netflix,15.0,1616.0
tt23558084,2026-06-01,Mexico,Netflix,51.0,5330.0
tt23558280,2026-06-01,Argentina,Amazon,33.0,2341.0
tt23558280,2026-05-01,Brazil,Amazon,15.0,612.0
tt23558280,2026-06-01,Brazil,Amazon,91.0,7929.0
tt23558280,2026-05-01,Colombia,Amazon,13.0,1153.0
tt23558280,2026-06-01,Colombia,Amazon,4.0,230.0
tt23558280,2026-06-01,Mexico,Amazon,26.0,2206.0
tt23638614,2026-06-01,Argentina,Amazon,8.0,967.0
tt23638614,2026-05-01,Brazil,Amazon,86.0,4784.0
tt23638614,2026-06-01,Brazil,Amazon,29.0,3214.0
tt23638614,2026-06-01,Mexico,Amazon,26.0,2783.0
tt23648788,2026-05-01,Argentina,Netflix,38.0,2696.0
tt23648788,2026-06-01,Argentina,Netflix,9.0,727.0
tt23648788,2026-05-01,Brazil,Netflix,50.0,2997.0
tt23648788,2026-06-01,Brazil,Netflix,71.0,4308.0
tt23648788,2026-06-01,Colombia,Amazon,15.0,943.0
tt23648788,2026-05-01,Colombia,Netflix,37.0,2810.0
tt23648788,2026-06-01,Colombia,Netflix,13.0,605.0
tt23648788,2026-05-01,Mexico,Netflix,265.0,18838.0
tt23648788,2026-06-01,Mexico,Netflix,123.0,7970.0
tt23735436,2026-05-01,Brazil,Netflix,51.0,3141.0
tt23735436,2026-06-01,Brazil,Netflix,29.0,2607.0
tt23735436,2026-05-01,Colombia,Netflix,12.0,1215.0
tt23735436,2026-05-01,Mexico,Netflix,4.0,408.0
tt23735436,2026-06-01,Mexico,Netflix,19.0,1777.0
tt23744022,2026-05-01,Brazil,Netflix,22.0,1732.0
tt23744022,2026-06-01,Brazil,Netflix,53.0,3435.0
tt23782584,2026-05-01,Argentina,Netflix,19.0,2216.0
tt23782584,2026-06-01,Argentina,Netflix,17.0,894.0
tt23782584,2026-05-01,Brazil,Netflix,58.0,3207.0
tt23782584,2026-06-01,Brazil,Netflix,29.0,140.0
tt23782584,2026-05-01,Colombia,Netflix,3.0,380.0
tt23782584,2026-06-01,Colombia,Netflix,3.0,408.0
tt23782584,2026-05-01,Mexico,Netflix,15.0,1223.0
tt23782584,2026-06-01,Mexico,Netflix,4.0,484.0
tt23872640,2026-05-01,Argentina,Amazon,8.0,932.0
tt23872640,2026-06-01,Argentina,Amazon,8.0,882.0
tt23872640,2026-05-01,Brazil,Amazon,7.0,813.0
tt23872640,2026-05-01,Colombia,Amazon,44.0,4735.0
tt23872640,2026-06-01,Colombia,Amazon,48.0,3592.0
tt23872640,2026-05-01,Mexico,Amazon,104.0,10976.0
tt2396431,2026-05-01,Mexico,Amazon,10.0,1080.0
tt2396431,2026-06-01,Mexico,Amazon,28.0,11.0
tt24083908,2026-05-01,Argentina,Netflix,6.0,695.0
tt24083908,2026-06-01,Argentina,Netflix,41.0,4809.0
tt24083908,2026-05-01,Brazil,Netflix,90.0,9817.0
tt24083908,2026-06-01,Brazil,Netflix,96.0,10414.0
tt24083908,2026-05-01,Colombia,Netflix,19.0,2089.0
tt24083908,2026-06-01,Colombia,Netflix,48.0,3758.0
tt24083908,2026-05-01,Mexico,Netflix,8.0,1144.0
tt24083908,2026-06-01,Mexico,Netflix,50.0,5486.0
tt24176060,2026-05-01,Brazil,Netflix,34.0,3.0
tt24176060,2026-06-01,Brazil,Netflix,9.0,1261.0
tt24176060,2026-05-01,Colombia,Netflix,5.0,692.0
tt24176060,2026-06-01,Colombia,Netflix,4.0,597.0
tt24176060,2026-05-01,Mexico,Netflix,37.0,1302.0
tt24176060,2026-06-01,Mexico,Netflix,14.0,1107.0
tt24216998,2026-05-01,Brazil,Netflix,57.0,4819.0
tt24216998,2026-06-01,Brazil,Netflix,54.0,4321.0
tt24216998,2026-05-01,Colombia,Netflix,3.0,20.0
tt24216998,2026-06-01,Colombia,Netflix,16.0,1546.0
tt24216998,2026-05-01,Mexico,Netflix,45.0,4111.0
tt24216998,2026-06-01,Mexico,Netflix,15.0,475.0
tt24218194,2026-06-01,Argentina,Amazon,46.0,5091.0
tt24218194,2026-05-01,Brazil,Amazon,22.0,2312.0
tt24218194,2026-06-01,Brazil,Amazon,36.0,3830.0
tt24218194,2026-05-01,Colombia,Amazon,16.0,685.0
tt24218194,2026-06-01,Colombia,Amazon,70.0,7526.0
tt24218194,2026-05-01,Mexico,Amazon,8.0,872.0
tt24218194,2026-06-01,Mexico,Amazon,173.0,15534.0
tt24326062,2026-05-01,Brazil,Netflix,87.0,8271.0
tt24326062,2026-06-01,Brazil,Netflix,29.0,0.0
tt24478470,2026-06-01,Argentina,Netflix,7.0,61.0
tt24478470,2026-06-01,Brazil,Netflix,19.0,1985.0
tt24478470,2026-05-01,Colombia,Netflix,5.0,591.0
tt24478470,2026-06-01,Colombia,Netflix,9.0,1178.0
tt24478470,2026-06-01,Mexico,Netflix,42.0,3640.0
tt24577462,2026-05-01,Argentina,Amazon,36.0,2889.0
tt24577462,2026-05-01,Brazil,Amazon,115.0,7721.0
tt24577462,2026-05-01,Colombia,Amazon,26.0,954.0
tt24577462,2026-05-01,Mexico,Amazon,5.0,147.0
tt24577462,2026-06-01,Mexico,Amazon,62.0,1041.0
tt24807110,2026-05-01,Argentina,Netflix,18.0,1761.0
tt24807110,2026-06-01,Argentina,Netflix,11.0,1024.0
tt24807110,2026-05-01,Brazil,Netflix,120.0,9757.0
tt24807110,2026-06-01,Brazil,Netflix,120.0,6765.0
tt24807110,2026-05-01,Colombia,Netflix,39.0,2807.0
tt24807110,2026-06-01,Colombia,Netflix,27.0,1952.0
tt24807110,2026-05-01,Mexico,Netflix,30.0,2658.0
tt24807110,2026-06-01,Mexico,Netflix,64.0,3975.0
tt24852126,2026-05-01,Argentina,Netflix,11.0,1035.0
tt24852126,2026-06-01,Argentina,Netflix,9.0,849.0
tt24852126,2026-05-01,Brazil,Netflix,39.0,3497.0
tt24852126,2026-06-01,Brazil,Netflix,19.0,0.0
tt24852126,2026-06-01,Colombia,Netflix,7.0,350.0
tt24870072,2026-06-01,Argentina,Netflix,14.0,1502.0
tt24870072,2026-05-01,Brazil,Netflix,47.0,4527.0
tt24870072,2026-06-01,Brazil,Netflix,21.0,2131.0
tt24870072,2026-05-01,Colombia,Netflix,16.0,1161.0
tt24870072,2026-06-01,Colombia,Netflix,25.0,1814.0
tt24870072,2026-05-01,Mexico,Netflix,129.0,4050.0
tt24870072,2026-06-01,Mexico,Netflix,86.0,4323.0
tt2560092,2026-06-01,Argentina,Netflix,14.0,1302.0
tt2560092,2026-05-01,Brazil,Netflix,21.0,2005.0
tt2560092,2026-06-01,Brazil,Netflix,61.0,5820.0
tt2560092,2026-05-01,Colombia,Netflix,11.0,1310.0
tt2560092,2026-06-01,Colombia,Netflix,3.0,11.0
tt2560092,2026-05-01,Mexico,Netflix,4.0,80.0
tt2560092,2026-06-01,Mexico,Netflix,4.0,424.0
tt26067432,2026-05-01,Argentina,Netflix,10.0,32.0
tt26067432,2026-06-01,Argentina,Netflix,13.0,1520.0
tt26067432,2026-06-01,Brazil,Netflix,9.0,1085.0
tt26067432,2026-06-01,Colombia,Netflix,9.0,1020.0
tt26067432,2026-05-01,Mexico,Netflix,41.0,1905.0
tt26067432,2026-06-01,Mexico,Netflix,4.0,322.0
tt26160190,2026-05-01,Argentina,Netflix,21.0,900.0
tt26160190,2026-05-01,Brazil,Netflix,60.0,5494.0
tt26160190,2026-06-01,Brazil,Netflix,8.0,650.0
tt26160190,2026-05-01,Colombia,Netflix,6.0,840.0
tt26160190,2026-06-01,Colombia,Netflix,20.0,2372.0
tt26160190,2026-05-01,Mexico,Netflix,85.0,9770.0
tt26160190,2026-06-01,Mexico,Netflix,6.0,763.0
tt26229612,2026-05-01,Argentina,Netflix,11.0,90.0
tt26229612,2026-06-01,Argentina,Netflix,7.0,961.0
tt26229612,2026-05-01,Colombia,Netflix,4.0,552.0
tt26229612,2026-06-01,Colombia,Netflix,6.0,937.0
tt26229612,2026-05-01,Mexico,Netflix,73.0,7465.0
tt26229612,2026-06-01,Mexico,Netflix,4.0,26.0
tt26258204,2026-06-01,Brazil,Netflix,13.0,770.0
tt26258204,2026-05-01,Colombia,Netflix,3.0,172.0
tt26258204,2026-06-01,Colombia,Netflix,9.0,1232.0
tt26258204,2026-05-01,Mexico,Netflix,34.0,3643.0
tt26342662,2026-05-01,Argentina,HBO Max,22.0,2532.0
tt26342662,2026-05-01,Brazil,Amazon,30.0,1195.0
tt26342662,2026-06-01,Brazil,Amazon,29.0,3374.0
tt26342662,2026-05-01,Colombia,Amazon,5.0,611.0
tt26342662,2026-05-01,Colombia,HBO Max,6.0,447.0
tt26342662,2026-06-01,Colombia,HBO Max,28.0,550.0
tt26342662,2026-05-01,Mexico,Amazon,10.0,1145.0
tt26342662,2026-05-01,Mexico,HBO Max,25.0,2428.0
tt26342662,2026-06-01,Mexico,HBO Max,58.0,3615.0
tt26443597,2026-05-01,Argentina,Disney+,265.0,20952.0
tt26443597,2026-06-01,Argentina,Disney+,156.0,12600.0
tt26443597,2026-05-01,Brazil,Disney+,941.0,61844.0
tt26443597,2026-06-01,Brazil,Disney+,701.0,36050.0
tt26443597,2026-05-01,Colombia,Disney+,286.0,29659.0
tt26443597,2026-06-01,Colombia,Disney+,451.0,34591.0
tt26443597,2026-05-01,Mexico,Disney+,476.0,39412.0
tt26443597,2026-06-01,Mexico,Disney+,1060.0,54868.0
tt26446278,2026-05-01,Argentina,Amazon,8.0,1442.0
tt26446278,2026-06-01,Argentina,Amazon,14.0,2607.0
tt26446278,2026-05-01,Colombia,Amazon,13.0,2243.0
tt26446278,2026-05-01,Mexico,Amazon,54.0,9121.0
tt26446278,2026-06-01,Mexico,Amazon,33.0,4927.0
tt26452781,2026-05-01,Argentina,Amazon,29.0,1944.0
tt26452781,2026-05-01,Colombia,Amazon,20.0,1483.0
tt26452781,2026-06-01,Colombia,Amazon,13.0,1145.0
tt26452781,2026-06-01,Mexico,Amazon,25.0,554.0
tt26533869,2026-05-01,Argentina,Amazon,8.0,776.0
tt26533869,2026-06-01,Argentina,Amazon,13.0,1109.0
tt26533869,2026-05-01,Brazil,Amazon,22.0,1141.0
tt26533869,2026-06-01,Brazil,Amazon,39.0,1976.0
tt26533869,2026-05-01,Colombia,Amazon,11.0,1046.0
tt26533869,2026-06-01,Colombia,Amazon,23.0,1992.0
tt26533869,2026-05-01,Mexico,Amazon,48.0,3559.0
tt26533869,2026-06-01,Mexico,Amazon,5.0,451.0
tt26546123,2026-06-01,Argentina,Amazon,25.0,2291.0
tt26546123,2026-05-01,Colombia,Amazon,4.0,346.0
tt26546123,2026-06-01,Colombia,Amazon,13.0,1196.0
tt26546123,2026-05-01,Mexico,Amazon,41.0,3803.0
tt26546123,2026-06-01,Mexico,Amazon,28.0,2523.0
tt26547864,2026-05-01,Argentina,Amazon,8.0,826.0
tt26547864,2026-05-01,Argentina,Netflix,11.0,3.0
tt26547864,2026-05-01,Brazil,Netflix,66.0,2172.0
tt26547864,2026-06-01,Brazil,Netflix,16.0,867.0
tt26547864,2026-05-01,Colombia,Netflix,9.0,471.0
tt26547864,2026-06-01,Colombia,Netflix,3.0,121.0
tt26547864,2026-05-01,Mexico,Netflix,12.0,1164.0
tt26547864,2026-06-01,Mexico,Netflix,11.0,64.0
tt26548664,2026-05-01,Argentina,Netflix,28.0,1636.0
tt26548664,2026-06-01,Argentina,Netflix,6.0,575.0
tt26548664,2026-05-01,Brazil,Netflix,91.0,7146.0
tt26548664,2026-06-01,Brazil,Netflix,40.0,2322.0
tt26548664,2026-05-01,Colombia,Netflix,34.0,2856.0
tt26548664,2026-06-01,Colombia,Netflix,9.0,796.0
tt26548664,2026-05-01,Mexico,Netflix,4.0,14.0
tt26584495,2026-06-01,Argentina,HBO Max,14.0,954.0
tt26584495,2026-05-01,Brazil,HBO Max,10.0,1000.0
tt26584495,2026-06-01,Brazil,HBO Max,45.0,1586.0
tt26584495,2026-06-01,Colombia,HBO Max,4.0,472.0
tt26584495,2026-05-01,Mexico,HBO Max,22.0,2276.0
tt26584495,2026-06-01,Mexico,HBO Max,1.0,11.0
tt26612950,2026-05-01,Argentina,Amazon,8.0,833.0
tt26612950,2026-06-01,Argentina,Amazon,8.0,793.0
tt26612950,2026-05-01,Brazil,Amazon,46.0,4571.0
tt26625693,2026-05-01,Argentina,Amazon,14.0,1614.0
tt26625693,2026-06-01,Argentina,Amazon,13.0,1473.0
tt26625693,2026-05-01,Brazil,Amazon,80.0,5742.0
tt26625693,2026-06-01,Brazil,Amazon,112.0,12571.0
tt26625693,2026-05-01,Mexico,Amazon,29.0,3597.0
tt26625693,2026-06-01,Mexico,Amazon,9.0,1138.0
tt26671996,2026-05-01,Brazil,Amazon,85.0,7515.0
tt26671996,2026-06-01,Brazil,Amazon,20.0,1807.0
tt26671996,2026-06-01,Colombia,Amazon,4.0,415.0
tt26671996,2026-05-01,Mexico,Amazon,9.0,873.0
tt26671996,2026-06-01,Mexico,Amazon,19.0,1704.0
tt26678938,2026-05-01,Argentina,Amazon,53.0,3685.0
tt26678938,2026-06-01,Argentina,Amazon,12.0,802.0
tt26678938,2026-05-01,Brazil,Amazon,227.0,18683.0
tt26678938,2026-06-01,Brazil,Amazon,116.0,9757.0
tt26678938,2026-05-01,Colombia,Amazon,80.0,6271.0
tt26678938,2026-06-01,Colombia,Amazon,26.0,2270.0
tt26678938,2026-05-01,Mexico,Amazon,257.0,15967.0
tt26678938,2026-06-01,Mexico,Amazon,47.0,1227.0
tt26735622,2026-05-01,Argentina,Amazon,224.0,23637.0
tt26735622,2026-06-01,Argentina,Amazon,32.0,3340.0
tt26735622,2026-05-01,Brazil,Amazon,1136.0,100622.0
tt26735622,2026-06-01,Brazil,Amazon,207.0,18962.0
tt26735622,2026-05-01,Colombia,Amazon,218.0,20578.0
tt26735622,2026-06-01,Colombia,Amazon,50.0,5532.0
tt26735622,2026-05-01,Mexico,Amazon,651.0,67904.0
tt26735622,2026-06-01,Mexico,Amazon,152.0,16410.0
tt26736843,2026-05-01,Argentina,Netflix,18.0,1924.0
tt26736843,2026-06-01,Argentina,Netflix,47.0,4623.0
tt26736843,2026-05-01,Brazil,HBO Max,36.0,2035.0
tt26736843,2026-05-01,Brazil,Netflix,181.0,13896.0
tt26736843,2026-06-01,Brazil,Netflix,254.0,20026.0
tt26736843,2026-05-01,Colombia,HBO Max,1.0,146.0
tt26736843,2026-06-01,Colombia,HBO Max,23.0,2142.0
tt26736843,2026-05-01,Colombia,Netflix,27.0,3088.0
tt26736843,2026-06-01,Colombia,Netflix,30.0,2710.0
tt26736843,2026-05-01,Mexico,Netflix,63.0,4401.0
tt26736843,2026-06-01,Mexico,Netflix,73.0,7334.0
tt26739529,2026-05-01,Brazil,Netflix,22.0,1288.0
tt26739529,2026-05-01,Colombia,Netflix,3.0,0.0
tt26739529,2026-06-01,Colombia,Netflix,13.0,1.0
tt26753003,2026-05-01,Argentina,Netflix,65.0,5663.0
tt26753003,2026-06-01,Argentina,Netflix,18.0,1798.0
tt26753003,2026-05-01,Brazil,Netflix,173.0,11872.0
tt26753003,2026-06-01,Brazil,Netflix,175.0,14624.0
tt26753003,2026-05-01,Colombia,Netflix,37.0,4161.0
tt26753003,2026-06-01,Colombia,Netflix,28.0,2293.0
tt26753003,2026-05-01,Mexico,Netflix,125.0,12960.0
tt26753003,2026-06-01,Mexico,Netflix,70.0,4621.0
tt26787296,2026-05-01,Brazil,Netflix,55.0,3129.0
tt26787296,2026-06-01,Brazil,Netflix,61.0,5024.0
tt26787296,2026-05-01,Colombia,Netflix,32.0,2326.0
tt26787296,2026-06-01,Colombia,Netflix,6.0,442.0
tt26787296,2026-06-01,Mexico,Netflix,25.0,1793.0
tt26861992,2026-06-01,Argentina,Netflix,7.0,159.0
tt26861992,2026-05-01,Brazil,Netflix,24.0,1669.0
tt26861992,2026-06-01,Brazil,Netflix,21.0,2491.0
tt26861992,2026-05-01,Colombia,Netflix,6.0,446.0
tt26861992,2026-06-01,Colombia,Netflix,3.0,85.0
tt26861992,2026-05-01,Mexico,Netflix,4.0,496.0
tt26861992,2026-06-01,Mexico,Netflix,4.0,309.0
tt26915336,2026-05-01,Brazil,Amazon,31.0,2724.0
tt26915336,2026-06-01,Brazil,Amazon,16.0,952.0
tt26915336,2026-05-01,Mexico,Amazon,35.0,3059.0
tt26915336,2026-06-01,Mexico,Amazon,8.0,684.0
tt26926267,2026-05-01,Argentina,Netflix,17.0,1543.0
tt26926267,2026-06-01,Argentina,Netflix,7.0,670.0
tt26926267,2026-05-01,Brazil,Netflix,21.0,1887.0
tt26926267,2026-05-01,Colombia,Netflix,9.0,926.0
tt26926267,2026-06-01,Colombia,Netflix,7.0,662.0
tt26926267,2026-05-01,Mexico,Netflix,36.0,3413.0
tt26926267,2026-06-01,Mexico,Netflix,65.0,5712.0
tt26928684,2026-05-01,Argentina,Amazon,14.0,553.0
tt26928684,2026-05-01,Brazil,Amazon,11.0,1049.0
tt26928684,2026-05-01,Colombia,Amazon,13.0,1296.0
tt26928684,2026-05-01,Mexico,Amazon,138.0,8951.0
tt26928684,2026-06-01,Mexico,Amazon,37.0,3536.0
tt26940324,2026-05-01,Argentina,Amazon,37.0,3959.0
tt26940324,2026-06-01,Argentina,Amazon,6.0,10.0
tt26940324,2026-06-01,Brazil,Amazon,20.0,2179.0
tt26940324,2026-05-01,Colombia,Amazon,10.0,1156.0
tt26940324,2026-05-01,Mexico,Amazon,40.0,4275.0
tt27004149,2026-05-01,Argentina,Netflix,11.0,1239.0
tt27004149,2026-06-01,Argentina,Netflix,7.0,884.0
tt27004149,2026-05-01,Brazil,Netflix,44.0,3535.0
tt27004149,2026-06-01,Brazil,Netflix,80.0,1500.0
tt27004149,2026-05-01,Colombia,Netflix,3.0,360.0
tt27004149,2026-06-01,Colombia,Netflix,9.0,906.0
tt27004149,2026-05-01,Mexico,Netflix,12.0,1338.0
tt27050277,2026-05-01,Argentina,Netflix,26.0,1826.0
tt27050277,2026-06-01,Argentina,Netflix,59.0,3918.0
tt27050277,2026-06-01,Brazil,Netflix,8.0,903.0
tt27050277,2026-05-01,Colombia,Netflix,3.0,400.0
tt27050277,2026-06-01,Colombia,Netflix,8.0,425.0
tt27050277,2026-05-01,Mexico,Netflix,7.0,757.0
tt27050277,2026-06-01,Mexico,Netflix,4.0,270.0
tt27192829,2026-05-01,Mexico,Netflix,15.0,1773.0
tt27192829,2026-06-01,Mexico,Netflix,26.0,894.0
tt27197387,2026-05-01,Argentina,Netflix,34.0,3445.0
tt27197387,2026-06-01,Argentina,Netflix,46.0,3606.0
tt27197387,2026-05-01,Brazil,Netflix,75.0,6239.0
tt27197387,2026-06-01,Brazil,Netflix,33.0,4180.0
tt27197387,2026-05-01,Colombia,Netflix,21.0,2676.0
tt27197387,2026-06-01,Colombia,Netflix,17.0,647.0
tt27197387,2026-05-01,Mexico,Netflix,74.0,6481.0
tt27197387,2026-06-01,Mexico,Netflix,51.0,6311.0
tt27218960,2026-06-01,Argentina,HBO Max,13.0,1041.0
tt27218960,2026-05-01,Brazil,Amazon,98.0,6976.0
tt27218960,2026-06-01,Brazil,Amazon,26.0,967.0
tt27369902,2026-06-01,Argentina,Amazon,6.0,51.0
tt27369902,2026-05-01,Brazil,Amazon,68.0,3203.0
tt27369902,2026-06-01,Brazil,Amazon,10.0,10.0
tt27369902,2026-06-01,Colombia,Amazon,4.0,188.0
tt27369902,2026-05-01,Mexico,Amazon,74.0,4161.0
tt27396895,2026-05-01,Argentina,Netflix,14.0,1534.0
tt27396895,2026-06-01,Argentina,Netflix,11.0,1222.0
tt27396895,2026-06-01,Brazil,Netflix,13.0,1382.0
tt27396895,2026-05-01,Colombia,Netflix,5.0,593.0
tt27396895,2026-06-01,Colombia,Netflix,11.0,1149.0
tt27396895,2026-05-01,Mexico,Netflix,19.0,1959.0
tt27396895,2026-06-01,Mexico,Netflix,7.0,785.0
tt27403986,2026-05-01,Argentina,HBO Max,37.0,556.0
tt27403986,2026-06-01,Brazil,HBO Max,57.0,4391.0
tt27403986,2026-05-01,Colombia,HBO Max,16.0,363.0
tt27403986,2026-06-01,Colombia,HBO Max,1.0,184.0
tt27403986,2026-06-01,Mexico,HBO Max,55.0,5224.0
tt27410895,2026-06-01,Argentina,Netflix,7.0,531.0
tt27410895,2026-05-01,Colombia,Netflix,13.0,467.0
tt27410895,2026-06-01,Colombia,Netflix,9.0,1068.0
tt27410895,2026-05-01,Mexico,Netflix,51.0,3840.0
tt27410895,2026-06-01,Mexico,Netflix,21.0,2468.0
tt27411270,2026-05-01,Argentina,Netflix,9.0,951.0
tt27411270,2026-06-01,Argentina,Netflix,7.0,344.0
tt27411270,2026-06-01,Brazil,Netflix,29.0,1943.0
tt27411270,2026-05-01,Mexico,Netflix,25.0,2487.0
tt27419292,2026-05-01,Argentina,Amazon,56.0,4071.0
tt27419292,2026-06-01,Argentina,Amazon,28.0,1108.0
tt27419292,2026-05-01,Brazil,Amazon,109.0,4321.0
tt27419292,2026-05-01,Colombia,Amazon,13.0,1202.0
tt27419292,2026-06-01,Colombia,Amazon,4.0,359.0
tt27419292,2026-05-01,Mexico,Amazon,15.0,1525.0
tt27419292,2026-06-01,Mexico,Amazon,9.0,861.0
tt27425164,2026-06-01,Argentina,Netflix,7.0,1370.0
tt27425164,2026-05-01,Brazil,Netflix,42.0,7427.0
tt27425164,2026-06-01,Brazil,Netflix,32.0,5711.0
tt27425164,2026-05-01,Colombia,Netflix,4.0,783.0
tt27425164,2026-06-01,Colombia,Netflix,3.0,669.0
tt27425164,2026-05-01,Mexico,Netflix,24.0,4231.0
tt27487473,2026-05-01,Argentina,Netflix,32.0,3431.0
tt27487473,2026-06-01,Argentina,Netflix,34.0,1748.0
tt27487473,2026-05-01,Brazil,Netflix,86.0,7001.0
tt27487473,2026-06-01,Brazil,Netflix,34.0,1367.0
tt27487473,2026-05-01,Colombia,Netflix,56.0,4661.0
tt27487473,2026-06-01,Colombia,Netflix,12.0,1522.0
tt27487473,2026-05-01,Mexico,Netflix,102.0,3551.0
tt27487473,2026-06-01,Mexico,Netflix,121.0,7599.0
tt27489557,2026-06-01,Argentina,Amazon,8.0,874.0
tt27489557,2026-05-01,Brazil,Netflix,119.0,12136.0
tt27489557,2026-06-01,Brazil,Netflix,179.0,14626.0
tt27489557,2026-05-01,Colombia,Amazon,26.0,2996.0
tt27489557,2026-06-01,Colombia,Amazon,15.0,1690.0
tt27489557,2026-05-01,Mexico,Amazon,30.0,3375.0
tt27489557,2026-06-01,Mexico,Amazon,47.0,5253.0
tt27503384,2026-05-01,Argentina,Netflix,45.0,3669.0
tt27503384,2026-06-01,Argentina,Netflix,55.0,4416.0
tt27503384,2026-05-01,Brazil,Netflix,72.0,8271.0
tt27503384,2026-06-01,Brazil,Netflix,89.0,2465.0
tt27503384,2026-05-01,Colombia,Netflix,41.0,3961.0
tt27503384,2026-06-01,Colombia,Netflix,18.0,2192.0
tt27503384,2026-05-01,Mexico,Netflix,36.0,3703.0
tt27503384,2026-06-01,Mexico,Netflix,65.0,3149.0
tt27543578,2026-05-01,Argentina,Amazon,78.0,5986.0
tt27543578,2026-06-01,Argentina,Amazon,69.0,3477.0
tt27543578,2026-05-01,Brazil,Amazon,507.0,27411.0
tt27543578,2026-06-01,Brazil,Amazon,123.0,10062.0
tt27543578,2026-05-01,Colombia,Amazon,102.0,5953.0
tt27543578,2026-06-01,Colombia,Amazon,40.0,2195.0
tt27543578,2026-05-01,Mexico,Amazon,122.0,7591.0
tt27543578,2026-06-01,Mexico,Amazon,112.0,10770.0
tt27543632,2026-06-01,Argentina,Amazon,655.0,79537.0
tt27543632,2026-05-01,Brazil,Amazon,60.0,7678.0
tt27543632,2026-06-01,Brazil,Amazon,20.0,2625.0
tt27543632,2026-06-01,Colombia,Amazon,1009.0,112305.0
tt27543632,2026-05-01,Mexico,Amazon,9.0,1251.0
tt27543632,2026-06-01,Mexico,Amazon,2923.0,340810.0
tt27548083,2026-05-01,Brazil,Netflix,13.0,1114.0
tt27548083,2026-06-01,Brazil,Netflix,29.0,2399.0
tt27548083,2026-05-01,Colombia,Netflix,3.0,321.0
tt27548083,2026-06-01,Colombia,Netflix,6.0,21.0
tt27552099,2026-05-01,Argentina,Disney+,141.0,5609.0
tt27552099,2026-06-01,Argentina,Disney+,33.0,2138.0
tt27552099,2026-05-01,Brazil,Disney+,329.0,15418.0
tt27552099,2026-05-01,Colombia,Disney+,88.0,3606.0
tt27552099,2026-06-01,Colombia,Disney+,61.0,4960.0
tt27552099,2026-05-01,Mexico,Disney+,244.0,6794.0
tt27552099,2026-06-01,Mexico,Disney+,78.0,2715.0
tt27578157,2026-05-01,Argentina,Netflix,19.0,1342.0
tt27578157,2026-06-01,Argentina,Netflix,444.0,34102.0
tt27578157,2026-05-01,Brazil,Netflix,73.0,6575.0
tt27578157,2026-06-01,Brazil,Netflix,814.0,68998.0
tt27578157,2026-05-01,Colombia,Netflix,15.0,1025.0
tt27578157,2026-06-01,Colombia,Netflix,346.0,26203.0
tt27578157,2026-05-01,Mexico,Netflix,98.0,5085.0
tt27578157,2026-06-01,Mexico,Netflix,558.0,45530.0
tt27599851,2026-05-01,Argentina,Amazon,60.0,6134.0
tt27599851,2026-06-01,Argentina,Amazon,12.0,1429.0
tt27599851,2026-05-01,Brazil,Amazon,110.0,12771.0
tt27599851,2026-06-01,Brazil,Amazon,108.0,12894.0
tt27599851,2026-05-01,Colombia,Amazon,38.0,2350.0
tt27599851,2026-06-01,Colombia,Amazon,34.0,2833.0
tt27599851,2026-05-01,Mexico,Amazon,58.0,5994.0
tt27599851,2026-06-01,Mexico,Amazon,64.0,6841.0
tt27613895,2026-05-01,Brazil,Amazon,31.0,2945.0
tt27613895,2026-06-01,Colombia,Amazon,4.0,445.0
tt27613895,2026-05-01,Mexico,Amazon,44.0,4156.0
tt27613895,2026-06-01,Mexico,Amazon,26.0,382.0
tt27621210,2026-05-01,Argentina,Amazon,41.0,3418.0
tt27621210,2026-06-01,Argentina,Amazon,8.0,980.0
tt27621210,2026-05-01,Brazil,Amazon,119.0,13383.0
tt27621210,2026-06-01,Brazil,Amazon,29.0,3176.0
tt27621210,2026-05-01,Colombia,Amazon,5.0,609.0
tt27621210,2026-06-01,Colombia,Amazon,38.0,4287.0
tt27621210,2026-05-01,Mexico,Amazon,69.0,7640.0
tt27621210,2026-06-01,Mexico,Amazon,50.0,5825.0
tt27640680,2026-06-01,Colombia,Netflix,4.0,486.0
tt27640680,2026-05-01,Mexico,Netflix,73.0,5107.0
tt27640680,2026-06-01,Mexico,Netflix,23.0,2581.0
tt27673536,2026-05-01,Argentina,Netflix,51.0,4311.0
tt27673536,2026-06-01,Argentina,Netflix,26.0,2516.0
tt27673536,2026-05-01,Brazil,Netflix,200.0,19267.0
tt27673536,2026-06-01,Brazil,Netflix,122.0,5362.0
tt27673536,2026-05-01,Colombia,Netflix,23.0,2584.0
tt27673536,2026-06-01,Colombia,Netflix,24.0,1662.0
tt27673536,2026-05-01,Mexico,Netflix,111.0,8829.0
tt27673536,2026-06-01,Mexico,Netflix,36.0,4310.0
tt27675583,2026-05-01,Argentina,Netflix,7.0,740.0
tt27675583,2026-05-01,Brazil,Netflix,104.0,6140.0
tt27675583,2026-06-01,Brazil,Netflix,29.0,1419.0
tt27675583,2026-05-01,Colombia,Netflix,15.0,1579.0
tt27675583,2026-05-01,Mexico,Netflix,36.0,3522.0
tt27714946,2026-05-01,Argentina,Amazon,43.0,1932.0
tt27714946,2026-05-01,Brazil,Amazon,22.0,2053.0
tt27714946,2026-06-01,Brazil,Amazon,46.0,1153.0
tt27714946,2026-05-01,Colombia,Amazon,11.0,1044.0
tt27714946,2026-06-01,Colombia,Amazon,40.0,3552.0
tt27714946,2026-06-01,Mexico,Amazon,12.0,1242.0
tt27717667,2026-05-01,Argentina,Netflix,8.0,240.0
tt27717667,2026-05-01,Mexico,Netflix,55.0,7023.0
tt27717667,2026-06-01,Mexico,Netflix,56.0,907.0
tt27722618,2026-05-01,Argentina,Netflix,38.0,3449.0
tt27722618,2026-06-01,Argentina,Netflix,29.0,1577.0
tt27722618,2026-05-01,Brazil,Netflix,47.0,2092.0
tt27722618,2026-05-01,Colombia,Netflix,36.0,3516.0
tt27722618,2026-06-01,Colombia,Netflix,35.0,3822.0
tt27722618,2026-05-01,Mexico,Netflix,121.0,12940.0
tt27722618,2026-06-01,Mexico,Netflix,68.0,6162.0
tt27729779,2026-06-01,Argentina,Netflix,7.0,741.0
tt27729779,2026-05-01,Brazil,Netflix,42.0,4086.0
tt27729779,2026-06-01,Brazil,Netflix,21.0,878.0
tt27729779,2026-05-01,Colombia,Netflix,3.0,112.0
tt27729779,2026-06-01,Colombia,Netflix,3.0,158.0
tt27729779,2026-05-01,Mexico,Netflix,32.0,1321.0
tt27729779,2026-06-01,Mexico,Netflix,8.0,913.0
tt27812086,2026-05-01,Argentina,Amazon,303.0,21156.0
tt27812086,2026-06-01,Argentina,Amazon,120.0,10448.0
tt27812086,2026-05-01,Brazil,Amazon,1892.0,100758.0
tt27812086,2026-06-01,Brazil,Amazon,440.0,29427.0
tt27812086,2026-05-01,Colombia,Amazon,468.0,35591.0
tt27812086,2026-06-01,Colombia,Amazon,303.0,19812.0
tt27812086,2026-05-01,Mexico,Amazon,1113.0,84666.0
tt27812086,2026-06-01,Mexico,Amazon,339.0,20693.0
tt27828085,2026-05-01,Brazil,Netflix,8.0,930.0
tt27828085,2026-05-01,Mexico,Netflix,8.0,879.0
tt27828085,2026-06-01,Mexico,Netflix,32.0,3462.0
tt27837387,2026-05-01,Brazil,Netflix,28.0,2421.0
tt27837387,2026-05-01,Colombia,Netflix,3.0,325.0
tt27837387,2026-06-01,Colombia,Netflix,6.0,632.0
tt27837387,2026-05-01,Mexico,Netflix,7.0,240.0
tt27837387,2026-06-01,Mexico,Netflix,11.0,1000.0
tt27837467,2026-05-01,Brazil,Netflix,13.0,415.0
tt27837467,2026-06-01,Brazil,Netflix,13.0,1243.0
tt27837467,2026-06-01,Colombia,Netflix,4.0,423.0
tt27837488,2026-05-01,Brazil,Netflix,13.0,76.0
tt27837488,2026-06-01,Brazil,Netflix,31.0,2069.0
tt27837488,2026-06-01,Colombia,Netflix,21.0,1149.0
tt27837488,2026-05-01,Mexico,Netflix,4.0,115.0
tt27837488,2026-06-01,Mexico,Netflix,8.0,174.0
tt27843798,2026-05-01,Argentina,Netflix,7.0,872.0
tt27843798,2026-05-01,Brazil,Netflix,101.0,2100.0
tt27843798,2026-06-01,Brazil,Netflix,39.0,1922.0
tt27843798,2026-05-01,Colombia,Netflix,4.0,509.0
tt27843798,2026-06-01,Colombia,Netflix,4.0,501.0
tt27843798,2026-05-01,Mexico,Netflix,10.0,327.0
tt27847051,2026-05-01,Brazil,Netflix,350.0,30735.0
tt27847051,2026-06-01,Brazil,Netflix,45.0,2980.0
tt27911000,2026-05-01,Argentina,Amazon,59.0,7263.0
tt27911000,2026-06-01,Argentina,Amazon,12.0,1560.0
tt27911000,2026-05-01,Brazil,Amazon,113.0,14057.0
tt27911000,2026-06-01,Brazil,Amazon,17.0,963.0
tt27911000,2026-05-01,Colombia,Amazon,44.0,4858.0
tt27911000,2026-06-01,Colombia,Amazon,5.0,725.0
tt27911000,2026-05-01,Mexico,Amazon,127.0,12355.0
tt27911000,2026-06-01,Mexico,Amazon,98.0,11770.0
tt27931052,2026-05-01,Brazil,Netflix,8.0,713.0
tt27931052,2026-05-01,Colombia,Netflix,16.0,400.0
tt27931052,2026-06-01,Colombia,Netflix,3.0,89.0
tt27936770,2026-05-01,Argentina,Netflix,11.0,1516.0
tt27936770,2026-06-01,Argentina,Netflix,16.0,120.0
tt27936770,2026-05-01,Brazil,Netflix,14.0,0.0
tt27936770,2026-05-01,Colombia,Netflix,15.0,564.0
tt27936770,2026-06-01,Colombia,Netflix,4.0,592.0
tt27936770,2026-05-01,Mexico,Netflix,102.0,7648.0
tt27986457,2026-05-01,Argentina,Amazon,14.0,1653.0
tt27986457,2026-06-01,Argentina,Amazon,19.0,1509.0
tt27986457,2026-05-01,Brazil,Amazon,57.0,6648.0
tt27986457,2026-06-01,Brazil,Amazon,89.0,10042.0
tt27986457,2026-05-01,Colombia,Amazon,39.0,4088.0
tt27986457,2026-06-01,Colombia,Amazon,21.0,2485.0
tt27986457,2026-05-01,Mexico,Amazon,14.0,1695.0
tt27986457,2026-06-01,Mexico,Amazon,133.0,14516.0
tt27987046,2026-06-01,Argentina,Netflix,6.0,424.0
tt27987046,2026-05-01,Brazil,Netflix,21.0,0.0
tt27987046,2026-06-01,Brazil,Netflix,13.0,103.0
tt27987046,2026-05-01,Colombia,Netflix,12.0,47.0
tt28026215,2026-05-01,Argentina,Amazon,20.0,1802.0
tt28026215,2026-05-01,Brazil,Amazon,20.0,1799.0
tt28026215,2026-06-01,Brazil,Amazon,66.0,5845.0
tt28026215,2026-06-01,Colombia,Amazon,20.0,1841.0
tt28026215,2026-05-01,Mexico,Amazon,30.0,2597.0
tt28026215,2026-06-01,Mexico,Amazon,9.0,790.0
tt28073548,2026-05-01,Brazil,Netflix,55.0,4435.0
tt28073548,2026-05-01,Colombia,Netflix,32.0,2428.0
tt28073548,2026-06-01,Colombia,Netflix,12.0,927.0
tt28073548,2026-05-01,Mexico,Netflix,4.0,398.0
tt28073548,2026-06-01,Mexico,Netflix,23.0,2059.0
tt28075881,2026-06-01,Argentina,Netflix,8.0,1065.0
tt28075881,2026-05-01,Brazil,Netflix,21.0,2638.0
tt28075881,2026-06-01,Brazil,Netflix,20.0,369.0
tt28075881,2026-05-01,Colombia,Netflix,3.0,476.0
tt28075881,2026-05-01,Mexico,Netflix,7.0,934.0
tt28078628,2026-05-01,Argentina,HBO Max,33.0,1694.0
tt28078628,2026-05-01,Brazil,HBO Max,88.0,9565.0
tt28078628,2026-06-01,Brazil,HBO Max,67.0,7137.0
tt28078628,2026-05-01,Colombia,HBO Max,14.0,1308.0
tt28078628,2026-06-01,Colombia,HBO Max,2.0,344.0
tt28078628,2026-05-01,Mexico,HBO Max,16.0,1516.0
tt28083456,2026-05-01,Argentina,Disney+,111.0,7332.0
tt28083456,2026-06-01,Argentina,Disney+,47.0,2015.0
tt28083456,2026-05-01,Brazil,Disney+,94.0,6979.0
tt28083456,2026-06-01,Brazil,Disney+,20.0,2495.0
tt28083456,2026-05-01,Colombia,Disney+,29.0,2126.0
tt28083456,2026-06-01,Colombia,Disney+,23.0,1363.0
tt28083456,2026-05-01,Mexico,Disney+,36.0,4206.0
tt28083456,2026-06-01,Mexico,Disney+,52.0,946.0
tt28105944,2026-06-01,Argentina,Netflix,16.0,538.0
tt28105944,2026-06-01,Brazil,Netflix,9.0,998.0
tt28105944,2026-05-01,Colombia,Netflix,28.0,2867.0
tt28105944,2026-06-01,Colombia,Netflix,15.0,1082.0
tt28105944,2026-05-01,Mexico,Netflix,31.0,202.0
tt28105944,2026-06-01,Mexico,Netflix,4.0,125.0
tt28182736,2026-05-01,Brazil,Amazon,48.0,5136.0
tt28182736,2026-06-01,Brazil,Amazon,96.0,9923.0
tt28182736,2026-05-01,Mexico,Amazon,10.0,603.0
tt28182736,2026-06-01,Mexico,Amazon,12.0,1358.0
tt28239363,2026-06-01,Argentina,Amazon,13.0,1363.0
tt28239363,2026-05-01,Brazil,Amazon,29.0,3145.0
tt28239363,2026-06-01,Brazil,Amazon,49.0,5289.0
tt28239363,2026-05-01,Colombia,Amazon,12.0,1413.0
tt28239363,2026-06-01,Colombia,Amazon,4.0,484.0
tt28239363,2026-05-01,Mexico,Amazon,38.0,3715.0
tt28239363,2026-06-01,Mexico,Amazon,31.0,3304.0
tt28248897,2026-05-01,Brazil,Amazon,18.0,2081.0
tt28248897,2026-06-01,Brazil,Amazon,19.0,2356.0
tt28248897,2026-05-01,Colombia,Amazon,4.0,544.0
tt28248897,2026-06-01,Mexico,Amazon,12.0,1459.0
tt28301898,2026-05-01,Argentina,Netflix,35.0,2072.0
tt28301898,2026-06-01,Argentina,Netflix,11.0,1051.0
tt28301898,2026-05-01,Brazil,Netflix,49.0,3866.0
tt28301898,2026-06-01,Brazil,Netflix,39.0,850.0
tt28301898,2026-05-01,Colombia,Netflix,13.0,871.0
tt28301898,2026-06-01,Colombia,Netflix,18.0,1213.0
tt28301898,2026-05-01,Mexico,Netflix,26.0,1957.0
tt28309594,2026-05-01,Argentina,Netflix,95.0,7408.0
tt28309594,2026-06-01,Argentina,Netflix,26.0,3014.0
tt28309594,2026-05-01,Brazil,Netflix,103.0,7929.0
tt28309594,2026-05-01,Colombia,Netflix,3.0,357.0
tt28309594,2026-06-01,Colombia,Netflix,10.0,1275.0
tt28309594,2026-05-01,Mexico,Netflix,97.0,9902.0
tt28309594,2026-06-01,Mexico,Netflix,67.0,3969.0
tt28349451,2026-05-01,Argentina,Netflix,13.0,1939.0
tt28349451,2026-06-01,Argentina,Netflix,9.0,38.0
tt28349451,2026-05-01,Brazil,Netflix,72.0,8874.0
tt28349451,2026-06-01,Brazil,Netflix,29.0,3179.0
tt28349451,2026-05-01,Colombia,Netflix,20.0,2624.0
tt28349451,2026-06-01,Colombia,Netflix,15.0,901.0
tt28349451,2026-05-01,Mexico,Netflix,45.0,2623.0
tt28349451,2026-06-01,Mexico,Netflix,90.0,9685.0
tt28355490,2026-05-01,Argentina,Netflix,27.0,2807.0
tt28355490,2026-06-01,Argentina,Netflix,15.0,1518.0
tt28355490,2026-05-01,Brazil,Netflix,62.0,3835.0
tt28355490,2026-05-01,Colombia,Netflix,18.0,693.0
tt28355490,2026-06-01,Colombia,Netflix,7.0,437.0
tt28355490,2026-06-01,Mexico,Netflix,26.0,1905.0
tt28448182,2026-05-01,Brazil,Netflix,13.0,1354.0
tt28448182,2026-06-01,Brazil,Netflix,8.0,198.0
tt28448182,2026-05-01,Colombia,Netflix,3.0,184.0
tt28448182,2026-05-01,Mexico,Netflix,27.0,1979.0
tt28477867,2026-05-01,Argentina,Disney+,6.0,311.0
tt28477867,2026-06-01,Argentina,Disney+,6.0,305.0
tt28477867,2026-06-01,Brazil,Disney+,29.0,513.0
tt28477867,2026-06-01,Colombia,Disney+,4.0,91.0
tt28477867,2026-05-01,Mexico,Disney+,2.0,97.0
tt28491891,2026-05-01,Brazil,Netflix,16.0,863.0
tt28491891,2026-06-01,Brazil,Netflix,8.0,407.0
tt28491891,2026-05-01,Colombia,Netflix,3.0,7.0
tt28491891,2026-06-01,Colombia,Netflix,18.0,1978.0
tt28491891,2026-05-01,Mexico,Netflix,6.0,658.0
tt28494829,2026-05-01,Argentina,Netflix,14.0,1635.0
tt28494829,2026-06-01,Brazil,Netflix,40.0,4387.0
tt28494829,2026-05-01,Colombia,Netflix,6.0,444.0
tt28494829,2026-06-01,Colombia,Netflix,6.0,349.0
tt28494829,2026-05-01,Mexico,Netflix,53.0,5371.0
tt28494829,2026-06-01,Mexico,Netflix,78.0,5366.0
tt28497675,2026-05-01,Brazil,Amazon,28.0,3008.0
tt28497675,2026-06-01,Brazil,Amazon,43.0,4551.0
tt28510079,2026-05-01,Argentina,Amazon,22.0,2657.0
tt28510079,2026-06-01,Argentina,Amazon,63.0,5859.0
tt28510079,2026-05-01,Brazil,Amazon,157.0,18481.0
tt28510079,2026-06-01,Brazil,Amazon,203.0,22432.0
tt28510079,2026-05-01,Colombia,Amazon,101.0,11036.0
tt28510079,2026-06-01,Colombia,Amazon,63.0,6479.0
tt28510079,2026-05-01,Mexico,Amazon,113.0,13099.0
tt28510079,2026-06-01,Mexico,Amazon,159.0,12035.0
tt28552695,2026-06-01,Argentina,Netflix,7.0,834.0
tt28552695,2026-05-01,Brazil,Netflix,69.0,6948.0
tt28552695,2026-06-01,Brazil,Netflix,29.0,3036.0
tt28552695,2026-05-01,Colombia,Netflix,4.0,463.0
tt28567745,2026-05-01,Argentina,Netflix,9.0,315.0
tt28567745,2026-06-01,Argentina,Netflix,6.0,608.0
tt28567745,2026-05-01,Brazil,Netflix,19.0,1914.0
tt28567745,2026-06-01,Brazil,Netflix,16.0,910.0
tt28567745,2026-06-01,Colombia,Netflix,6.0,393.0
tt28567745,2026-05-01,Mexico,Netflix,72.0,7040.0
tt28567745,2026-06-01,Mexico,Netflix,23.0,2371.0
tt28657879,2026-06-01,Brazil,Netflix,13.0,82.0
tt28657879,2026-05-01,Colombia,Netflix,15.0,1197.0
tt28657879,2026-06-01,Colombia,Netflix,8.0,457.0
tt28657879,2026-05-01,Mexico,Netflix,11.0,484.0
tt28657879,2026-06-01,Mexico,Netflix,4.0,441.0
tt28664733,2026-06-01,Brazil,Netflix,19.0,1790.0
tt28664733,2026-05-01,Colombia,Netflix,12.0,1174.0
tt28664733,2026-06-01,Colombia,Netflix,28.0,2736.0
tt28664733,2026-05-01,Mexico,Netflix,6.0,4.0
tt28664733,2026-06-01,Mexico,Netflix,56.0,5436.0
tt28690443,2026-05-01,Colombia,Netflix,12.0,1461.0
tt28690443,2026-06-01,Colombia,Netflix,9.0,1075.0
tt28690443,2026-06-01,Mexico,Netflix,28.0,3037.0
tt28756876,2026-05-01,Brazil,Netflix,19.0,1003.0
tt28756876,2026-06-01,Brazil,Netflix,9.0,698.0
tt28756876,2026-06-01,Colombia,Netflix,9.0,561.0
tt28756876,2026-05-01,Mexico,Netflix,4.0,340.0
tt28769440,2026-05-01,Argentina,Netflix,16.0,1185.0
tt28769440,2026-06-01,Argentina,Netflix,16.0,1661.0
tt28769440,2026-06-01,Mexico,Netflix,32.0,3326.0
tt28784834,2026-05-01,Argentina,HBO Max,168.0,8687.0
tt28784834,2026-06-01,Argentina,HBO Max,21.0,146.0
tt28784834,2026-05-01,Brazil,HBO Max,83.0,9317.0
tt28784834,2026-06-01,Brazil,HBO Max,60.0,3860.0
tt28784834,2026-05-01,Colombia,HBO Max,72.0,7492.0
tt28784834,2026-06-01,Colombia,HBO Max,6.0,747.0
tt28784834,2026-05-01,Mexico,HBO Max,261.0,19241.0
tt28784834,2026-06-01,Mexico,HBO Max,31.0,569.0
tt28793125,2026-05-01,Argentina,Netflix,45.0,1961.0
tt28793125,2026-06-01,Argentina,Netflix,30.0,2512.0
tt28793125,2026-05-01,Brazil,Netflix,22.0,118.0
tt28793125,2026-06-01,Brazil,Netflix,49.0,3499.0
tt28793125,2026-05-01,Colombia,Netflix,8.0,852.0
tt28793125,2026-05-01,Mexico,Netflix,62.0,4377.0
tt28793125,2026-06-01,Mexico,Netflix,85.0,6597.0
tt28810493,2026-06-01,Argentina,Netflix,7.0,622.0
tt28810493,2026-06-01,Brazil,Netflix,19.0,71.0
tt28810493,2026-05-01,Colombia,Netflix,4.0,361.0
tt28810493,2026-06-01,Colombia,Netflix,12.0,1017.0
tt28810493,2026-06-01,Mexico,Netflix,4.0,359.0
tt28943278,2026-06-01,Argentina,Netflix,49.0,3869.0
tt28943278,2026-05-01,Brazil,Netflix,63.0,515.0
tt28943278,2026-06-01,Brazil,Netflix,245.0,16381.0
tt28943278,2026-05-01,Colombia,Netflix,9.0,429.0
tt28943278,2026-06-01,Colombia,Netflix,31.0,1856.0
tt28943278,2026-05-01,Mexico,Netflix,11.0,1164.0
tt28943278,2026-06-01,Mexico,Netflix,109.0,8467.0
tt29114029,2026-05-01,Argentina,Netflix,37.0,3490.0
tt29114029,2026-06-01,Argentina,Netflix,11.0,443.0
tt29114029,2026-05-01,Brazil,Netflix,16.0,1736.0
tt29114029,2026-06-01,Brazil,Netflix,99.0,10286.0
tt29114029,2026-05-01,Colombia,Netflix,15.0,1541.0
tt29114029,2026-06-01,Colombia,Netflix,19.0,1535.0
tt29114029,2026-05-01,Mexico,Netflix,72.0,6800.0
tt29114029,2026-06-01,Mexico,Netflix,44.0,2594.0
tt29195603,2026-05-01,Argentina,Netflix,29.0,536.0
tt29195603,2026-06-01,Argentina,Netflix,18.0,1737.0
tt29195603,2026-05-01,Brazil,Netflix,87.0,4777.0
tt29195603,2026-06-01,Brazil,Netflix,35.0,2052.0
tt29195603,2026-05-01,Colombia,Netflix,23.0,1923.0
tt29195603,2026-06-01,Colombia,Netflix,3.0,338.0
tt29195603,2026-05-01,Mexico,Netflix,24.0,2315.0
tt29195603,2026-06-01,Mexico,Netflix,63.0,5169.0
tt29242846,2026-05-01,Argentina,Netflix,29.0,2236.0
tt29242846,2026-06-01,Argentina,Netflix,7.0,774.0
tt29242846,2026-05-01,Brazil,Netflix,52.0,2192.0
tt29242846,2026-06-01,Brazil,Netflix,29.0,2856.0
tt29242846,2026-05-01,Colombia,Netflix,15.0,1382.0
tt29242846,2026-06-01,Colombia,Netflix,10.0,487.0
tt29242846,2026-05-01,Mexico,Netflix,14.0,785.0
tt29242846,2026-06-01,Mexico,Netflix,4.0,447.0
tt29247040,2026-06-01,Argentina,Netflix,8.0,77.0
tt29247040,2026-05-01,Brazil,Netflix,61.0,4016.0
tt29247040,2026-06-01,Brazil,Netflix,51.0,1684.0
tt29247040,2026-05-01,Colombia,Netflix,6.0,380.0
tt29247040,2026-05-01,Mexico,Netflix,44.0,1162.0
tt29247040,2026-06-01,Mexico,Netflix,32.0,295.0
tt29260436,2026-05-01,Argentina,Netflix,36.0,1638.0
tt29260436,2026-06-01,Argentina,Netflix,7.0,730.0
tt29260436,2026-05-01,Brazil,Netflix,30.0,136.0
tt29260436,2026-06-01,Brazil,Netflix,8.0,820.0
tt29260436,2026-05-01,Colombia,Netflix,3.0,312.0
tt29260436,2026-06-01,Colombia,Netflix,14.0,1551.0
tt29268110,2026-05-01,Brazil,Netflix,106.0,9510.0
tt29268110,2026-06-01,Brazil,Netflix,20.0,2529.0
tt29268110,2026-05-01,Colombia,Netflix,3.0,378.0
tt29268110,2026-06-01,Colombia,Netflix,4.0,162.0
tt29268110,2026-05-01,Mexico,Netflix,80.0,10041.0
tt29288566,2026-05-01,Argentina,Netflix,16.0,1422.0
tt29288566,2026-06-01,Argentina,Netflix,9.0,817.0
tt29288566,2026-06-01,Brazil,Netflix,31.0,2782.0
tt29288566,2026-05-01,Colombia,Netflix,3.0,295.0
tt29361963,2026-05-01,Argentina,Netflix,15.0,772.0
tt29361963,2026-06-01,Argentina,Netflix,16.0,1481.0
tt29361963,2026-05-01,Brazil,Netflix,32.0,1848.0
tt29361963,2026-06-01,Brazil,Netflix,148.0,9594.0
tt29361963,2026-05-01,Colombia,Netflix,3.0,314.0
tt29361963,2026-06-01,Colombia,Netflix,13.0,698.0
tt29361963,2026-05-01,Mexico,Netflix,71.0,6631.0
tt29361963,2026-06-01,Mexico,Netflix,7.0,716.0
tt29368988,2026-05-01,Argentina,Netflix,43.0,2130.0
tt29368988,2026-06-01,Argentina,Netflix,29.0,2281.0
tt29368988,2026-05-01,Brazil,Netflix,38.0,3579.0
tt29368988,2026-05-01,Colombia,Netflix,3.0,369.0
tt29383300,2026-05-01,Argentina,Netflix,16.0,1933.0
tt29383300,2026-05-01,Brazil,Netflix,34.0,34.0
tt29383300,2026-06-01,Brazil,Netflix,17.0,2049.0
tt29383300,2026-06-01,Colombia,Netflix,4.0,47.0
tt29439114,2026-05-01,Brazil,Netflix,49.0,0.0
tt29439114,2026-06-01,Brazil,Netflix,19.0,1985.0
tt29439114,2026-05-01,Colombia,Netflix,10.0,1113.0
tt29439114,2026-05-01,Mexico,Netflix,20.0,1050.0
tt29471733,2026-05-01,Brazil,Amazon,57.0,2719.0
tt29471733,2026-05-01,Colombia,Amazon,10.0,885.0
tt29471733,2026-06-01,Colombia,Amazon,4.0,382.0
tt29471733,2026-06-01,Mexico,Amazon,9.0,218.0
tt29538571,2026-05-01,Brazil,Netflix,61.0,5359.0
tt29538571,2026-06-01,Brazil,Netflix,13.0,1139.0
tt29538571,2026-05-01,Colombia,Netflix,4.0,390.0
tt29538571,2026-06-01,Colombia,Netflix,13.0,1178.0
tt29538571,2026-05-01,Mexico,Netflix,30.0,2096.0
tt29538571,2026-06-01,Mexico,Netflix,4.0,8.0
tt29538620,2026-05-01,Brazil,Netflix,238.0,15295.0
tt29538620,2026-06-01,Brazil,Netflix,192.0,15179.0
tt29544253,2026-05-01,Brazil,Amazon,175.0,7836.0
tt29544253,2026-06-01,Brazil,Amazon,40.0,3091.0
tt29544253,2026-05-01,Colombia,Amazon,4.0,390.0
tt29544253,2026-06-01,Colombia,Amazon,26.0,432.0
tt29544253,2026-05-01,Mexico,Amazon,77.0,5459.0
tt29544253,2026-06-01,Mexico,Amazon,19.0,1593.0
tt29552248,2026-05-01,Argentina,Netflix,1530.0,114540.0
tt29552248,2026-06-01,Argentina,Netflix,402.0,28842.0
tt29552248,2026-05-01,Brazil,Netflix,11618.0,855178.0
tt29552248,2026-06-01,Brazil,Netflix,2081.0,152637.0
tt29552248,2026-05-01,Colombia,Netflix,2598.0,191906.0
tt29552248,2026-06-01,Colombia,Netflix,1051.0,75829.0
tt29552248,2026-05-01,Mexico,Netflix,6230.0,441676.0
tt29552248,2026-06-01,Mexico,Netflix,2798.0,198164.0
tt29603959,2026-05-01,Argentina,Netflix,91.0,8937.0
tt29603959,2026-06-01,Argentina,Netflix,7.0,803.0
tt29603959,2026-05-01,Brazil,Netflix,190.0,16747.0
tt29603959,2026-06-01,Brazil,Netflix,53.0,4817.0
tt29603959,2026-05-01,Colombia,Netflix,151.0,14057.0
tt29603959,2026-06-01,Colombia,Netflix,6.0,12.0
tt29603959,2026-05-01,Mexico,Netflix,112.0,9387.0
tt29603959,2026-06-01,Mexico,Netflix,77.0,8271.0
tt29609422,2026-05-01,Argentina,Netflix,22.0,66.0
tt29609422,2026-05-01,Colombia,Netflix,13.0,1682.0
tt29609422,2026-06-01,Colombia,Netflix,7.0,778.0
tt29609422,2026-05-01,Mexico,Netflix,12.0,1657.0
tt29634843,2026-05-01,Argentina,Netflix,136.0,12218.0
tt29634843,2026-06-01,Argentina,Netflix,28.0,1021.0
tt29634843,2026-05-01,Brazil,Netflix,326.0,23303.0
tt29634843,2026-06-01,Brazil,Netflix,231.0,17653.0
tt29634843,2026-05-01,Colombia,Netflix,65.0,5093.0
tt29634843,2026-06-01,Colombia,Netflix,97.0,8825.0
tt29634843,2026-05-01,Mexico,Netflix,109.0,9906.0
tt29634843,2026-06-01,Mexico,Netflix,54.0,2600.0
tt2965408,2026-05-01,Argentina,Netflix,78.0,3623.0
tt2965408,2026-06-01,Argentina,Netflix,16.0,1573.0
tt2965408,2026-05-01,Brazil,Netflix,129.0,8512.0
tt2965408,2026-06-01,Brazil,Netflix,69.0,3307.0
tt2965408,2026-05-01,Colombia,Netflix,28.0,2709.0
tt2965408,2026-06-01,Colombia,Netflix,13.0,1260.0
tt2965408,2026-05-01,Mexico,Netflix,133.0,8683.0
tt2965408,2026-06-01,Mexico,Netflix,89.0,7123.0
tt29722855,2026-05-01,Argentina,Netflix,22.0,1615.0
tt29722855,2026-06-01,Argentina,Netflix,35.0,2221.0
tt29722855,2026-05-01,Brazil,Netflix,57.0,6207.0
tt29722855,2026-06-01,Brazil,Netflix,52.0,3458.0
tt29722855,2026-05-01,Colombia,Netflix,13.0,547.0
tt29722855,2026-06-01,Colombia,Netflix,3.0,400.0
tt29722855,2026-05-01,Mexico,Netflix,12.0,1425.0
tt29722855,2026-06-01,Mexico,Netflix,148.0,10444.0
tt29768333,2026-05-01,Argentina,Netflix,18.0,76.0
tt29768333,2026-06-01,Argentina,Netflix,19.0,1927.0
tt29768333,2026-05-01,Brazil,Netflix,53.0,5753.0
tt29768333,2026-06-01,Brazil,Netflix,50.0,5524.0
tt29768333,2026-05-01,Colombia,Netflix,13.0,740.0
tt29768333,2026-06-01,Colombia,Netflix,20.0,2467.0
tt29768333,2026-05-01,Mexico,Netflix,36.0,3485.0
tt29768333,2026-06-01,Mexico,Netflix,32.0,3181.0
tt29919979,2026-05-01,Colombia,Disney+,5.0,434.0
tt29919979,2026-06-01,Colombia,Disney+,11.0,234.0
tt29919979,2026-06-01,Mexico,Disney+,53.0,140.0
tt29927663,2026-05-01,Argentina,Netflix,62.0,4829.0
tt29927663,2026-06-01,Argentina,Netflix,26.0,2942.0
tt29927663,2026-05-01,Brazil,Netflix,155.0,12475.0
tt29927663,2026-06-01,Brazil,Netflix,52.0,5354.0
tt29927663,2026-05-01,Colombia,Netflix,38.0,4131.0
tt29927663,2026-06-01,Colombia,Netflix,91.0,7291.0
tt29927663,2026-05-01,Mexico,Netflix,331.0,26071.0
tt29927663,2026-06-01,Mexico,Netflix,377.0,34198.0
tt30007864,2026-05-01,Brazil,Netflix,21.0,2198.0
tt30007864,2026-06-01,Brazil,Netflix,122.0,7187.0
tt30017619,2026-05-01,Argentina,HBO Max,60.0,5351.0
tt30017619,2026-06-01,Argentina,HBO Max,19.0,1386.0
tt30017619,2026-05-01,Brazil,Amazon,48.0,5114.0
tt30017619,2026-06-01,Brazil,Amazon,180.0,11027.0
tt30017619,2026-05-01,Colombia,HBO Max,115.0,9752.0
tt30017619,2026-06-01,Colombia,HBO Max,78.0,6028.0
tt30017619,2026-05-01,Mexico,HBO Max,343.0,13768.0
tt30017619,2026-06-01,Mexico,HBO Max,254.0,20057.0
tt30023697,2026-05-01,Argentina,Disney+,10.0,636.0
tt30023697,2026-05-01,Colombia,Disney+,6.0,23.0
tt30023697,2026-06-01,Colombia,Disney+,13.0,37.0
tt30023697,2026-06-01,Mexico,Disney+,6.0,170.0
tt30096221,2026-05-01,Argentina,Disney+,39.0,3230.0
tt30096221,2026-06-01,Argentina,Disney+,46.0,3144.0
tt30096221,2026-05-01,Brazil,Disney+,91.0,10616.0
tt30096221,2026-06-01,Brazil,Disney+,11.0,1325.0
tt30096221,2026-05-01,Colombia,Disney+,19.0,1360.0
tt30096221,2026-06-01,Colombia,Disney+,48.0,4158.0
tt30096221,2026-05-01,Mexico,Disney+,127.0,7990.0
tt30096221,2026-06-01,Mexico,Disney+,41.0,1751.0
tt30144839,2026-05-01,Argentina,HBO Max,33.0,461.0
tt30144839,2026-06-01,Argentina,HBO Max,25.0,4096.0
tt30144839,2026-05-01,Brazil,HBO Max,87.0,11356.0
tt30144839,2026-06-01,Brazil,HBO Max,10.0,540.0
tt30144839,2026-05-01,Colombia,HBO Max,27.0,4350.0
tt30144839,2026-06-01,Colombia,HBO Max,32.0,2971.0
tt30144839,2026-05-01,Mexico,HBO Max,144.0,17187.0
tt30144839,2026-06-01,Mexico,HBO Max,80.0,3262.0
tt30150769,2026-05-01,Argentina,HBO Max,8.0,442.0
tt30150769,2026-06-01,Brazil,HBO Max,31.0,12.0
tt30150769,2026-06-01,Colombia,HBO Max,18.0,1893.0
tt30150769,2026-05-01,Mexico,HBO Max,2.0,4.0
tt30150769,2026-06-01,Mexico,HBO Max,21.0,2188.0
tt30177031,2026-05-01,Argentina,Netflix,11.0,22.0
tt30177031,2026-05-01,Brazil,Netflix,8.0,864.0
tt30177031,2026-06-01,Brazil,Netflix,8.0,825.0
tt30177031,2026-06-01,Colombia,Netflix,4.0,423.0
tt30217143,2026-05-01,Argentina,Netflix,11.0,1080.0
tt30217143,2026-06-01,Argentina,Netflix,62.0,4940.0
tt30217143,2026-05-01,Brazil,Netflix,99.0,7199.0
tt30217143,2026-06-01,Brazil,Netflix,70.0,6850.0
tt30217143,2026-05-01,Colombia,Netflix,4.0,419.0
tt30217143,2026-06-01,Colombia,Netflix,7.0,747.0
tt30217143,2026-06-01,Mexico,Netflix,29.0,2578.0
tt30253036,2026-05-01,Argentina,Netflix,7.0,421.0
tt30253036,2026-06-01,Argentina,Netflix,16.0,1482.0
tt30253036,2026-05-01,Brazil,Netflix,8.0,791.0
tt30253036,2026-06-01,Brazil,Netflix,8.0,560.0
tt30253036,2026-05-01,Colombia,Netflix,41.0,3522.0
tt30253036,2026-06-01,Colombia,Netflix,43.0,3988.0
tt30253036,2026-05-01,Mexico,Netflix,76.0,7270.0
tt30253036,2026-06-01,Mexico,Netflix,30.0,2255.0
tt30253473,2026-05-01,Argentina,HBO Max,23.0,1941.0
tt30253473,2026-06-01,Argentina,HBO Max,71.0,6281.0
tt30253473,2026-06-01,Brazil,Amazon,36.0,4059.0
tt30253473,2026-05-01,Brazil,HBO Max,411.0,20755.0
tt30253473,2026-06-01,Brazil,HBO Max,380.0,18067.0
tt30253473,2026-05-01,Colombia,HBO Max,75.0,6551.0
tt30253473,2026-06-01,Colombia,HBO Max,6.0,458.0
tt30253473,2026-05-01,Mexico,HBO Max,609.0,33239.0
tt30253473,2026-06-01,Mexico,HBO Max,107.0,9086.0
tt30292390,2026-05-01,Argentina,Amazon,14.0,1332.0
tt30292390,2026-05-01,Mexico,Amazon,5.0,136.0
tt30292390,2026-06-01,Mexico,Amazon,5.0,232.0
tt30308957,2026-05-01,Argentina,Netflix,16.0,1526.0
tt30308957,2026-06-01,Argentina,Netflix,9.0,376.0
tt30308957,2026-05-01,Brazil,Netflix,9.0,889.0
tt30308957,2026-06-01,Brazil,Netflix,20.0,1949.0
tt30308957,2026-05-01,Colombia,Netflix,20.0,312.0
tt30308957,2026-06-01,Colombia,Netflix,4.0,423.0
tt30308957,2026-05-01,Mexico,Netflix,7.0,760.0
tt30387012,2026-05-01,Argentina,Netflix,11.0,2359.0
tt30387012,2026-06-01,Argentina,Netflix,9.0,1964.0
tt30387012,2026-05-01,Colombia,Netflix,19.0,4036.0
tt30387012,2026-06-01,Colombia,Netflix,4.0,960.0
tt30387012,2026-05-01,Mexico,Netflix,24.0,4820.0
tt30387012,2026-06-01,Mexico,Netflix,4.0,890.0
tt30394627,2026-05-01,Argentina,Disney+,13.0,389.0
tt30394627,2026-06-01,Argentina,Disney+,11.0,485.0
tt30394627,2026-05-01,Colombia,Disney+,4.0,13.0
tt30394627,2026-06-01,Mexico,Disney+,26.0,1943.0
tt30422937,2026-05-01,Argentina,Netflix,9.0,1156.0
tt30422937,2026-05-01,Brazil,Netflix,21.0,2563.0
tt30422937,2026-06-01,Colombia,Netflix,3.0,448.0
tt30422937,2026-05-01,Mexico,Netflix,11.0,1300.0
tt30422937,2026-06-01,Mexico,Netflix,19.0,2291.0
tt30445556,2026-05-01,Argentina,Amazon,22.0,2038.0
tt30445556,2026-06-01,Argentina,Amazon,18.0,1739.0
tt30445556,2026-06-01,Brazil,Amazon,88.0,2924.0
tt30445556,2026-05-01,Colombia,Amazon,10.0,1046.0
tt30445556,2026-06-01,Mexico,Amazon,9.0,893.0
tt30446847,2026-05-01,Argentina,Netflix,56.0,7253.0
tt30446847,2026-05-01,Brazil,Netflix,89.0,9635.0
tt30446847,2026-06-01,Brazil,Netflix,9.0,995.0
tt30446847,2026-05-01,Colombia,Netflix,5.0,647.0
tt30446847,2026-06-01,Colombia,Netflix,3.0,10.0
tt30446847,2026-05-01,Mexico,Netflix,23.0,2105.0
tt30446847,2026-06-01,Mexico,Netflix,14.0,1844.0
tt3045628,2026-05-01,Brazil,Amazon,37.0,3945.0
tt3045628,2026-06-01,Brazil,Amazon,68.0,7527.0
tt3045628,2026-05-01,Colombia,Amazon,16.0,1.0
tt3045628,2026-06-01,Colombia,Amazon,13.0,1422.0
tt3045628,2026-06-01,Mexico,Amazon,37.0,3899.0
tt30494321,2026-05-01,Argentina,Netflix,6.0,18.0
tt30494321,2026-05-01,Brazil,Netflix,9.0,819.0
tt30494321,2026-05-01,Colombia,Netflix,5.0,436.0
tt30494321,2026-06-01,Colombia,Netflix,8.0,813.0
tt30494321,2026-06-01,Mexico,Netflix,7.0,650.0
tt30496762,2026-06-01,Argentina,Netflix,7.0,1004.0
tt30496762,2026-05-01,Brazil,Netflix,13.0,29.0
tt30496762,2026-05-01,Colombia,Netflix,7.0,1071.0
tt30496762,2026-06-01,Colombia,Netflix,3.0,485.0
tt30496762,2026-05-01,Mexico,Netflix,42.0,5194.0
tt30496762,2026-06-01,Mexico,Netflix,14.0,1877.0
tt30515931,2026-06-01,Argentina,Netflix,8.0,15.0
tt30515931,2026-05-01,Brazil,Netflix,29.0,1987.0
tt30515931,2026-06-01,Brazil,Netflix,40.0,751.0
tt30515931,2026-06-01,Colombia,Netflix,10.0,653.0
tt30515931,2026-06-01,Mexico,Netflix,61.0,4961.0
tt30645201,2026-05-01,Argentina,HBO Max,30.0,2535.0
tt30645201,2026-05-01,Brazil,Amazon,599.0,31694.0
tt30645201,2026-06-01,Brazil,Amazon,149.0,9119.0
tt30645201,2026-05-01,Colombia,HBO Max,46.0,4121.0
tt30645201,2026-06-01,Colombia,HBO Max,19.0,1366.0
tt30645201,2026-05-01,Mexico,HBO Max,69.0,6375.0
tt30645201,2026-06-01,Mexico,HBO Max,36.0,3080.0
tt30789086,2026-05-01,Colombia,Disney+,5.0,298.0
tt30789086,2026-06-01,Colombia,Disney+,18.0,60.0
tt30789086,2026-05-01,Mexico,Disney+,14.0,1174.0
tt30796448,2026-05-01,Argentina,Netflix,170.0,14788.0
tt30796448,2026-06-01,Argentina,Netflix,20.0,2131.0
tt30796448,2026-05-01,Brazil,Netflix,342.0,23079.0
tt30796448,2026-06-01,Brazil,Netflix,44.0,2497.0
tt30796448,2026-05-01,Colombia,Netflix,161.0,9635.0
tt30796448,2026-06-01,Colombia,Netflix,13.0,392.0
tt30796448,2026-05-01,Mexico,Netflix,229.0,18264.0
tt30796448,2026-06-01,Mexico,Netflix,11.0,794.0
tt3083016,2026-05-01,Argentina,Netflix,11.0,1276.0
tt3083016,2026-06-01,Argentina,Netflix,44.0,4038.0
tt3083016,2026-05-01,Brazil,Netflix,103.0,8058.0
tt3083016,2026-06-01,Brazil,Netflix,41.0,2781.0
tt3083016,2026-06-01,Colombia,Netflix,4.0,450.0
tt3083016,2026-05-01,Mexico,Netflix,7.0,863.0
tt3083016,2026-06-01,Mexico,Netflix,6.0,785.0
tt30851137,2026-05-01,Argentina,HBO Max,68.0,4768.0
tt30851137,2026-06-01,Argentina,HBO Max,128.0,8828.0
tt30851137,2026-06-01,Brazil,Amazon,78.0,9581.0
tt30851137,2026-05-01,Brazil,HBO Max,586.0,48876.0
tt30851137,2026-06-01,Brazil,HBO Max,292.0,25496.0
tt30851137,2026-05-01,Colombia,HBO Max,153.0,10894.0
tt30851137,2026-06-01,Colombia,HBO Max,174.0,13089.0
tt30851137,2026-05-01,Mexico,Amazon,33.0,383.0
tt30851137,2026-05-01,Mexico,HBO Max,705.0,63351.0
tt30851137,2026-06-01,Mexico,HBO Max,364.0,29430.0
tt30852970,2026-05-01,Argentina,Netflix,16.0,1461.0
tt30852970,2026-06-01,Argentina,Netflix,20.0,1787.0
tt30852970,2026-05-01,Brazil,Netflix,8.0,21.0
tt30852970,2026-06-01,Brazil,Netflix,21.0,1966.0
tt30852970,2026-06-01,Colombia,Netflix,13.0,12.0
tt30852970,2026-06-01,Mexico,Netflix,56.0,2493.0
tt30868610,2026-05-01,Brazil,Amazon,73.0,3971.0
tt30868610,2026-06-01,Brazil,Amazon,45.0,782.0
tt30876483,2026-05-01,Argentina,Netflix,75.0,6383.0
tt30876483,2026-06-01,Argentina,Netflix,23.0,2573.0
tt30876483,2026-05-01,Brazil,Netflix,77.0,8457.0
tt30876483,2026-06-01,Brazil,Netflix,50.0,4682.0
tt30876483,2026-05-01,Colombia,Netflix,57.0,3783.0
tt30876483,2026-06-01,Colombia,Netflix,26.0,2811.0
tt30876483,2026-05-01,Mexico,Netflix,51.0,5025.0
tt30876483,2026-06-01,Mexico,Netflix,97.0,5646.0
tt30895834,2026-05-01,Brazil,Amazon,422.0,43628.0
tt30895834,2026-06-01,Brazil,Amazon,155.0,13791.0
tt30955489,2026-05-01,Argentina,HBO Max,13.0,505.0
tt30955489,2026-06-01,Argentina,HBO Max,6.0,479.0
tt30955489,2026-05-01,Brazil,HBO Max,48.0,778.0
tt30955489,2026-06-01,Brazil,HBO Max,48.0,4186.0
tt30955489,2026-05-01,Colombia,HBO Max,15.0,939.0
tt30955489,2026-06-01,Colombia,HBO Max,9.0,875.0
tt30955489,2026-05-01,Mexico,HBO Max,81.0,109.0
tt30955489,2026-06-01,Mexico,HBO Max,47.0,4618.0
tt30982333,2026-05-01,Argentina,Netflix,9.0,17.0
tt30982333,2026-05-01,Brazil,Netflix,113.0,10669.0
tt30982333,2026-06-01,Brazil,Netflix,29.0,3021.0
tt30988739,2026-05-01,Brazil,Amazon,63.0,993.0
tt30988739,2026-06-01,Brazil,Amazon,66.0,5688.0
tt30988739,2026-05-01,Colombia,HBO Max,54.0,4544.0
tt30988739,2026-06-01,Colombia,HBO Max,1.0,160.0
tt30988739,2026-05-01,Mexico,HBO Max,8.0,39.0
tt30988739,2026-06-01,Mexico,HBO Max,20.0,565.0
tt31022050,2026-05-01,Argentina,Netflix,17.0,1648.0
tt31022050,2026-05-01,Brazil,Netflix,13.0,1374.0
tt31022050,2026-06-01,Brazil,Netflix,9.0,444.0
tt31022050,2026-05-01,Colombia,Netflix,7.0,743.0
tt31022050,2026-06-01,Colombia,Netflix,4.0,404.0
tt31022050,2026-05-01,Mexico,Netflix,33.0,3363.0
tt31022050,2026-06-01,Mexico,Netflix,14.0,728.0
tt31032711,2026-05-01,Argentina,Netflix,62.0,5668.0
tt31032711,2026-06-01,Argentina,Netflix,16.0,826.0
tt31032711,2026-05-01,Brazil,Netflix,89.0,7411.0
tt31032711,2026-06-01,Brazil,Netflix,25.0,2199.0
tt31032711,2026-05-01,Colombia,Netflix,3.0,69.0
tt31032711,2026-06-01,Colombia,Netflix,26.0,2885.0
tt31032711,2026-05-01,Mexico,Netflix,92.0,9035.0
tt31036941,2026-05-01,Argentina,HBO Max,61.0,4859.0
tt31036941,2026-06-01,Argentina,HBO Max,10.0,839.0
tt31036941,2026-05-01,Brazil,Amazon,421.0,51521.0
tt31036941,2026-06-01,Brazil,Amazon,134.0,12599.0
tt31036941,2026-05-01,Colombia,Amazon,5.0,771.0
tt31036941,2026-05-01,Colombia,HBO Max,27.0,3585.0
tt31036941,2026-06-01,Colombia,HBO Max,54.0,6829.0
tt31036941,2026-05-01,Mexico,Amazon,9.0,1358.0
tt31036941,2026-05-01,Mexico,HBO Max,214.0,25974.0
tt31036941,2026-06-01,Mexico,HBO Max,305.0,21035.0
tt31050594,2026-05-01,Argentina,Amazon,56.0,1512.0
tt31050594,2026-06-01,Argentina,Amazon,44.0,3449.0
tt31050594,2026-05-01,Brazil,Amazon,572.0,36142.0
tt31050594,2026-06-01,Brazil,Amazon,171.0,10710.0
tt31050594,2026-05-01,Colombia,Amazon,141.0,9673.0
tt31050594,2026-06-01,Colombia,Amazon,39.0,1786.0
tt31050594,2026-05-01,Mexico,Amazon,653.0,35562.0
tt31050594,2026-06-01,Mexico,Amazon,380.0,28936.0
tt31078761,2026-05-01,Argentina,Netflix,17.0,2027.0
tt31078761,2026-06-01,Brazil,Netflix,33.0,3904.0
tt31078761,2026-05-01,Colombia,Netflix,6.0,474.0
tt31078761,2026-06-01,Colombia,Netflix,15.0,2152.0
tt31078761,2026-05-01,Mexico,Netflix,70.0,8614.0
tt31078761,2026-06-01,Mexico,Netflix,44.0,1506.0
tt31101921,2026-05-01,Argentina,Netflix,72.0,6878.0
tt31101921,2026-06-01,Argentina,Netflix,8.0,180.0
tt31101921,2026-05-01,Brazil,Netflix,93.0,3273.0
tt31101921,2026-06-01,Brazil,Netflix,8.0,1184.0
tt31101921,2026-05-01,Colombia,Netflix,20.0,2309.0
tt31101921,2026-06-01,Colombia,Netflix,17.0,1711.0
tt31101921,2026-05-01,Mexico,Netflix,35.0,4732.0
tt31101921,2026-06-01,Mexico,Netflix,55.0,6776.0
tt31137117,2026-05-01,Argentina,Netflix,41.0,2827.0
tt31137117,2026-06-01,Argentina,Netflix,8.0,227.0
tt31137117,2026-05-01,Brazil,Netflix,16.0,1513.0
tt31137117,2026-06-01,Brazil,Netflix,75.0,5561.0
tt31137117,2026-05-01,Colombia,Netflix,7.0,662.0
tt31137117,2026-06-01,Colombia,Netflix,55.0,4614.0
tt31137117,2026-05-01,Mexico,Netflix,15.0,799.0
tt31137117,2026-06-01,Mexico,Netflix,40.0,3293.0
tt31176520,2026-05-01,Brazil,Amazon,230.0,26033.0
tt31176520,2026-06-01,Brazil,Amazon,181.0,14421.0
tt31181421,2026-05-01,Argentina,Netflix,39.0,1200.0
tt31181421,2026-05-01,Brazil,Netflix,87.0,6078.0
tt31181421,2026-06-01,Brazil,Netflix,122.0,7555.0
tt31181421,2026-05-01,Colombia,Netflix,29.0,2998.0
tt31181421,2026-06-01,Colombia,Netflix,20.0,1343.0
tt31181421,2026-05-01,Mexico,Netflix,68.0,5923.0
tt31181421,2026-06-01,Mexico,Netflix,117.0,3132.0
tt31184028,2026-05-01,Argentina,Amazon,65.0,6856.0
tt31184028,2026-06-01,Argentina,Amazon,37.0,2599.0
tt31184028,2026-06-01,Brazil,Amazon,36.0,3856.0
tt31184028,2026-05-01,Colombia,Amazon,45.0,4809.0
tt31184028,2026-06-01,Colombia,Amazon,10.0,1127.0
tt31184028,2026-05-01,Mexico,Amazon,105.0,8881.0
tt31184028,2026-06-01,Mexico,Amazon,77.0,3699.0
tt31193180,2026-06-01,Argentina,Amazon,13.0,1.0
tt31193180,2026-05-01,Argentina,HBO Max,17.0,491.0
tt31193180,2026-06-01,Argentina,HBO Max,18.0,1240.0
tt31193180,2026-05-01,Brazil,HBO Max,77.0,9869.0
tt31193180,2026-06-01,Brazil,HBO Max,86.0,2205.0
tt31193180,2026-05-01,Colombia,Amazon,12.0,1346.0
tt31193180,2026-06-01,Colombia,Amazon,33.0,4861.0
tt31193180,2026-05-01,Colombia,HBO Max,27.0,4033.0
tt31193180,2026-06-01,Colombia,HBO Max,46.0,5853.0
tt31193180,2026-05-01,Mexico,Amazon,56.0,7878.0
tt31193180,2026-05-01,Mexico,HBO Max,172.0,15851.0
tt31193180,2026-06-01,Mexico,HBO Max,140.0,19008.0
tt31226272,2026-05-01,Argentina,Netflix,70.0,5667.0
tt31226272,2026-06-01,Argentina,Netflix,13.0,1780.0
tt31226272,2026-05-01,Brazil,Netflix,106.0,10329.0
tt31226272,2026-05-01,Colombia,Netflix,31.0,755.0
tt31226272,2026-06-01,Colombia,Netflix,21.0,2564.0
tt31226272,2026-05-01,Mexico,Netflix,15.0,1467.0
tt31226272,2026-06-01,Mexico,Netflix,38.0,93.0
tt31227221,2026-06-01,Brazil,Netflix,17.0,809.0
tt31227221,2026-06-01,Colombia,Netflix,3.0,311.0
tt31227221,2026-05-01,Mexico,Netflix,6.0,554.0
tt31227221,2026-06-01,Mexico,Netflix,70.0,5071.0
tt31227572,2026-05-01,Argentina,Disney+,70.0,5639.0
tt31227572,2026-06-01,Argentina,Disney+,58.0,4656.0
tt31227572,2026-05-01,Brazil,Disney+,104.0,11538.0
tt31227572,2026-06-01,Brazil,Disney+,270.0,28173.0
tt31227572,2026-05-01,Colombia,Disney+,55.0,2950.0
tt31227572,2026-06-01,Colombia,Disney+,86.0,6694.0
tt31227572,2026-05-01,Mexico,Disney+,119.0,7983.0
tt31227572,2026-06-01,Mexico,Disney+,195.0,8021.0
tt31254554,2026-05-01,Brazil,Netflix,8.0,969.0
tt31254554,2026-06-01,Brazil,Netflix,13.0,1454.0
tt31254554,2026-05-01,Colombia,Netflix,6.0,864.0
tt31254554,2026-06-01,Mexico,Netflix,32.0,3791.0
tt31314296,2026-05-01,Argentina,HBO Max,4.0,18.0
tt31314296,2026-05-01,Brazil,Amazon,64.0,836.0
tt31314296,2026-06-01,Brazil,Amazon,36.0,813.0
tt31314296,2026-06-01,Colombia,Amazon,4.0,383.0
tt31314296,2026-05-01,Colombia,HBO Max,1.0,119.0
tt31314296,2026-06-01,Colombia,HBO Max,4.0,400.0
tt31314296,2026-05-01,Mexico,HBO Max,10.0,864.0
tt31316096,2026-05-01,Argentina,Netflix,7.0,577.0
tt31316096,2026-05-01,Brazil,Netflix,61.0,2132.0
tt31316096,2026-06-01,Brazil,Netflix,29.0,2328.0
tt31316096,2026-05-01,Colombia,Netflix,9.0,744.0
tt31316096,2026-06-01,Colombia,Netflix,10.0,523.0
tt31316096,2026-05-01,Mexico,Netflix,26.0,643.0
tt31316096,2026-06-01,Mexico,Netflix,28.0,2217.0
tt31392609,2026-05-01,Brazil,Netflix,96.0,6953.0
tt31392609,2026-06-01,Brazil,Netflix,19.0,1.0
tt31392609,2026-05-01,Colombia,Netflix,12.0,1673.0
tt31392609,2026-06-01,Colombia,Netflix,20.0,2002.0
tt31392609,2026-05-01,Mexico,Netflix,54.0,4491.0
tt31392609,2026-06-01,Mexico,Netflix,111.0,6959.0
tt31425731,2026-05-01,Argentina,Amazon,66.0,4357.0
tt31425731,2026-06-01,Argentina,Amazon,56.0,694.0
tt31425731,2026-05-01,Brazil,Amazon,301.0,18456.0
tt31425731,2026-06-01,Brazil,Amazon,142.0,10182.0
tt31425731,2026-05-01,Colombia,Amazon,58.0,2369.0
tt31425731,2026-06-01,Colombia,Amazon,60.0,3153.0
tt31425731,2026-05-01,Mexico,Amazon,175.0,9752.0
tt31425731,2026-06-01,Mexico,Amazon,187.0,9375.0
tt31433402,2026-05-01,Argentina,Netflix,7.0,652.0
tt31433402,2026-06-01,Argentina,Netflix,15.0,1364.0
tt31433402,2026-05-01,Brazil,Netflix,27.0,907.0
tt31433402,2026-06-01,Brazil,Netflix,50.0,4295.0
tt31433402,2026-05-01,Colombia,Netflix,3.0,359.0
tt31433402,2026-06-01,Colombia,Netflix,3.0,286.0
tt31433402,2026-05-01,Mexico,Netflix,4.0,417.0
tt31433402,2026-06-01,Mexico,Netflix,19.0,1641.0
tt31495504,2026-05-01,Argentina,Amazon,23.0,1692.0
tt31495504,2026-05-01,Brazil,Amazon,82.0,4895.0
tt31495504,2026-05-01,Colombia,Amazon,4.0,512.0
tt31495504,2026-06-01,Colombia,Amazon,4.0,473.0
tt31495504,2026-05-01,Mexico,Amazon,27.0,2986.0
tt31513578,2026-05-01,Brazil,Netflix,13.0,1448.0
tt31513578,2026-06-01,Brazil,Netflix,61.0,5367.0
tt31513578,2026-05-01,Colombia,Netflix,6.0,782.0
tt31513578,2026-06-01,Colombia,Netflix,10.0,928.0
tt31513578,2026-05-01,Mexico,Netflix,39.0,4007.0
tt31519456,2026-05-01,Argentina,Netflix,48.0,2981.0
tt31519456,2026-06-01,Argentina,Netflix,58.0,4505.0
tt31519456,2026-05-01,Brazil,Netflix,62.0,4157.0
tt31519456,2026-06-01,Brazil,Netflix,43.0,3271.0
tt31519456,2026-05-01,Colombia,Netflix,13.0,1034.0
tt31519456,2026-06-01,Colombia,Netflix,48.0,2968.0
tt31519456,2026-05-01,Mexico,Netflix,27.0,2631.0
tt31519456,2026-06-01,Mexico,Netflix,38.0,3634.0
tt3155298,2026-05-01,Argentina,Netflix,54.0,4320.0
tt3155298,2026-06-01,Argentina,Netflix,23.0,1988.0
tt3155298,2026-05-01,Brazil,Netflix,13.0,1670.0
tt3155298,2026-06-01,Brazil,Netflix,206.0,21549.0
tt3155298,2026-05-01,Colombia,Netflix,22.0,1655.0
tt3155298,2026-06-01,Colombia,Netflix,12.0,1770.0
tt3155298,2026-05-01,Mexico,Netflix,52.0,5678.0
tt3155298,2026-06-01,Mexico,Netflix,80.0,9141.0
tt31565654,2026-05-01,Argentina,Netflix,16.0,966.0
tt31565654,2026-06-01,Argentina,Netflix,6.0,513.0
tt31565654,2026-05-01,Brazil,Netflix,15.0,1571.0
tt31565654,2026-06-01,Brazil,Netflix,103.0,7098.0
tt31565654,2026-05-01,Colombia,Netflix,4.0,455.0
tt31565654,2026-06-01,Colombia,Netflix,7.0,780.0
tt31565654,2026-05-01,Mexico,Netflix,4.0,473.0
tt31565654,2026-06-01,Mexico,Netflix,84.0,6406.0
tt31567422,2026-06-01,Argentina,Netflix,9.0,968.0
tt31567422,2026-05-01,Brazil,Netflix,73.0,4620.0
tt31567422,2026-06-01,Brazil,Netflix,118.0,3352.0
tt31567422,2026-05-01,Colombia,Netflix,8.0,935.0
tt31567422,2026-06-01,Colombia,Netflix,3.0,1.0
tt31567422,2026-05-01,Mexico,Netflix,21.0,2464.0
tt31711040,2026-06-01,Brazil,Amazon,7.0,0.0
tt31711040,2026-06-01,Colombia,Amazon,11.0,681.0
tt31711040,2026-05-01,Mexico,Amazon,54.0,1554.0
tt31711040,2026-06-01,Mexico,Amazon,19.0,0.0
tt31723358,2026-05-01,Argentina,HBO Max,10.0,1155.0
tt31723358,2026-06-01,Argentina,HBO Max,28.0,2443.0
tt31723358,2026-05-01,Brazil,HBO Max,158.0,11402.0
tt31723358,2026-06-01,Brazil,HBO Max,55.0,1931.0
tt31723358,2026-05-01,Colombia,HBO Max,43.0,3899.0
tt31723358,2026-06-01,Colombia,HBO Max,47.0,1469.0
tt31727267,2026-05-01,Argentina,Amazon,93.0,2973.0
tt31727267,2026-06-01,Argentina,Amazon,6.0,62.0
tt31727267,2026-05-01,Brazil,Amazon,545.0,3899.0
tt31727267,2026-06-01,Brazil,Amazon,302.0,2412.0
tt31727267,2026-05-01,Colombia,Amazon,114.0,852.0
tt31727267,2026-06-01,Colombia,Amazon,15.0,51.0
tt31727267,2026-05-01,Mexico,Amazon,572.0,3508.0
tt31727267,2026-06-01,Mexico,Amazon,344.0,1789.0
tt31747163,2026-06-01,Argentina,Netflix,19.0,1752.0
tt31747163,2026-05-01,Brazil,Netflix,44.0,3858.0
tt31747163,2026-06-01,Brazil,Netflix,129.0,4683.0
tt31747163,2026-05-01,Colombia,Netflix,8.0,643.0
tt31747163,2026-06-01,Colombia,Netflix,23.0,2274.0
tt31747163,2026-05-01,Mexico,Netflix,26.0,1556.0
tt31747163,2026-06-01,Mexico,Netflix,159.0,10100.0
tt31788773,2026-05-01,Argentina,Netflix,11.0,1120.0
tt31788773,2026-05-01,Brazil,Netflix,19.0,2040.0
tt31788773,2026-06-01,Brazil,Netflix,8.0,920.0
tt31788773,2026-05-01,Mexico,Netflix,50.0,4372.0
tt31828346,2026-05-01,Argentina,Netflix,6.0,675.0
tt31828346,2026-05-01,Brazil,Netflix,8.0,900.0
tt31828346,2026-06-01,Brazil,Netflix,42.0,3536.0
tt31828554,2026-05-01,Argentina,Netflix,1040.0,93372.0
tt31828554,2026-06-01,Argentina,Netflix,115.0,10845.0
tt31828554,2026-05-01,Brazil,Netflix,2352.0,225641.0
tt31828554,2026-06-01,Brazil,Netflix,823.0,78113.0
tt31828554,2026-05-01,Colombia,Netflix,319.0,29020.0
tt31828554,2026-06-01,Colombia,Netflix,72.0,7586.0
tt31828554,2026-05-01,Mexico,Netflix,1039.0,104228.0
tt31828554,2026-06-01,Mexico,Netflix,199.0,17534.0
tt31844586,2026-05-01,Argentina,HBO Max,29.0,2420.0
tt31844586,2026-05-01,Brazil,HBO Max,20.0,1615.0
tt31844586,2026-05-01,Colombia,HBO Max,35.0,2944.0
tt31844586,2026-06-01,Colombia,HBO Max,5.0,557.0
tt31844586,2026-05-01,Mexico,HBO Max,29.0,2429.0
tt31844586,2026-06-01,Mexico,HBO Max,49.0,4117.0
tt31868189,2026-05-01,Argentina,Netflix,91.0,9236.0
tt31868189,2026-06-01,Argentina,Netflix,57.0,3476.0
tt31868189,2026-05-01,Brazil,Netflix,39.0,4394.0
tt31868189,2026-06-01,Brazil,Netflix,63.0,4136.0
tt31868189,2026-05-01,Colombia,Netflix,54.0,4929.0
tt31868189,2026-06-01,Colombia,Netflix,57.0,4400.0
tt31868189,2026-05-01,Mexico,Netflix,70.0,6954.0
tt31868189,2026-06-01,Mexico,Netflix,106.0,10917.0
tt31869664,2026-05-01,Brazil,Netflix,32.0,781.0
tt31869664,2026-05-01,Colombia,Netflix,3.0,250.0
tt31869664,2026-06-01,Colombia,Netflix,3.0,215.0
tt31869664,2026-06-01,Mexico,Netflix,4.0,241.0
tt31888477,2026-05-01,Argentina,HBO Max,30.0,2420.0
tt31888477,2026-06-01,Argentina,HBO Max,45.0,3384.0
tt31888477,2026-05-01,Brazil,Amazon,56.0,6959.0
tt31888477,2026-06-01,Brazil,Amazon,31.0,3743.0
tt31888477,2026-05-01,Colombia,HBO Max,35.0,4415.0
tt31888477,2026-06-01,Colombia,HBO Max,19.0,2501.0
tt31888477,2026-05-01,Mexico,HBO Max,55.0,3903.0
tt31888477,2026-06-01,Mexico,HBO Max,55.0,2569.0
tt31909270,2026-06-01,Argentina,Disney+,6.0,690.0
tt31909270,2026-05-01,Brazil,Disney+,49.0,3857.0
tt31909270,2026-05-01,Colombia,Disney+,8.0,906.0
tt31909270,2026-06-01,Colombia,Disney+,17.0,172.0
tt31909270,2026-05-01,Mexico,Disney+,87.0,9878.0
tt31909270,2026-06-01,Mexico,Disney+,1.0,81.0
tt31956415,2026-05-01,Argentina,Disney+,32.0,2603.0
tt31956415,2026-06-01,Argentina,Disney+,55.0,5466.0
tt31956415,2026-05-01,Brazil,Disney+,181.0,14413.0
tt31956415,2026-06-01,Brazil,Disney+,133.0,13423.0
tt31956415,2026-05-01,Colombia,Disney+,100.0,10444.0
tt31956415,2026-06-01,Colombia,Disney+,43.0,5069.0
tt31956415,2026-05-01,Mexico,Disney+,153.0,11669.0
tt31956415,2026-06-01,Mexico,Disney+,179.0,16087.0
tt31973693,2026-05-01,Argentina,Disney+,6.0,22.0
tt31973693,2026-06-01,Argentina,Disney+,19.0,1870.0
tt31973693,2026-05-01,Brazil,Disney+,48.0,5155.0
tt31973693,2026-06-01,Brazil,Disney+,36.0,1585.0
tt31973693,2026-05-01,Colombia,Disney+,5.0,535.0
tt31973693,2026-06-01,Colombia,Disney+,6.0,724.0
tt31973693,2026-05-01,Mexico,Disney+,58.0,4351.0
tt31973693,2026-06-01,Mexico,Disney+,18.0,2030.0
tt32047217,2026-05-01,Argentina,Netflix,25.0,2365.0
tt32047217,2026-05-01,Brazil,Netflix,15.0,147.0
tt32047217,2026-06-01,Brazil,Netflix,49.0,4395.0
tt32047217,2026-06-01,Colombia,Netflix,11.0,858.0
tt32047217,2026-05-01,Mexico,Netflix,11.0,695.0
tt32063098,2026-05-01,Argentina,Netflix,16.0,1521.0
tt32063098,2026-05-01,Brazil,Netflix,9.0,925.0
tt32063098,2026-06-01,Brazil,Netflix,20.0,34.0
tt32063098,2026-05-01,Colombia,Netflix,38.0,2442.0
tt32063098,2026-05-01,Mexico,Netflix,22.0,2004.0
tt32065103,2026-05-01,Argentina,Netflix,7.0,139.0
tt32065103,2026-06-01,Argentina,Netflix,7.0,615.0
tt32065103,2026-05-01,Brazil,Netflix,20.0,1623.0
tt32065103,2026-06-01,Brazil,Netflix,9.0,195.0
tt32065103,2026-06-01,Colombia,Netflix,11.0,955.0
tt32065103,2026-05-01,Mexico,Netflix,20.0,1583.0
tt32065103,2026-06-01,Mexico,Netflix,4.0,167.0
tt32080855,2026-05-01,Argentina,Netflix,84.0,7989.0
tt32080855,2026-06-01,Argentina,Netflix,16.0,1117.0
tt32080855,2026-05-01,Brazil,Netflix,130.0,9170.0
tt32080855,2026-06-01,Brazil,Netflix,48.0,1771.0
tt32080855,2026-05-01,Colombia,Netflix,51.0,1525.0
tt32080855,2026-06-01,Colombia,Netflix,15.0,1618.0
tt32080855,2026-05-01,Mexico,Netflix,156.0,16132.0
tt32080855,2026-06-01,Mexico,Netflix,89.0,9531.0
tt32084246,2026-05-01,Argentina,Netflix,7.0,863.0
tt32084246,2026-05-01,Brazil,Netflix,13.0,1390.0
tt32084246,2026-06-01,Brazil,Netflix,9.0,609.0
tt32084246,2026-05-01,Colombia,Netflix,7.0,782.0
tt32084246,2026-05-01,Mexico,Netflix,27.0,2909.0
tt32084246,2026-06-01,Mexico,Netflix,6.0,488.0
tt32095441,2026-06-01,Argentina,Netflix,9.0,841.0
tt32095441,2026-05-01,Brazil,Netflix,21.0,1938.0
tt32095441,2026-06-01,Brazil,Netflix,38.0,2693.0
tt32095441,2026-05-01,Colombia,Netflix,14.0,1312.0
tt32095441,2026-06-01,Colombia,Netflix,3.0,334.0
tt32095441,2026-05-01,Mexico,Netflix,10.0,976.0
tt32095441,2026-06-01,Mexico,Netflix,4.0,22.0
tt32129665,2026-05-01,Argentina,Netflix,28.0,3139.0
tt32129665,2026-06-01,Argentina,Netflix,8.0,4.0
tt32129665,2026-05-01,Brazil,Netflix,95.0,6927.0
tt32129665,2026-06-01,Brazil,Netflix,84.0,7019.0
tt32129665,2026-05-01,Colombia,Netflix,7.0,777.0
tt32129665,2026-06-01,Colombia,Netflix,20.0,1915.0
tt32129665,2026-05-01,Mexico,Netflix,30.0,2108.0
tt32138452,2026-05-01,Argentina,Netflix,59.0,3289.0
tt32138452,2026-06-01,Argentina,Netflix,34.0,3346.0
tt32138452,2026-05-01,Brazil,Netflix,95.0,5744.0
tt32138452,2026-06-01,Brazil,Netflix,132.0,8712.0
tt32138452,2026-05-01,Colombia,Netflix,37.0,3693.0
tt32138452,2026-06-01,Colombia,Netflix,36.0,2004.0
tt32138452,2026-05-01,Mexico,Netflix,32.0,1620.0
tt32138452,2026-06-01,Mexico,Netflix,58.0,2244.0
tt32138821,2026-05-01,Colombia,Netflix,12.0,898.0
tt32138821,2026-06-01,Colombia,Netflix,3.0,130.0
tt32138821,2026-05-01,Mexico,Netflix,27.0,1926.0
tt32141377,2026-05-01,Argentina,HBO Max,34.0,3782.0
tt32141377,2026-06-01,Argentina,HBO Max,9.0,1038.0
tt32141377,2026-05-01,Brazil,HBO Max,87.0,7555.0
tt32141377,2026-06-01,Brazil,HBO Max,99.0,7900.0
tt32141377,2026-05-01,Colombia,Amazon,5.0,587.0
tt32141377,2026-05-01,Colombia,HBO Max,31.0,3192.0
tt32141377,2026-06-01,Colombia,HBO Max,26.0,2807.0
tt32141377,2026-05-01,Mexico,Amazon,10.0,1156.0
tt32141377,2026-05-01,Mexico,HBO Max,209.0,19059.0
tt32141377,2026-06-01,Mexico,HBO Max,41.0,4112.0
tt32149847,2026-05-01,Argentina,HBO Max,25.0,2313.0
tt32149847,2026-06-01,Brazil,Amazon,42.0,3019.0
tt32149847,2026-05-01,Mexico,HBO Max,38.0,1699.0
tt32149847,2026-06-01,Mexico,HBO Max,10.0,1040.0
tt32155665,2026-05-01,Argentina,Netflix,133.0,9855.0
tt32155665,2026-06-01,Argentina,Netflix,69.0,3760.0
tt32155665,2026-05-01,Brazil,Netflix,26.0,1706.0
tt32155665,2026-06-01,Brazil,Netflix,37.0,2855.0
tt32155665,2026-05-01,Colombia,Netflix,11.0,943.0
tt32155665,2026-06-01,Colombia,Netflix,22.0,986.0
tt32155665,2026-05-01,Mexico,Netflix,31.0,2211.0
tt32155665,2026-06-01,Mexico,Netflix,37.0,2391.0
tt32159989,2026-05-01,Argentina,Amazon,7.0,932.0
tt32159989,2026-05-01,Brazil,Amazon,76.0,6509.0
tt32159989,2026-05-01,Colombia,Amazon,20.0,2865.0
tt32159989,2026-06-01,Colombia,Amazon,22.0,3225.0
tt32159989,2026-05-01,Mexico,Amazon,28.0,4030.0
tt32159989,2026-06-01,Mexico,Amazon,38.0,5384.0
tt32176689,2026-05-01,Argentina,Netflix,13.0,143.0
tt32176689,2026-06-01,Argentina,Netflix,19.0,765.0
tt32176689,2026-05-01,Brazil,Amazon,29.0,8.0
tt32176689,2026-05-01,Brazil,Netflix,64.0,456.0
tt32176689,2026-06-01,Brazil,Netflix,17.0,39.0
tt32176689,2026-05-01,Colombia,Netflix,11.0,1078.0
tt32176689,2026-06-01,Colombia,Netflix,10.0,204.0
tt32176689,2026-05-01,Mexico,Netflix,88.0,4868.0
tt32176689,2026-06-01,Mexico,Netflix,59.0,4126.0
tt32214143,2026-05-01,Argentina,HBO Max,30.0,2140.0
tt32214143,2026-06-01,Argentina,HBO Max,24.0,950.0
tt32214143,2026-05-01,Brazil,Amazon,343.0,17752.0
tt32214143,2026-06-01,Brazil,Amazon,138.0,10637.0
tt32214143,2026-05-01,Colombia,Amazon,5.0,496.0
tt32214143,2026-05-01,Colombia,HBO Max,65.0,3595.0
tt32214143,2026-06-01,Colombia,HBO Max,15.0,1088.0
tt32214143,2026-05-01,Mexico,HBO Max,214.0,12158.0
tt32214143,2026-06-01,Mexico,HBO Max,71.0,5829.0
tt32245043,2026-05-01,Argentina,Netflix,30.0,2273.0
tt32245043,2026-06-01,Argentina,Netflix,39.0,3810.0
tt32245043,2026-05-01,Brazil,Netflix,113.0,5056.0
tt32245043,2026-06-01,Brazil,Netflix,8.0,209.0
tt32245043,2026-05-01,Colombia,Netflix,3.0,30.0
tt32245043,2026-06-01,Colombia,Netflix,10.0,748.0
tt32245043,2026-05-01,Mexico,Netflix,18.0,1768.0
tt32245043,2026-06-01,Mexico,Netflix,14.0,1009.0
tt32245158,2026-05-01,Argentina,Netflix,41.0,3404.0
tt32245158,2026-06-01,Argentina,Netflix,21.0,1940.0
tt32245158,2026-05-01,Brazil,Netflix,63.0,4865.0
tt32245158,2026-06-01,Brazil,Netflix,8.0,971.0
tt32245158,2026-05-01,Colombia,Netflix,4.0,498.0
tt32245158,2026-06-01,Colombia,Netflix,9.0,790.0
tt32245158,2026-05-01,Mexico,Netflix,18.0,2263.0
tt32245158,2026-06-01,Mexico,Netflix,62.0,2865.0
tt32246771,2026-05-01,Brazil,HBO Max,74.0,4316.0
tt32246771,2026-05-01,Colombia,HBO Max,18.0,396.0
tt32246771,2026-06-01,Colombia,HBO Max,24.0,1620.0
tt32246771,2026-05-01,Mexico,HBO Max,39.0,926.0
tt32246771,2026-06-01,Mexico,HBO Max,9.0,973.0
tt32267351,2026-05-01,Argentina,Amazon,40.0,4241.0
tt32267351,2026-06-01,Argentina,Amazon,45.0,4215.0
tt32299316,2026-05-01,Argentina,Amazon,40.0,3854.0
tt32299316,2026-05-01,Brazil,Amazon,57.0,2985.0
tt32299316,2026-06-01,Brazil,Amazon,89.0,7665.0
tt32299316,2026-05-01,Colombia,Amazon,12.0,1195.0
tt32299316,2026-06-01,Colombia,Amazon,47.0,3839.0
tt32299316,2026-05-01,Mexico,Amazon,59.0,5120.0
tt32299316,2026-06-01,Mexico,Amazon,55.0,4497.0
tt32313870,2026-05-01,Brazil,Amazon,19.0,1662.0
tt32313870,2026-06-01,Brazil,Amazon,45.0,3606.0
tt32313870,2026-06-01,Colombia,Amazon,4.0,110.0
tt32313870,2026-06-01,Mexico,Amazon,12.0,1065.0
tt32332404,2026-05-01,Argentina,Amazon,138.0,9497.0
tt32332404,2026-06-01,Argentina,Amazon,60.0,3631.0
tt32332404,2026-05-01,Brazil,Amazon,316.0,24661.0
tt32332404,2026-06-01,Brazil,Amazon,599.0,39444.0
tt32332404,2026-05-01,Colombia,Amazon,174.0,10836.0
tt32332404,2026-06-01,Colombia,Amazon,73.0,4176.0
tt32332404,2026-05-01,Mexico,Amazon,418.0,23137.0
tt32332404,2026-06-01,Mexico,Amazon,380.0,18784.0
tt32360696,2026-05-01,Argentina,Netflix,38.0,3224.0
tt32360696,2026-06-01,Argentina,Netflix,28.0,2992.0
tt32360696,2026-05-01,Brazil,Netflix,142.0,16001.0
tt32360696,2026-06-01,Brazil,Netflix,209.0,15338.0
tt32360696,2026-05-01,Colombia,Netflix,21.0,896.0
tt32360696,2026-06-01,Colombia,Netflix,29.0,3012.0
tt32360696,2026-05-01,Mexico,Netflix,42.0,3173.0
tt32360696,2026-06-01,Mexico,Netflix,102.0,8859.0
tt32362890,2026-05-01,Argentina,Netflix,149.0,12126.0
tt32362890,2026-06-01,Argentina,Netflix,122.0,9037.0
tt32362890,2026-05-01,Brazil,Netflix,777.0,57204.0
tt32362890,2026-06-01,Brazil,Netflix,327.0,17458.0
tt32362890,2026-05-01,Colombia,Netflix,352.0,25643.0
tt32362890,2026-06-01,Colombia,Netflix,248.0,19137.0
tt32362890,2026-05-01,Mexico,Netflix,600.0,48071.0
tt32362890,2026-06-01,Mexico,Netflix,409.0,29136.0
tt32376165,2026-05-01,Argentina,Netflix,87.0,9117.0
tt32376165,2026-06-01,Argentina,Netflix,39.0,3122.0
tt32376165,2026-05-01,Brazil,Netflix,463.0,34433.0
tt32376165,2026-06-01,Brazil,Netflix,148.0,11707.0
tt32376165,2026-05-01,Colombia,Netflix,108.0,11589.0
tt32376165,2026-06-01,Colombia,Netflix,146.0,13381.0
tt32376165,2026-05-01,Mexico,Netflix,222.0,22896.0
tt32376165,2026-06-01,Mexico,Netflix,289.0,31669.0
tt32378300,2026-05-01,Colombia,Disney+,10.0,1039.0
tt32378300,2026-06-01,Colombia,Disney+,3.0,357.0
tt32434379,2026-05-01,Argentina,Amazon,23.0,2739.0
tt32434379,2026-06-01,Argentina,Amazon,115.0,10314.0
tt32434379,2026-05-01,Brazil,Amazon,135.0,13889.0
tt32434379,2026-06-01,Brazil,Amazon,566.0,59576.0
tt32434379,2026-05-01,Colombia,Amazon,37.0,3073.0
tt32434379,2026-06-01,Colombia,Amazon,73.0,6693.0
tt32434379,2026-05-01,Mexico,Amazon,30.0,33.0
tt32434379,2026-06-01,Mexico,Amazon,94.0,9102.0
tt32441275,2026-06-01,Argentina,Netflix,6.0,522.0
tt32441275,2026-05-01,Colombia,Netflix,7.0,405.0
tt32441275,2026-06-01,Colombia,Netflix,4.0,0.0
tt32451344,2026-05-01,Colombia,Netflix,3.0,252.0
tt32451344,2026-06-01,Colombia,Netflix,4.0,338.0
tt32451344,2026-05-01,Mexico,Netflix,38.0,1747.0
tt32451344,2026-06-01,Mexico,Netflix,32.0,2492.0
tt32543884,2026-05-01,Argentina,Netflix,87.0,6111.0
tt32543884,2026-06-01,Argentina,Netflix,27.0,1515.0
tt32543884,2026-05-01,Brazil,Netflix,125.0,10884.0
tt32543884,2026-06-01,Brazil,Netflix,231.0,17784.0
tt32543884,2026-05-01,Colombia,Netflix,101.0,8980.0
tt32543884,2026-06-01,Colombia,Netflix,51.0,4052.0
tt32543884,2026-05-01,Mexico,Netflix,117.0,4976.0
tt32543884,2026-06-01,Mexico,Netflix,22.0,1062.0
tt32549601,2026-05-01,Argentina,Netflix,62.0,3847.0
tt32549601,2026-06-01,Argentina,Netflix,18.0,1155.0
tt32549601,2026-05-01,Brazil,Netflix,154.0,13941.0
tt32549601,2026-06-01,Brazil,Netflix,136.0,13567.0
tt32549601,2026-05-01,Colombia,Netflix,84.0,7659.0
tt32549601,2026-06-01,Colombia,Netflix,133.0,11663.0
tt32549601,2026-05-01,Mexico,Netflix,110.0,10850.0
tt32549601,2026-06-01,Mexico,Netflix,114.0,7446.0
tt32550101,2026-05-01,Argentina,Netflix,7.0,771.0
tt32550101,2026-05-01,Brazil,Netflix,47.0,3507.0
tt32550101,2026-06-01,Brazil,Netflix,9.0,942.0
tt32550101,2026-05-01,Colombia,Netflix,14.0,1188.0
tt32550101,2026-06-01,Colombia,Netflix,13.0,1446.0
tt32550101,2026-05-01,Mexico,Netflix,119.0,4436.0
tt32550101,2026-06-01,Mexico,Netflix,24.0,2161.0
tt32558992,2026-05-01,Argentina,Netflix,18.0,1781.0
tt32558992,2026-05-01,Brazil,Netflix,26.0,1968.0
tt32558992,2026-06-01,Brazil,Netflix,21.0,1574.0
tt32558992,2026-05-01,Colombia,Netflix,23.0,1522.0
tt32558992,2026-06-01,Colombia,Netflix,25.0,1860.0
tt32558992,2026-05-01,Mexico,Netflix,37.0,3060.0
tt32558992,2026-06-01,Mexico,Netflix,15.0,1597.0
tt32560777,2026-05-01,Argentina,Netflix,13.0,1121.0
tt32560777,2026-06-01,Argentina,Netflix,62.0,3710.0
tt32560777,2026-05-01,Brazil,Netflix,146.0,10960.0
tt32560777,2026-06-01,Brazil,Netflix,143.0,10261.0
tt32560777,2026-05-01,Colombia,Netflix,10.0,832.0
tt32560777,2026-06-01,Colombia,Netflix,24.0,1339.0
tt32560777,2026-05-01,Mexico,Netflix,265.0,15866.0
tt32560777,2026-06-01,Mexico,Netflix,265.0,15051.0
tt32572716,2026-05-01,Argentina,Netflix,81.0,7037.0
tt32572716,2026-06-01,Argentina,Netflix,56.0,4854.0
tt32572716,2026-05-01,Brazil,Netflix,120.0,10878.0
tt32572716,2026-06-01,Brazil,Netflix,118.0,10015.0
tt32572716,2026-05-01,Colombia,Netflix,41.0,3636.0
tt32572716,2026-06-01,Colombia,Netflix,54.0,5313.0
tt32572716,2026-05-01,Mexico,Netflix,53.0,2921.0
tt32572716,2026-06-01,Mexico,Netflix,83.0,7513.0
tt32598483,2026-05-01,Argentina,Netflix,22.0,1642.0
tt32598483,2026-06-01,Argentina,Netflix,9.0,959.0
tt32598483,2026-05-01,Brazil,Netflix,30.0,3123.0
tt32598483,2026-05-01,Colombia,Netflix,7.0,810.0
tt32600395,2026-05-01,Argentina,Netflix,7.0,786.0
tt32600395,2026-05-01,Brazil,Netflix,30.0,3088.0
tt32600395,2026-06-01,Brazil,Netflix,29.0,858.0
tt32600395,2026-05-01,Colombia,Netflix,4.0,455.0
tt32600395,2026-05-01,Mexico,Netflix,4.0,7.0
tt32600395,2026-06-01,Mexico,Netflix,54.0,2911.0
tt32642706,2026-05-01,Argentina,Netflix,128.0,14387.0
tt32642706,2026-06-01,Argentina,Netflix,63.0,5573.0
tt32642706,2026-05-01,Brazil,Netflix,499.0,49384.0
tt32642706,2026-06-01,Brazil,Netflix,276.0,23903.0
tt32642706,2026-05-01,Colombia,Netflix,144.0,14097.0
tt32642706,2026-06-01,Colombia,Netflix,108.0,9941.0
tt32642706,2026-05-01,Mexico,Netflix,211.0,20743.0
tt32642706,2026-06-01,Mexico,Netflix,270.0,22070.0
tt32643830,2026-05-01,Argentina,Netflix,35.0,2525.0
tt32643830,2026-06-01,Argentina,Netflix,27.0,3153.0
tt32643830,2026-05-01,Brazil,Netflix,9.0,237.0
tt32643830,2026-06-01,Brazil,Netflix,42.0,3588.0
tt32643830,2026-05-01,Colombia,Netflix,38.0,4657.0
tt32643830,2026-06-01,Colombia,Netflix,29.0,2283.0
tt32643830,2026-05-01,Mexico,Netflix,41.0,3960.0
tt32643830,2026-06-01,Mexico,Netflix,73.0,7464.0
tt32768323,2026-05-01,Brazil,Amazon,11.0,4.0
tt32768323,2026-06-01,Brazil,Amazon,61.0,4674.0
tt32768323,2026-05-01,Colombia,Amazon,10.0,1214.0
tt32768323,2026-06-01,Colombia,Amazon,4.0,477.0
tt32768323,2026-05-01,Mexico,Amazon,65.0,7470.0
tt32907397,2026-05-01,Argentina,Netflix,32.0,874.0
tt32907397,2026-06-01,Argentina,Netflix,12.0,488.0
tt32907397,2026-05-01,Brazil,Netflix,45.0,2378.0
tt32907397,2026-06-01,Brazil,Netflix,8.0,638.0
tt32907397,2026-05-01,Mexico,Netflix,6.0,476.0
tt32907397,2026-06-01,Mexico,Netflix,7.0,567.0
tt3291150,2026-05-01,Argentina,Netflix,96.0,8289.0
tt3291150,2026-06-01,Argentina,Netflix,38.0,1308.0
tt3291150,2026-05-01,Brazil,Netflix,473.0,30123.0
tt3291150,2026-06-01,Brazil,Netflix,139.0,10120.0
tt3291150,2026-05-01,Colombia,Netflix,177.0,14396.0
tt3291150,2026-06-01,Colombia,Netflix,68.0,6489.0
tt3291150,2026-05-01,Mexico,Netflix,443.0,38703.0
tt3291150,2026-06-01,Mexico,Netflix,110.0,8191.0
tt32916440,2026-05-01,Argentina,Amazon,310.0,33162.0
tt32916440,2026-06-01,Argentina,Amazon,21.0,3204.0
tt32916440,2026-05-01,Brazil,Amazon,430.0,62165.0
tt32916440,2026-05-01,Colombia,Amazon,316.0,36585.0
tt32916440,2026-06-01,Colombia,Amazon,80.0,11235.0
tt32916440,2026-05-01,Mexico,Amazon,680.0,94072.0
tt32916440,2026-06-01,Mexico,Amazon,148.0,19287.0
tt32985279,2026-05-01,Argentina,Netflix,11.0,300.0
tt32985279,2026-05-01,Brazil,Netflix,63.0,3826.0
tt32985279,2026-06-01,Brazil,Netflix,114.0,1651.0
tt32985279,2026-05-01,Colombia,Netflix,16.0,593.0
tt32985279,2026-06-01,Colombia,Netflix,7.0,451.0
tt32985279,2026-05-01,Mexico,Netflix,31.0,1192.0
tt32985279,2026-06-01,Mexico,Netflix,19.0,1727.0
tt33022710,2026-05-01,Argentina,Disney+,14.0,852.0
tt33022710,2026-05-01,Brazil,Disney+,15.0,38.0
tt33022710,2026-05-01,Colombia,Disney+,16.0,1354.0
tt33022710,2026-05-01,Mexico,Disney+,43.0,2548.0
tt33022710,2026-06-01,Mexico,Disney+,34.0,86.0
tt33039440,2026-05-01,Argentina,Netflix,34.0,2531.0
tt33039440,2026-06-01,Argentina,Netflix,7.0,779.0
tt33039440,2026-05-01,Brazil,Netflix,143.0,7989.0
tt33039440,2026-06-01,Brazil,Netflix,175.0,14793.0
tt33039440,2026-05-01,Colombia,Netflix,28.0,3105.0
tt33039440,2026-06-01,Colombia,Netflix,24.0,2868.0
tt33039440,2026-05-01,Mexico,Netflix,125.0,7683.0
tt33039440,2026-06-01,Mexico,Netflix,64.0,3502.0
tt33046197,2026-05-01,Argentina,Amazon,57.0,7051.0
tt33046197,2026-06-01,Argentina,Amazon,65.0,7995.0
tt33046197,2026-05-01,Brazil,Amazon,143.0,16446.0
tt33046197,2026-06-01,Brazil,Amazon,118.0,14015.0
tt33046197,2026-05-01,Colombia,Amazon,98.0,9896.0
tt33046197,2026-06-01,Colombia,Amazon,109.0,10468.0
tt33046197,2026-05-01,Mexico,Amazon,198.0,24101.0
tt33046197,2026-06-01,Mexico,Amazon,166.0,19333.0
tt33053440,2026-05-01,Argentina,Netflix,50.0,2621.0
tt33053440,2026-06-01,Argentina,Netflix,78.0,5163.0
tt33053440,2026-05-01,Brazil,Netflix,68.0,6783.0
tt33053440,2026-06-01,Brazil,Netflix,193.0,16367.0
tt33053440,2026-05-01,Colombia,Netflix,85.0,6661.0
tt33053440,2026-06-01,Colombia,Netflix,37.0,2973.0
tt33053440,2026-05-01,Mexico,Netflix,156.0,14720.0
tt33053440,2026-06-01,Mexico,Netflix,15.0,1586.0
tt33058713,2026-05-01,Brazil,Netflix,27.0,2455.0
tt33058713,2026-06-01,Brazil,Netflix,8.0,759.0
tt33058713,2026-05-01,Colombia,Netflix,3.0,291.0
tt33058713,2026-06-01,Mexico,Netflix,93.0,6078.0
tt33100314,2026-05-01,Argentina,Netflix,1750.0,164051.0
tt33100314,2026-06-01,Argentina,Netflix,378.0,36660.0
tt33100314,2026-05-01,Brazil,Netflix,4550.0,412792.0
tt33100314,2026-06-01,Brazil,Netflix,588.0,53579.0
tt33100314,2026-05-01,Colombia,Netflix,1766.0,156164.0
tt33100314,2026-06-01,Colombia,Netflix,406.0,38171.0
tt33100314,2026-05-01,Mexico,Netflix,5004.0,437225.0
tt33100314,2026-06-01,Mexico,Netflix,1594.0,143535.0
tt33244550,2026-05-01,Argentina,Netflix,97.0,7272.0
tt33244550,2026-06-01,Argentina,Netflix,57.0,5136.0
tt33244550,2026-05-01,Brazil,Netflix,21.0,1944.0
tt33244550,2026-06-01,Brazil,Netflix,50.0,4371.0
tt33244550,2026-05-01,Colombia,Netflix,30.0,2379.0
tt33244550,2026-06-01,Colombia,Netflix,13.0,598.0
tt33244550,2026-06-01,Mexico,Netflix,32.0,487.0
tt33244668,2026-05-01,Argentina,HBO Max,126.0,10790.0
tt33244668,2026-06-01,Argentina,HBO Max,10.0,543.0
tt33244668,2026-05-01,Brazil,HBO Max,411.0,34696.0
tt33244668,2026-06-01,Brazil,HBO Max,178.0,14167.0
tt33244668,2026-05-01,Colombia,Amazon,5.0,522.0
tt33244668,2026-05-01,Colombia,HBO Max,109.0,9398.0
tt33244668,2026-06-01,Colombia,HBO Max,95.0,5694.0
tt33244668,2026-05-01,Mexico,HBO Max,124.0,9080.0
tt33244668,2026-06-01,Mexico,HBO Max,107.0,9068.0
tt33244668,2026-05-01,Mexico,Netflix,7.0,742.0
tt33247023,2026-05-01,Brazil,Amazon,10.0,1.0
tt33247023,2026-06-01,Brazil,Amazon,29.0,5.0
tt33247023,2026-06-01,Colombia,Amazon,11.0,1128.0
tt33247023,2026-05-01,Mexico,Amazon,48.0,4.0
tt33247023,2026-06-01,Mexico,Amazon,9.0,985.0
tt33292655,2026-05-01,Argentina,HBO Max,8.0,573.0
tt33292655,2026-06-01,Argentina,HBO Max,9.0,887.0
tt33292655,2026-05-01,Brazil,HBO Max,75.0,5611.0
tt33292655,2026-06-01,Brazil,HBO Max,48.0,2409.0
tt33292655,2026-06-01,Colombia,HBO Max,27.0,2410.0
tt33292655,2026-05-01,Mexico,HBO Max,91.0,3585.0
tt33292655,2026-06-01,Mexico,HBO Max,8.0,12.0
tt33293169,2026-05-01,Argentina,Netflix,81.0,6505.0
tt33293169,2026-06-01,Argentina,Netflix,29.0,2502.0
tt33293169,2026-05-01,Brazil,Netflix,45.0,3848.0
tt33293169,2026-06-01,Brazil,Netflix,51.0,3979.0
tt33293169,2026-05-01,Colombia,Netflix,29.0,2321.0
tt33293169,2026-06-01,Colombia,Netflix,6.0,656.0
tt33293169,2026-05-01,Mexico,Netflix,58.0,3716.0
tt33293169,2026-06-01,Mexico,Netflix,4.0,420.0
tt33299083,2026-06-01,Argentina,Netflix,7.0,763.0
tt33299083,2026-05-01,Brazil,Netflix,30.0,2566.0
tt33299083,2026-06-01,Brazil,Netflix,35.0,1723.0
tt33299083,2026-05-01,Colombia,Netflix,10.0,1032.0
tt33299083,2026-06-01,Colombia,Netflix,16.0,502.0
tt33299083,2026-05-01,Mexico,Netflix,7.0,166.0
tt33299083,2026-06-01,Mexico,Netflix,108.0,9252.0
tt33304396,2026-05-01,Argentina,HBO Max,28.0,1736.0
tt33304396,2026-06-01,Argentina,HBO Max,8.0,596.0
tt33304396,2026-06-01,Brazil,HBO Max,31.0,533.0
tt33304396,2026-05-01,Colombia,HBO Max,1.0,136.0
tt33304396,2026-06-01,Colombia,HBO Max,7.0,145.0
tt33311244,2026-05-01,Argentina,Amazon,44.0,3947.0
tt33311244,2026-06-01,Argentina,Amazon,76.0,8194.0
tt33311244,2026-05-01,Brazil,Amazon,134.0,14316.0
tt33311244,2026-06-01,Brazil,Amazon,286.0,28020.0
tt33311244,2026-05-01,Colombia,Amazon,85.0,9678.0
tt33311244,2026-06-01,Colombia,Amazon,41.0,4097.0
tt33311244,2026-05-01,Mexico,Amazon,185.0,20183.0
tt33311244,2026-06-01,Mexico,Amazon,132.0,14958.0
tt33312131,2026-05-01,Argentina,Netflix,16.0,2009.0
tt33312131,2026-06-01,Argentina,Netflix,14.0,378.0
tt33312131,2026-05-01,Brazil,Netflix,91.0,5923.0
tt33312131,2026-06-01,Brazil,Netflix,42.0,1003.0
tt33312131,2026-05-01,Colombia,Netflix,36.0,2980.0
tt33312131,2026-06-01,Colombia,Netflix,17.0,1635.0
tt33312131,2026-05-01,Mexico,Netflix,26.0,805.0
tt33312131,2026-06-01,Mexico,Netflix,56.0,4521.0
tt33335602,2026-05-01,Argentina,Amazon,27.0,2898.0
tt33335602,2026-06-01,Argentina,Amazon,16.0,1812.0
tt33335602,2026-05-01,Brazil,Amazon,74.0,7745.0
tt33335602,2026-05-01,Mexico,Amazon,19.0,1994.0
tt33335602,2026-06-01,Mexico,Amazon,5.0,565.0
tt33402908,2026-05-01,Argentina,Netflix,7.0,975.0
tt33402908,2026-05-01,Brazil,Netflix,39.0,1309.0
tt33402908,2026-06-01,Brazil,Netflix,26.0,1928.0
tt33402908,2026-05-01,Colombia,Netflix,13.0,1317.0
tt33402908,2026-06-01,Colombia,Netflix,3.0,465.0
tt33402908,2026-05-01,Mexico,Netflix,33.0,4123.0
tt33402908,2026-06-01,Mexico,Netflix,4.0,580.0
tt33452974,2026-05-01,Argentina,Netflix,21.0,1209.0
tt33452974,2026-06-01,Argentina,Netflix,23.0,3235.0
tt33452974,2026-05-01,Brazil,Netflix,118.0,9447.0
tt33452974,2026-06-01,Brazil,Netflix,32.0,4135.0
tt33452974,2026-05-01,Colombia,Netflix,11.0,1511.0
tt33452974,2026-06-01,Colombia,Netflix,21.0,1394.0
tt33452974,2026-05-01,Mexico,Netflix,90.0,11230.0
tt33452974,2026-06-01,Mexico,Netflix,115.0,11014.0
tt33474172,2026-05-01,Argentina,Netflix,84.0,6917.0
tt33474172,2026-06-01,Argentina,Netflix,13.0,1210.0
tt33474172,2026-05-01,Brazil,Netflix,118.0,12103.0
tt33474172,2026-06-01,Brazil,Netflix,207.0,16088.0
tt33474172,2026-05-01,Colombia,Netflix,61.0,3324.0
tt33474172,2026-06-01,Colombia,Netflix,41.0,2288.0
tt33474172,2026-05-01,Mexico,Netflix,140.0,12631.0
tt33474172,2026-06-01,Mexico,Netflix,31.0,2229.0
tt33474179,2026-05-01,Argentina,Netflix,161.0,11393.0
tt33474179,2026-06-01,Argentina,Netflix,115.0,9506.0
tt33474179,2026-05-01,Brazil,Netflix,564.0,49906.0
tt33474179,2026-06-01,Brazil,Netflix,305.0,28999.0
tt33474179,2026-05-01,Colombia,Netflix,97.0,9843.0
tt33474179,2026-06-01,Colombia,Netflix,109.0,9086.0
tt33474179,2026-05-01,Mexico,Netflix,250.0,19710.0
tt33474179,2026-06-01,Mexico,Netflix,190.0,16460.0
tt33481094,2026-05-01,Argentina,Netflix,6.0,42.0
tt33481094,2026-06-01,Argentina,Netflix,7.0,907.0
tt33481094,2026-06-01,Brazil,Netflix,16.0,1801.0
tt33481094,2026-06-01,Colombia,Netflix,13.0,34.0
tt33481094,2026-06-01,Mexico,Netflix,4.0,527.0
tt33484071,2026-05-01,Argentina,Netflix,39.0,2625.0
tt33484071,2026-05-01,Brazil,Netflix,8.0,703.0
tt33484071,2026-05-01,Colombia,Netflix,3.0,270.0
tt33484071,2026-06-01,Colombia,Netflix,3.0,308.0
tt33484071,2026-05-01,Mexico,Netflix,20.0,1615.0
tt33484071,2026-06-01,Mexico,Netflix,8.0,377.0
tt33501878,2026-05-01,Argentina,Netflix,17.0,60.0
tt33501878,2026-06-01,Argentina,Netflix,6.0,537.0
tt33501878,2026-05-01,Brazil,Netflix,74.0,2147.0
tt33501878,2026-06-01,Brazil,Netflix,38.0,3033.0
tt33501878,2026-05-01,Colombia,Netflix,10.0,836.0
tt33501878,2026-06-01,Colombia,Netflix,4.0,289.0
tt33501878,2026-05-01,Mexico,Netflix,12.0,1385.0
tt33501878,2026-06-01,Mexico,Netflix,24.0,1881.0
tt33502160,2026-05-01,Argentina,Disney+,3.0,285.0
tt33502160,2026-06-01,Argentina,Disney+,24.0,1236.0
tt33502160,2026-05-01,Brazil,Disney+,5.0,545.0
tt33502160,2026-06-01,Brazil,Disney+,34.0,2345.0
tt33502160,2026-05-01,Colombia,Disney+,1.0,202.0
tt33502160,2026-06-01,Colombia,Disney+,24.0,1869.0
tt33502160,2026-05-01,Mexico,Disney+,64.0,7047.0
tt33502160,2026-06-01,Mexico,Disney+,12.0,719.0
tt33549478,2026-06-01,Argentina,Amazon,21.0,812.0
tt33549478,2026-05-01,Brazil,Amazon,173.0,8378.0
tt33549478,2026-06-01,Brazil,Amazon,151.0,11069.0
tt33549478,2026-05-01,Colombia,Amazon,13.0,1039.0
tt33549478,2026-06-01,Colombia,Amazon,26.0,2541.0
tt33549478,2026-05-01,Mexico,Amazon,91.0,3127.0
tt33549478,2026-06-01,Mexico,Amazon,9.0,823.0
tt3359350,2026-05-01,Argentina,Amazon,35.0,4340.0
tt3359350,2026-06-01,Argentina,Amazon,58.0,6887.0
tt3359350,2026-05-01,Brazil,Amazon,91.0,10890.0
tt3359350,2026-06-01,Brazil,Amazon,40.0,4990.0
tt3359350,2026-05-01,Colombia,Amazon,43.0,5199.0
tt3359350,2026-06-01,Colombia,Amazon,22.0,2196.0
tt3359350,2026-05-01,Mexico,Amazon,253.0,26613.0
tt3359350,2026-06-01,Mexico,Amazon,208.0,21503.0
tt33603921,2026-05-01,Argentina,Netflix,11.0,1189.0
tt33603921,2026-06-01,Argentina,Netflix,13.0,1348.0
tt33603921,2026-05-01,Brazil,Netflix,30.0,1578.0
tt33603921,2026-06-01,Brazil,Netflix,8.0,338.0
tt33603921,2026-05-01,Colombia,Netflix,10.0,628.0
tt33603921,2026-06-01,Colombia,Netflix,10.0,929.0
tt33603921,2026-05-01,Mexico,Netflix,11.0,1254.0
tt33603921,2026-06-01,Mexico,Netflix,4.0,468.0
tt33797166,2026-06-01,Argentina,Amazon,50.0,3191.0
tt33797166,2026-06-01,Colombia,Amazon,13.0,1301.0
tt33797166,2026-05-01,Mexico,Amazon,19.0,1905.0
tt33797166,2026-06-01,Mexico,Amazon,115.0,9895.0
tt3402138,2026-05-01,Argentina,Netflix,140.0,8651.0
tt3402138,2026-06-01,Argentina,Netflix,51.0,3703.0
tt3402138,2026-05-01,Brazil,Netflix,291.0,22884.0
tt3402138,2026-06-01,Brazil,Netflix,205.0,17059.0
tt3402138,2026-05-01,Colombia,Netflix,91.0,6619.0
tt3402138,2026-06-01,Colombia,Netflix,62.0,4739.0
tt3402138,2026-05-01,Mexico,Netflix,303.0,19487.0
tt3402138,2026-06-01,Mexico,Netflix,96.0,7344.0
tt34058121,2026-05-01,Argentina,Netflix,21.0,1317.0
tt34058121,2026-06-01,Argentina,Netflix,27.0,2160.0
tt34058121,2026-05-01,Brazil,Netflix,68.0,225.0
tt34058121,2026-06-01,Brazil,Netflix,21.0,2108.0
tt34058121,2026-05-01,Colombia,Netflix,26.0,2645.0
tt34058121,2026-06-01,Colombia,Netflix,28.0,2861.0
tt34058121,2026-05-01,Mexico,Netflix,89.0,3445.0
tt34058121,2026-06-01,Mexico,Netflix,47.0,3772.0
tt34139335,2026-05-01,Colombia,Netflix,3.0,304.0
tt34139335,2026-05-01,Mexico,Netflix,4.0,26.0
tt34139335,2026-06-01,Mexico,Netflix,45.0,4142.0
tt34350086,2026-05-01,Argentina,Netflix,13.0,829.0
tt34350086,2026-05-01,Brazil,Netflix,44.0,2200.0
tt34350086,2026-06-01,Brazil,Netflix,8.0,5.0
tt34350086,2026-05-01,Colombia,Netflix,8.0,802.0
tt34350086,2026-05-01,Mexico,Netflix,38.0,3198.0
tt34350086,2026-06-01,Mexico,Netflix,38.0,3159.0
tt34365591,2026-05-01,Argentina,Netflix,7.0,34.0
tt34365591,2026-06-01,Argentina,Netflix,8.0,1085.0
tt34365591,2026-06-01,Colombia,Netflix,9.0,715.0
tt34365591,2026-06-01,Mexico,Netflix,4.0,9.0
tt34378301,2026-05-01,Argentina,Amazon,662.0,67459.0
tt34378301,2026-06-01,Argentina,Amazon,191.0,15278.0
tt34378301,2026-05-01,Brazil,Amazon,2228.0,205752.0
tt34378301,2026-06-01,Brazil,Amazon,2270.0,176858.0
tt34378301,2026-05-01,Colombia,Amazon,614.0,62136.0
tt34378301,2026-06-01,Colombia,Amazon,534.0,44500.0
tt34378301,2026-05-01,Mexico,Amazon,1413.0,132664.0
tt34378301,2026-06-01,Mexico,Amazon,1065.0,96735.0
tt34381460,2026-05-01,Argentina,Netflix,6.0,786.0
tt34381460,2026-06-01,Argentina,Netflix,11.0,1345.0
tt34381460,2026-06-01,Brazil,Netflix,45.0,5393.0
tt34381460,2026-05-01,Colombia,Netflix,10.0,1302.0
tt34381460,2026-06-01,Colombia,Netflix,6.0,673.0
tt34381460,2026-05-01,Mexico,Netflix,113.0,11030.0
tt34381460,2026-06-01,Mexico,Netflix,14.0,1145.0
tt34434461,2026-05-01,Argentina,Amazon,14.0,1654.0
tt34434461,2026-06-01,Argentina,Amazon,21.0,2498.0
tt34434461,2026-05-01,Brazil,Amazon,155.0,2168.0
tt34434461,2026-06-01,Brazil,Amazon,103.0,11803.0
tt34434461,2026-05-01,Colombia,Amazon,25.0,2759.0
tt34434461,2026-06-01,Colombia,Amazon,16.0,502.0
tt34434461,2026-05-01,Mexico,Amazon,145.0,13548.0
tt34434461,2026-06-01,Mexico,Amazon,41.0,4777.0
tt34605805,2026-05-01,Brazil,Amazon,7.0,8.0
tt34605805,2026-06-01,Brazil,Amazon,56.0,82.0
tt34611082,2026-05-01,Argentina,Netflix,1356.0,93532.0
tt34611082,2026-06-01,Argentina,Netflix,340.0,25353.0
tt34611082,2026-05-01,Brazil,Netflix,3338.0,239744.0
tt34611082,2026-06-01,Brazil,Netflix,846.0,64198.0
tt34611082,2026-05-01,Colombia,Netflix,1240.0,88593.0
tt34611082,2026-06-01,Colombia,Netflix,421.0,32371.0
tt34611082,2026-05-01,Mexico,Netflix,2044.0,142304.0
tt34611082,2026-06-01,Mexico,Netflix,509.0,40533.0
tt34682248,2026-05-01,Argentina,Netflix,7.0,0.0
tt34682248,2026-06-01,Argentina,Netflix,11.0,1247.0
tt34682248,2026-05-01,Brazil,Netflix,19.0,2054.0
tt34682248,2026-06-01,Brazil,Netflix,94.0,8104.0
tt34682248,2026-05-01,Colombia,Netflix,3.0,419.0
tt34682248,2026-06-01,Colombia,Netflix,8.0,939.0
tt34682248,2026-05-01,Mexico,Netflix,7.0,813.0
tt34682248,2026-06-01,Mexico,Netflix,34.0,3634.0
tt34691776,2026-05-01,Argentina,Netflix,7.0,685.0
tt34691776,2026-06-01,Argentina,Netflix,32.0,1945.0
tt34691776,2026-05-01,Brazil,Netflix,45.0,4172.0
tt34691776,2026-05-01,Colombia,Netflix,13.0,1343.0
tt34691776,2026-06-01,Colombia,Netflix,12.0,947.0
tt34691776,2026-05-01,Mexico,Netflix,81.0,7386.0
tt34691776,2026-06-01,Mexico,Netflix,7.0,1.0
tt34749630,2026-05-01,Argentina,Netflix,17.0,77.0
tt34749630,2026-06-01,Argentina,Netflix,21.0,1785.0
tt34749630,2026-05-01,Brazil,Netflix,22.0,1566.0
tt34749630,2026-06-01,Brazil,Netflix,75.0,3903.0
tt34749630,2026-05-01,Colombia,Netflix,3.0,468.0
tt34749630,2026-06-01,Colombia,Netflix,18.0,1685.0
tt34749630,2026-05-01,Mexico,Netflix,43.0,2520.0
tt34749630,2026-06-01,Mexico,Netflix,4.0,561.0
tt34762360,2026-05-01,Argentina,Netflix,7.0,978.0
tt34762360,2026-06-01,Argentina,Netflix,15.0,1187.0
tt34762360,2026-05-01,Brazil,Netflix,19.0,1558.0
tt34762360,2026-05-01,Colombia,Netflix,3.0,486.0
tt34762360,2026-06-01,Colombia,Netflix,9.0,366.0
tt34762360,2026-05-01,Mexico,Netflix,10.0,574.0
tt34762360,2026-06-01,Mexico,Netflix,30.0,3761.0
tt34819091,2026-05-01,Argentina,Disney+,20.0,268.0
tt34819091,2026-06-01,Argentina,Disney+,67.0,6982.0
tt34819091,2026-05-01,Brazil,Disney+,17.0,1777.0
tt34819091,2026-06-01,Brazil,Disney+,76.0,4567.0
tt34819091,2026-05-01,Colombia,Disney+,15.0,1110.0
tt34819091,2026-06-01,Colombia,Disney+,30.0,1153.0
tt34819091,2026-05-01,Mexico,Disney+,74.0,750.0
tt34819091,2026-06-01,Mexico,Disney+,153.0,3172.0
tt34962891,2026-05-01,Argentina,Netflix,33.0,3258.0
tt34962891,2026-06-01,Argentina,Netflix,15.0,1533.0
tt34962891,2026-05-01,Brazil,Netflix,154.0,15115.0
tt34962891,2026-06-01,Brazil,Netflix,39.0,1882.0
tt34962891,2026-05-01,Colombia,Netflix,19.0,1803.0
tt34962891,2026-06-01,Colombia,Netflix,15.0,1448.0
tt34962891,2026-05-01,Mexico,Netflix,68.0,6732.0
tt34962891,2026-06-01,Mexico,Netflix,253.0,20452.0
tt34966650,2026-05-01,Brazil,Amazon,19.0,2024.0
tt34966650,2026-06-01,Brazil,Amazon,38.0,3983.0
tt34992378,2026-05-01,Argentina,Netflix,9.0,847.0
tt34992378,2026-06-01,Argentina,Netflix,7.0,683.0
tt34992378,2026-05-01,Brazil,Netflix,26.0,1291.0
tt34992378,2026-06-01,Brazil,Netflix,29.0,2675.0
tt34992378,2026-05-01,Colombia,Netflix,10.0,21.0
tt34992378,2026-06-01,Colombia,Netflix,3.0,331.0
tt34992378,2026-06-01,Mexico,Netflix,28.0,113.0
tt35111035,2026-05-01,Argentina,Netflix,7.0,792.0
tt35111035,2026-06-01,Argentina,Netflix,18.0,1247.0
tt35111035,2026-05-01,Brazil,Netflix,103.0,8758.0
tt35111035,2026-06-01,Brazil,Netflix,76.0,7484.0
tt35111035,2026-05-01,Colombia,Netflix,37.0,2501.0
tt35111035,2026-06-01,Colombia,Netflix,32.0,3016.0
tt35111035,2026-05-01,Mexico,Netflix,8.0,456.0
tt35111035,2026-06-01,Mexico,Netflix,31.0,2893.0
tt35219851,2026-06-01,Argentina,Netflix,9.0,813.0
tt35219851,2026-05-01,Brazil,Netflix,55.0,3775.0
tt35219851,2026-06-01,Brazil,Netflix,75.0,6689.0
tt35219851,2026-06-01,Colombia,Netflix,18.0,1660.0
tt35219851,2026-05-01,Mexico,Netflix,11.0,978.0
tt35219851,2026-06-01,Mexico,Netflix,4.0,399.0
tt35237771,2026-05-01,Argentina,Disney+,15.0,180.0
tt35237771,2026-05-01,Brazil,Disney+,28.0,86.0
tt35237771,2026-05-01,Colombia,Disney+,10.0,30.0
tt35237771,2026-06-01,Colombia,Disney+,27.0,2728.0
tt35237771,2026-06-01,Mexico,Disney+,12.0,514.0
tt35300972,2026-05-01,Argentina,Netflix,27.0,2505.0
tt35300972,2026-06-01,Argentina,Netflix,13.0,1185.0
tt35300972,2026-05-01,Colombia,Netflix,10.0,452.0
tt35300972,2026-06-01,Colombia,Netflix,3.0,345.0
tt35300972,2026-05-01,Mexico,Netflix,4.0,26.0
tt35330717,2026-05-01,Argentina,Netflix,73.0,4768.0
tt35330717,2026-06-01,Argentina,Netflix,55.0,4196.0
tt35330717,2026-05-01,Brazil,Netflix,268.0,20235.0
tt35330717,2026-06-01,Brazil,Netflix,95.0,8317.0
tt35330717,2026-05-01,Colombia,Netflix,85.0,7472.0
tt35330717,2026-06-01,Colombia,Netflix,109.0,8124.0
tt35330717,2026-05-01,Mexico,Netflix,120.0,7444.0
tt35330717,2026-06-01,Mexico,Netflix,73.0,5194.0
tt35340614,2026-05-01,Brazil,Netflix,39.0,3299.0
tt35340614,2026-06-01,Brazil,Netflix,31.0,2600.0
tt35600079,2026-06-01,Brazil,Disney+,20.0,1635.0
tt35600079,2026-05-01,Mexico,Disney+,3.0,7.0
tt35600079,2026-06-01,Mexico,Disney+,7.0,562.0
tt35628853,2026-05-01,Argentina,Netflix,7.0,849.0
tt35628853,2026-06-01,Argentina,Netflix,16.0,1049.0
tt35628853,2026-05-01,Brazil,Netflix,19.0,2146.0
tt35628853,2026-06-01,Brazil,Netflix,54.0,4472.0
tt35628853,2026-05-01,Colombia,Netflix,4.0,506.0
tt35628853,2026-06-01,Colombia,Netflix,25.0,1262.0
tt35628853,2026-05-01,Mexico,Netflix,7.0,34.0
tt35628853,2026-06-01,Mexico,Netflix,26.0,2957.0
tt3566834,2026-05-01,Argentina,HBO Max,48.0,2587.0
tt3566834,2026-06-01,Argentina,HBO Max,63.0,5583.0
tt3566834,2026-05-01,Brazil,Amazon,34.0,3518.0
tt3566834,2026-05-01,Brazil,HBO Max,63.0,1326.0
tt3566834,2026-06-01,Brazil,HBO Max,114.0,2954.0
tt3566834,2026-05-01,Colombia,Amazon,5.0,576.0
tt3566834,2026-05-01,Colombia,HBO Max,44.0,3207.0
tt3566834,2026-06-01,Colombia,HBO Max,47.0,3554.0
tt3566834,2026-05-01,Mexico,Amazon,34.0,3436.0
tt3566834,2026-05-01,Mexico,HBO Max,94.0,6155.0
tt3566834,2026-06-01,Mexico,HBO Max,252.0,15485.0
tt35668683,2026-05-01,Argentina,Netflix,7.0,188.0
tt35668683,2026-06-01,Brazil,Netflix,8.0,576.0
tt35668683,2026-05-01,Colombia,Netflix,6.0,695.0
tt35668683,2026-06-01,Colombia,Netflix,4.0,488.0
tt35668683,2026-06-01,Mexico,Netflix,11.0,81.0
tt35669009,2026-05-01,Argentina,Netflix,32.0,2390.0
tt35669009,2026-06-01,Argentina,Netflix,24.0,1956.0
tt35669009,2026-05-01,Brazil,Netflix,37.0,3002.0
tt35669009,2026-06-01,Brazil,Netflix,9.0,36.0
tt35669009,2026-05-01,Colombia,Netflix,39.0,2626.0
tt35669009,2026-06-01,Colombia,Netflix,56.0,4601.0
tt35669009,2026-05-01,Mexico,Netflix,64.0,6203.0
tt35669009,2026-06-01,Mexico,Netflix,68.0,6294.0
tt35683795,2026-05-01,Argentina,Amazon,17.0,1245.0
tt35683795,2026-06-01,Argentina,Amazon,15.0,1499.0
tt35683795,2026-05-01,Brazil,Amazon,11.0,48.0
tt35683795,2026-06-01,Brazil,Amazon,48.0,4547.0
tt35683795,2026-06-01,Colombia,Amazon,4.0,124.0
tt35683795,2026-06-01,Mexico,Amazon,9.0,903.0
tt35766629,2026-05-01,Argentina,Netflix,41.0,2442.0
tt35766629,2026-06-01,Argentina,Netflix,31.0,3128.0
tt35766629,2026-05-01,Brazil,Netflix,33.0,4029.0
tt35766629,2026-06-01,Brazil,Netflix,64.0,4305.0
tt35766629,2026-05-01,Colombia,Netflix,7.0,724.0
tt35766629,2026-06-01,Colombia,Netflix,15.0,1015.0
tt35766629,2026-05-01,Mexico,Netflix,67.0,7617.0
tt35766629,2026-06-01,Mexico,Netflix,74.0,8616.0
tt35882698,2026-05-01,Argentina,Netflix,7.0,670.0
tt35882698,2026-05-01,Brazil,Netflix,8.0,60.0
tt35882698,2026-05-01,Colombia,Netflix,3.0,287.0
tt35882698,2026-06-01,Colombia,Netflix,4.0,346.0
tt35882698,2026-05-01,Mexico,Netflix,12.0,50.0
tt35955855,2026-05-01,Argentina,Netflix,11.0,38.0
tt35955855,2026-06-01,Argentina,Netflix,17.0,1533.0
tt35955855,2026-06-01,Brazil,Netflix,16.0,1539.0
tt35955855,2026-05-01,Colombia,Netflix,3.0,295.0
tt35955855,2026-06-01,Colombia,Netflix,13.0,1301.0
tt35955855,2026-05-01,Mexico,Netflix,11.0,1076.0
tt36118360,2026-05-01,Argentina,Netflix,7.0,1106.0
tt36118360,2026-05-01,Brazil,Netflix,13.0,27.0
tt36118360,2026-05-01,Colombia,Netflix,13.0,1550.0
tt36118360,2026-06-01,Colombia,Netflix,3.0,550.0
tt36240772,2026-05-01,Argentina,Netflix,71.0,3521.0
tt36240772,2026-06-01,Argentina,Netflix,77.0,5218.0
tt36240772,2026-05-01,Brazil,Netflix,144.0,10218.0
tt36240772,2026-06-01,Brazil,Netflix,91.0,5953.0
tt36240772,2026-05-01,Colombia,Netflix,37.0,2578.0
tt36240772,2026-06-01,Colombia,Netflix,16.0,1267.0
tt36240772,2026-05-01,Mexico,Netflix,142.0,6590.0
tt36240772,2026-06-01,Mexico,Netflix,147.0,12219.0
tt36265413,2026-05-01,Argentina,Netflix,11.0,1951.0
tt36265413,2026-05-01,Brazil,Netflix,8.0,1469.0
tt36265413,2026-06-01,Brazil,Netflix,121.0,20423.0
tt36265413,2026-05-01,Colombia,Netflix,4.0,757.0
tt36265413,2026-06-01,Mexico,Netflix,8.0,1527.0
tt36424914,2026-05-01,Argentina,Amazon,73.0,3451.0
tt36424914,2026-05-01,Colombia,Amazon,143.0,5492.0
tt36424914,2026-06-01,Colombia,Amazon,32.0,1434.0
tt36424914,2026-05-01,Mexico,Amazon,292.0,11907.0
tt36424914,2026-06-01,Mexico,Amazon,19.0,1603.0
tt36451817,2026-06-01,Argentina,Netflix,26.0,2841.0
tt36451817,2026-06-01,Brazil,Netflix,22.0,2916.0
tt36451817,2026-05-01,Colombia,Netflix,7.0,245.0
tt36451817,2026-06-01,Colombia,Netflix,4.0,576.0
tt36451817,2026-05-01,Mexico,Netflix,4.0,5.0
tt36451817,2026-06-01,Mexico,Netflix,14.0,1443.0
tt36463894,2026-05-01,Argentina,Disney+,3.0,61.0
tt36463894,2026-06-01,Argentina,Disney+,5.0,21.0
tt36463894,2026-06-01,Brazil,Disney+,29.0,77.0
tt36463894,2026-05-01,Colombia,Disney+,24.0,720.0
tt36463894,2026-06-01,Colombia,Disney+,6.0,410.0
tt36463894,2026-05-01,Mexico,Disney+,62.0,2443.0
tt36463894,2026-06-01,Mexico,Disney+,27.0,2320.0
tt36592065,2026-05-01,Argentina,Netflix,12.0,686.0
tt36592065,2026-06-01,Argentina,Netflix,38.0,1387.0
tt36592065,2026-05-01,Brazil,Netflix,47.0,3242.0
tt36592065,2026-06-01,Brazil,Netflix,72.0,2399.0
tt36592065,2026-05-01,Colombia,Netflix,8.0,923.0
tt36592065,2026-06-01,Colombia,Netflix,41.0,2357.0
tt36592065,2026-05-01,Mexico,Netflix,8.0,467.0
tt36592065,2026-06-01,Mexico,Netflix,102.0,10549.0
tt36642456,2026-06-01,Colombia,Netflix,4.0,8.0
tt36642456,2026-05-01,Mexico,Netflix,4.0,11.0
tt36642456,2026-06-01,Mexico,Netflix,7.0,959.0
tt36741457,2026-05-01,Argentina,Netflix,51.0,5614.0
tt36741457,2026-06-01,Argentina,Netflix,53.0,4829.0
tt36741457,2026-05-01,Brazil,Netflix,103.0,8944.0
tt36741457,2026-06-01,Brazil,Netflix,42.0,2471.0
tt36741457,2026-05-01,Colombia,Netflix,45.0,3255.0
tt36741457,2026-06-01,Colombia,Netflix,12.0,1311.0
tt36741457,2026-05-01,Mexico,Netflix,31.0,3568.0
tt36741457,2026-06-01,Mexico,Netflix,66.0,7731.0
tt36754289,2026-05-01,Argentina,Netflix,35.0,3216.0
tt36754289,2026-06-01,Argentina,Netflix,33.0,1794.0
tt36754289,2026-05-01,Brazil,Netflix,153.0,11597.0
tt36754289,2026-06-01,Brazil,Netflix,60.0,4294.0
tt36754289,2026-05-01,Colombia,Netflix,55.0,4395.0
tt36754289,2026-06-01,Colombia,Netflix,14.0,1239.0
tt36754289,2026-05-01,Mexico,Netflix,100.0,10317.0
tt36754289,2026-06-01,Mexico,Netflix,45.0,2553.0
tt36856278,2026-06-01,Argentina,Netflix,6.0,485.0
tt36856278,2026-06-01,Colombia,Netflix,8.0,703.0
tt36856278,2026-05-01,Mexico,Netflix,7.0,144.0
tt36856278,2026-06-01,Mexico,Netflix,38.0,2388.0
tt36856455,2026-05-01,Argentina,Netflix,11.0,642.0
tt36856455,2026-05-01,Brazil,Netflix,14.0,762.0
tt36856455,2026-06-01,Brazil,Netflix,20.0,1097.0
tt36856455,2026-05-01,Colombia,Netflix,11.0,665.0
tt36856455,2026-06-01,Colombia,Netflix,22.0,1283.0
tt36856455,2026-05-01,Mexico,Netflix,35.0,1981.0
tt36856455,2026-06-01,Mexico,Netflix,28.0,1520.0
tt36856482,2026-05-01,Brazil,Netflix,8.0,459.0
tt36856482,2026-06-01,Brazil,Netflix,28.0,1530.0
tt36856482,2026-05-01,Colombia,Netflix,3.0,209.0
tt36856482,2026-06-01,Colombia,Netflix,11.0,500.0
tt36856496,2026-05-01,Brazil,Netflix,30.0,1399.0
tt36856496,2026-05-01,Colombia,Netflix,3.0,186.0
tt36856496,2026-06-01,Colombia,Netflix,8.0,434.0
tt36856496,2026-06-01,Mexico,Netflix,7.0,21.0
tt36856514,2026-05-01,Brazil,Netflix,22.0,1187.0
tt36856514,2026-05-01,Colombia,Netflix,6.0,299.0
tt36856514,2026-06-01,Colombia,Netflix,4.0,247.0
tt36856514,2026-05-01,Mexico,Netflix,35.0,1892.0
tt36971084,2026-05-01,Argentina,Netflix,14.0,567.0
tt36971084,2026-06-01,Argentina,Netflix,6.0,571.0
tt36971084,2026-05-01,Brazil,Netflix,53.0,3813.0
tt36971084,2026-05-01,Colombia,Netflix,40.0,3175.0
tt36971084,2026-06-01,Colombia,Netflix,7.0,804.0
tt36971084,2026-05-01,Mexico,Netflix,21.0,1976.0
tt36971084,2026-06-01,Mexico,Netflix,28.0,2621.0
tt36985837,2026-05-01,Argentina,Disney+,10.0,583.0
tt36985837,2026-06-01,Argentina,Disney+,6.0,21.0
tt36985837,2026-05-01,Brazil,Disney+,31.0,213.0
tt36985837,2026-06-01,Brazil,Disney+,87.0,2390.0
tt36985837,2026-05-01,Colombia,Disney+,8.0,861.0
tt36985837,2026-06-01,Colombia,Disney+,5.0,428.0
tt36985837,2026-05-01,Mexico,Disney+,6.0,738.0
tt37024060,2026-06-01,Brazil,Netflix,8.0,8.0
tt37024060,2026-05-01,Colombia,Netflix,7.0,462.0
tt37024060,2026-06-01,Colombia,Netflix,3.0,339.0
tt37024060,2026-05-01,Mexico,Netflix,35.0,1202.0
tt37024060,2026-06-01,Mexico,Netflix,7.0,532.0
tt37024319,2026-05-01,Argentina,Netflix,64.0,5106.0
tt37024319,2026-06-01,Argentina,Netflix,31.0,2517.0
tt37024319,2026-05-01,Brazil,Netflix,153.0,9103.0
tt37024319,2026-06-01,Brazil,Netflix,38.0,969.0
tt37024319,2026-05-01,Colombia,Netflix,61.0,4088.0
tt37024319,2026-06-01,Colombia,Netflix,19.0,1733.0
tt37024319,2026-05-01,Mexico,Netflix,136.0,9583.0
tt37024319,2026-06-01,Mexico,Netflix,75.0,6041.0
tt37209937,2026-06-01,Argentina,Disney+,6.0,608.0
tt37209937,2026-05-01,Brazil,Disney+,39.0,243.0
tt37209937,2026-05-01,Colombia,Disney+,13.0,485.0
tt37209937,2026-06-01,Colombia,Disney+,11.0,218.0
tt37209937,2026-05-01,Mexico,Disney+,128.0,3368.0
tt37209937,2026-06-01,Mexico,Disney+,12.0,1242.0
tt37443891,2026-05-01,Brazil,Netflix,8.0,1144.0
tt37443891,2026-06-01,Brazil,Netflix,13.0,8.0
tt37443891,2026-05-01,Colombia,Netflix,4.0,588.0
tt37443891,2026-05-01,Mexico,Netflix,30.0,272.0
tt37457638,2026-05-01,Argentina,Netflix,62.0,4641.0
tt37457638,2026-06-01,Argentina,Netflix,62.0,4610.0
tt37457638,2026-05-01,Brazil,Netflix,54.0,4552.0
tt37457638,2026-06-01,Brazil,Netflix,94.0,6260.0
tt37457638,2026-05-01,Colombia,Netflix,4.0,351.0
tt37457638,2026-06-01,Colombia,Netflix,9.0,837.0
tt37531036,2026-05-01,Argentina,Amazon,99.0,9052.0
tt37531036,2026-06-01,Argentina,Amazon,20.0,2195.0
tt37540875,2026-05-01,Argentina,Netflix,272.0,23623.0
tt37540875,2026-06-01,Argentina,Netflix,37.0,4147.0
tt37540875,2026-05-01,Brazil,Netflix,301.0,22562.0
tt37540875,2026-06-01,Brazil,Netflix,42.0,3701.0
tt37540875,2026-05-01,Colombia,Netflix,196.0,18757.0
tt37540875,2026-06-01,Colombia,Netflix,107.0,9889.0
tt37540875,2026-05-01,Mexico,Netflix,455.0,37051.0
tt37540875,2026-06-01,Mexico,Netflix,312.0,20781.0
tt3758542,2026-05-01,Argentina,Amazon,6.0,1.0
tt3758542,2026-06-01,Argentina,Amazon,12.0,1532.0
tt3758542,2026-05-01,Brazil,HBO Max,13.0,1655.0
tt3758542,2026-06-01,Brazil,HBO Max,10.0,666.0
tt3758542,2026-06-01,Mexico,Amazon,5.0,683.0
tt3758542,2026-06-01,Mexico,HBO Max,3.0,454.0
tt37674426,2026-05-01,Argentina,Netflix,11.0,1079.0
tt37674426,2026-05-01,Brazil,Netflix,109.0,4521.0
tt37674426,2026-06-01,Brazil,Netflix,134.0,10090.0
tt37674426,2026-05-01,Colombia,Netflix,9.0,897.0
tt37674426,2026-06-01,Colombia,Netflix,9.0,1087.0
tt37674426,2026-05-01,Mexico,Netflix,50.0,4693.0
tt37674426,2026-06-01,Mexico,Netflix,15.0,1498.0
tt37961727,2026-05-01,Argentina,Netflix,14.0,1624.0
tt37961727,2026-06-01,Argentina,Netflix,9.0,37.0
tt37961727,2026-05-01,Brazil,Netflix,43.0,4652.0
tt37961727,2026-06-01,Brazil,Netflix,9.0,982.0
tt37961727,2026-05-01,Colombia,Netflix,22.0,1551.0
tt37961727,2026-06-01,Colombia,Netflix,13.0,1388.0
tt37961727,2026-05-01,Mexico,Netflix,248.0,19752.0
tt37961727,2026-06-01,Mexico,Netflix,270.0,19313.0
tt38350059,2026-05-01,Argentina,Netflix,444.0,28348.0
tt38350059,2026-06-01,Argentina,Netflix,40.0,1296.0
tt38350059,2026-05-01,Brazil,Netflix,837.0,52883.0
tt38350059,2026-06-01,Brazil,Netflix,95.0,6467.0
tt38350059,2026-05-01,Colombia,Netflix,209.0,14748.0
tt38350059,2026-06-01,Colombia,Netflix,13.0,1254.0
tt38350059,2026-05-01,Mexico,Netflix,414.0,29331.0
tt38350059,2026-06-01,Mexico,Netflix,8.0,709.0
tt38365045,2026-05-01,Argentina,Netflix,14.0,1683.0
tt38365045,2026-06-01,Argentina,Netflix,39.0,347.0
tt38365045,2026-05-01,Brazil,Netflix,19.0,1.0
tt38365045,2026-06-01,Brazil,Netflix,90.0,2259.0
tt38365045,2026-05-01,Colombia,Netflix,57.0,4599.0
tt38365045,2026-06-01,Colombia,Netflix,65.0,6413.0
tt38365045,2026-05-01,Mexico,Netflix,362.0,33601.0
tt38365045,2026-06-01,Mexico,Netflix,155.0,13241.0
tt38457052,2026-06-01,Argentina,Netflix,6.0,637.0
tt38457052,2026-05-01,Brazil,Netflix,68.0,4814.0
tt38457052,2026-06-01,Brazil,Netflix,62.0,3130.0
tt38457052,2026-05-01,Colombia,Netflix,3.0,108.0
tt38457052,2026-06-01,Colombia,Netflix,34.0,3172.0
tt38457052,2026-05-01,Mexico,Netflix,90.0,8347.0
tt38457052,2026-06-01,Mexico,Netflix,27.0,1347.0
tt38466379,2026-05-01,Argentina,Netflix,9.0,938.0
tt38466379,2026-06-01,Argentina,Netflix,20.0,1594.0
tt38466379,2026-05-01,Brazil,Netflix,137.0,10872.0
tt38466379,2026-06-01,Brazil,Netflix,58.0,5539.0
tt38466379,2026-05-01,Colombia,Netflix,12.0,1210.0
tt38466379,2026-06-01,Colombia,Netflix,13.0,1329.0
tt38466379,2026-05-01,Mexico,Netflix,37.0,1075.0
tt38466379,2026-06-01,Mexico,Netflix,92.0,8472.0
tt3864060,2026-05-01,Argentina,Amazon,14.0,1896.0
tt3864060,2026-06-01,Argentina,Amazon,12.0,1576.0
tt3864060,2026-05-01,Brazil,Amazon,112.0,13405.0
tt3864060,2026-05-01,Colombia,Amazon,27.0,3321.0
tt3864060,2026-06-01,Colombia,Amazon,5.0,8.0
tt3864060,2026-05-01,Mexico,Amazon,30.0,3486.0
tt38673135,2026-05-01,Argentina,Disney+,18.0,3810.0
tt38673135,2026-06-01,Argentina,Disney+,13.0,2777.0
tt38673135,2026-05-01,Brazil,Disney+,46.0,9703.0
tt38673135,2026-05-01,Colombia,Disney+,16.0,3332.0
tt38673135,2026-06-01,Colombia,Disney+,13.0,2882.0
tt38673135,2026-05-01,Mexico,Disney+,36.0,7662.0
tt38673135,2026-06-01,Mexico,Disney+,2.0,615.0
tt38674977,2026-05-01,Argentina,Netflix,45.0,4541.0
tt38674977,2026-06-01,Argentina,Netflix,25.0,2967.0
tt38674977,2026-05-01,Brazil,Netflix,217.0,18640.0
tt38674977,2026-06-01,Brazil,Netflix,35.0,2227.0
tt38674977,2026-05-01,Colombia,Netflix,98.0,10604.0
tt38674977,2026-06-01,Colombia,Netflix,25.0,2537.0
tt38674977,2026-05-01,Mexico,Netflix,153.0,15763.0
tt38674977,2026-06-01,Mexico,Netflix,79.0,5223.0
tt38681567,2026-05-01,Brazil,Netflix,42.0,5380.0
tt38681567,2026-06-01,Brazil,Netflix,55.0,965.0
tt38681567,2026-05-01,Colombia,Netflix,3.0,403.0
tt38681567,2026-06-01,Colombia,Netflix,3.0,467.0
tt38681567,2026-06-01,Mexico,Netflix,19.0,48.0
tt38984577,2026-05-01,Argentina,Netflix,30.0,2052.0
tt38984577,2026-06-01,Argentina,Netflix,7.0,686.0
tt38984577,2026-05-01,Brazil,Netflix,13.0,683.0
tt38984577,2026-06-01,Brazil,Netflix,19.0,1675.0
tt38984577,2026-05-01,Colombia,Netflix,4.0,375.0
tt38984577,2026-05-01,Mexico,Netflix,4.0,418.0
tt38984577,2026-06-01,Mexico,Netflix,13.0,164.0
tt38985973,2026-05-01,Brazil,Netflix,34.0,3070.0
tt38985973,2026-06-01,Brazil,Netflix,20.0,1878.0
tt38985973,2026-06-01,Mexico,Netflix,4.0,117.0
tt39049192,2026-05-01,Argentina,Netflix,42.0,4269.0
tt39049192,2026-06-01,Argentina,Netflix,35.0,803.0
tt39049192,2026-05-01,Brazil,Netflix,148.0,11260.0
tt39049192,2026-06-01,Brazil,Netflix,145.0,7241.0
tt39049192,2026-05-01,Colombia,Netflix,33.0,3420.0
tt39049192,2026-06-01,Colombia,Netflix,81.0,5888.0
tt39049192,2026-05-01,Mexico,Netflix,193.0,14863.0
tt39049192,2026-06-01,Mexico,Netflix,173.0,14355.0
tt39130911,2026-05-01,Argentina,Netflix,333.0,25851.0
tt39130911,2026-06-01,Argentina,Netflix,164.0,13259.0
tt39130911,2026-05-01,Brazil,Netflix,255.0,5754.0
tt39130911,2026-06-01,Brazil,Netflix,365.0,14402.0
tt39130911,2026-05-01,Colombia,Netflix,373.0,29897.0
tt39130911,2026-06-01,Colombia,Netflix,79.0,4429.0
tt39130911,2026-05-01,Mexico,Netflix,637.0,45504.0
tt39130911,2026-06-01,Mexico,Netflix,127.0,8476.0
tt39307872,2026-05-01,Brazil,Netflix,50.0,2416.0
tt39307872,2026-06-01,Brazil,Netflix,31.0,3812.0
tt39307872,2026-06-01,Colombia,Netflix,10.0,120.0
tt39314348,2026-05-01,Argentina,Netflix,13.0,963.0
tt39314348,2026-05-01,Brazil,Netflix,54.0,4314.0
tt39314348,2026-05-01,Colombia,Netflix,20.0,1000.0
tt39314348,2026-06-01,Colombia,Netflix,19.0,1413.0
tt39314348,2026-05-01,Mexico,Netflix,39.0,2644.0
tt39314348,2026-06-01,Mexico,Netflix,7.0,582.0
tt39345599,2026-05-01,Brazil,Netflix,46.0,2932.0
tt39345599,2026-06-01,Brazil,Netflix,16.0,583.0
tt39345599,2026-06-01,Colombia,Netflix,15.0,1375.0
tt39345599,2026-05-01,Mexico,Netflix,51.0,3417.0
tt39382052,2026-05-01,Argentina,Netflix,37.0,3982.0
tt39382052,2026-05-01,Brazil,Netflix,79.0,8097.0
tt39382052,2026-05-01,Colombia,Netflix,11.0,963.0
tt39382052,2026-05-01,Mexico,Netflix,179.0,16022.0
tt39382052,2026-06-01,Mexico,Netflix,45.0,4616.0
tt39387657,2026-05-01,Argentina,Netflix,20.0,1554.0
tt39387657,2026-05-01,Brazil,Netflix,27.0,2880.0
tt39387657,2026-06-01,Brazil,Netflix,40.0,4583.0
tt39387657,2026-05-01,Colombia,Netflix,32.0,3781.0
tt39387657,2026-06-01,Colombia,Netflix,6.0,172.0
tt39387657,2026-05-01,Mexico,Netflix,39.0,1885.0
tt39387657,2026-06-01,Mexico,Netflix,63.0,7187.0
tt39389929,2026-05-01,Argentina,Netflix,95.0,6930.0
tt39389929,2026-06-01,Argentina,Netflix,14.0,1346.0
tt39389929,2026-05-01,Brazil,Netflix,72.0,6927.0
tt39389929,2026-06-01,Brazil,Netflix,112.0,8441.0
tt39389929,2026-05-01,Colombia,Netflix,3.0,303.0
tt39389929,2026-06-01,Colombia,Netflix,45.0,3548.0
tt39389929,2026-05-01,Mexico,Netflix,68.0,4206.0
tt39389929,2026-06-01,Mexico,Netflix,116.0,10939.0
tt39465484,2026-05-01,Argentina,Netflix,68.0,4129.0
tt39465484,2026-06-01,Argentina,Netflix,91.0,8357.0
tt39465484,2026-05-01,Brazil,Netflix,246.0,13877.0
tt39465484,2026-06-01,Brazil,Netflix,188.0,15278.0
tt39465484,2026-05-01,Colombia,Netflix,71.0,6347.0
tt39465484,2026-06-01,Colombia,Netflix,59.0,4389.0
tt39465484,2026-05-01,Mexico,Netflix,180.0,16270.0
tt39465484,2026-06-01,Mexico,Netflix,269.0,18873.0
tt39631179,2026-05-01,Argentina,Netflix,66.0,6985.0
tt39631179,2026-06-01,Argentina,Netflix,41.0,3145.0
tt39631179,2026-05-01,Brazil,Netflix,98.0,5252.0
tt39631179,2026-06-01,Brazil,Netflix,98.0,2885.0
tt39631179,2026-05-01,Colombia,Netflix,30.0,2892.0
tt39631179,2026-06-01,Colombia,Netflix,11.0,875.0
tt39631179,2026-05-01,Mexico,Netflix,47.0,4822.0
tt39631179,2026-06-01,Mexico,Netflix,88.0,8518.0
tt39664733,2026-05-01,Argentina,Netflix,183.0,13304.0
tt39664733,2026-05-01,Brazil,Netflix,713.0,55223.0
tt39664733,2026-06-01,Brazil,Netflix,101.0,7535.0
tt39664733,2026-05-01,Colombia,Netflix,99.0,8232.0
tt39664733,2026-05-01,Mexico,Netflix,226.0,14198.0
tt39664733,2026-06-01,Mexico,Netflix,31.0,3060.0
tt39744394,2026-05-01,Argentina,Netflix,78.0,9884.0
tt39744394,2026-06-01,Argentina,Netflix,16.0,2164.0
tt39744394,2026-05-01,Brazil,Netflix,253.0,24955.0
tt39744394,2026-06-01,Brazil,Netflix,156.0,16114.0
tt39744394,2026-05-01,Colombia,Netflix,44.0,6039.0
tt39744394,2026-06-01,Colombia,Netflix,43.0,3789.0
tt39744394,2026-05-01,Mexico,Netflix,148.0,18759.0
tt39744394,2026-06-01,Mexico,Netflix,52.0,1485.0
tt39749979,2026-05-01,Argentina,Netflix,516.0,44119.0
tt39749979,2026-06-01,Argentina,Netflix,35.0,2949.0
tt39749979,2026-05-01,Brazil,Netflix,2155.0,186485.0
tt39749979,2026-06-01,Brazil,Netflix,236.0,23320.0
tt39749979,2026-05-01,Colombia,Netflix,651.0,60173.0
tt39749979,2026-06-01,Colombia,Netflix,63.0,6513.0
tt39749979,2026-05-01,Mexico,Netflix,1223.0,115845.0
tt39749979,2026-06-01,Mexico,Netflix,207.0,20815.0
tt39792948,2026-05-01,Argentina,Netflix,22.0,372.0
tt39792948,2026-05-01,Brazil,Netflix,71.0,4286.0
tt39792948,2026-06-01,Brazil,Netflix,48.0,4389.0
tt39792948,2026-05-01,Mexico,Netflix,54.0,4450.0
tt39792948,2026-06-01,Mexico,Netflix,44.0,1538.0
tt4045450,2026-06-01,Brazil,HBO Max,31.0,3346.0
tt4045450,2026-05-01,Colombia,HBO Max,16.0,1009.0
tt4045450,2026-05-01,Mexico,HBO Max,1.0,153.0
tt4045450,2026-06-01,Mexico,HBO Max,4.0,59.0
tt4045450,2026-06-01,Mexico,Netflix,8.0,871.0
tt40891145,2026-05-01,Argentina,Netflix,325.0,23595.0
tt40891145,2026-06-01,Argentina,Netflix,74.0,6784.0
tt40891145,2026-05-01,Brazil,Netflix,624.0,51237.0
tt40891145,2026-06-01,Brazil,Netflix,182.0,12416.0
tt40891145,2026-05-01,Colombia,Netflix,306.0,26967.0
tt40891145,2026-06-01,Colombia,Netflix,104.0,7169.0
tt40891145,2026-05-01,Mexico,Netflix,642.0,54694.0
tt40891145,2026-06-01,Mexico,Netflix,207.0,15779.0
tt4216984,2026-05-01,Brazil,Amazon,19.0,1683.0
tt4216984,2026-06-01,Brazil,Amazon,10.0,927.0
tt4216984,2026-05-01,Colombia,HBO Max,25.0,897.0
tt4216984,2026-06-01,Colombia,HBO Max,12.0,954.0
tt4216984,2026-05-01,Mexico,HBO Max,51.0,2650.0
tt4216984,2026-06-01,Mexico,HBO Max,5.0,532.0
tt4419684,2026-05-01,Argentina,Amazon,43.0,2387.0
tt4419684,2026-06-01,Argentina,Amazon,6.0,679.0
tt4419684,2026-05-01,Brazil,Amazon,290.0,27946.0
tt4419684,2026-06-01,Brazil,Amazon,109.0,8266.0
tt4419684,2026-05-01,Colombia,Amazon,52.0,3168.0
tt4419684,2026-06-01,Colombia,Amazon,58.0,4163.0
tt4419684,2026-05-01,Mexico,Amazon,95.0,8924.0
tt4419684,2026-06-01,Mexico,Amazon,122.0,11700.0
tt4589218,2026-05-01,Argentina,Netflix,7.0,813.0
tt4589218,2026-06-01,Argentina,Netflix,29.0,3141.0
tt4589218,2026-05-01,Colombia,Netflix,48.0,4188.0
tt4589218,2026-06-01,Colombia,Netflix,49.0,4054.0
tt4589218,2026-05-01,Mexico,Netflix,238.0,15391.0
tt4589218,2026-06-01,Mexico,Netflix,173.0,12336.0
tt4627382,2026-05-01,Argentina,Amazon,49.0,5032.0
tt4627382,2026-06-01,Argentina,Amazon,41.0,4958.0
tt4627382,2026-05-01,Brazil,Amazon,106.0,10929.0
tt4627382,2026-06-01,Brazil,Amazon,7.0,949.0
tt4627382,2026-05-01,Colombia,Amazon,24.0,3232.0
tt4627382,2026-06-01,Colombia,Amazon,43.0,5655.0
tt4627382,2026-05-01,Mexico,Amazon,71.0,8461.0
tt4627382,2026-06-01,Mexico,Amazon,32.0,3400.0
tt4873118,2026-05-01,Argentina,Amazon,6.0,550.0
tt4873118,2026-06-01,Argentina,Amazon,29.0,2424.0
tt4873118,2026-05-01,Brazil,Amazon,103.0,6996.0
tt4873118,2026-06-01,Brazil,Amazon,143.0,4932.0
tt4873118,2026-06-01,Colombia,Amazon,21.0,1392.0
tt4873118,2026-05-01,Mexico,Amazon,155.0,5985.0
tt4873118,2026-06-01,Mexico,Amazon,14.0,1164.0
tt4900148,2026-05-01,Argentina,Disney+,53.0,1811.0
tt4900148,2026-06-01,Argentina,Disney+,40.0,4377.0
tt4900148,2026-05-01,Brazil,Disney+,141.0,9464.0
tt4900148,2026-06-01,Brazil,Disney+,19.0,1298.0
tt4900148,2026-05-01,Colombia,Disney+,79.0,6771.0
tt4900148,2026-06-01,Colombia,Disney+,136.0,10877.0
tt4900148,2026-05-01,Mexico,Disney+,90.0,5977.0
tt4900148,2026-06-01,Mexico,Disney+,141.0,14175.0
tt4919268,2026-05-01,Argentina,Amazon,25.0,1615.0
tt4919268,2026-06-01,Argentina,Amazon,13.0,1431.0
tt4919268,2026-05-01,Brazil,Amazon,58.0,6219.0
tt4919268,2026-06-01,Brazil,Amazon,38.0,4165.0
tt4919268,2026-05-01,Colombia,Amazon,22.0,525.0
tt4919268,2026-06-01,Colombia,Amazon,68.0,7501.0
tt4919268,2026-05-01,Mexico,Amazon,94.0,9917.0
tt4919268,2026-06-01,Mexico,Amazon,151.0,15775.0
tt4978420,2026-06-01,Argentina,Amazon,8.0,835.0
tt4978420,2026-05-01,Brazil,Amazon,31.0,1840.0
tt4978420,2026-06-01,Brazil,Amazon,20.0,1308.0
tt4978420,2026-06-01,Colombia,Amazon,19.0,1585.0
tt4978420,2026-05-01,Mexico,Amazon,15.0,1342.0
tt4978420,2026-06-01,Mexico,Amazon,64.0,5716.0
tt5040012,2026-05-01,Argentina,HBO Max,8.0,131.0
tt5040012,2026-06-01,Argentina,HBO Max,20.0,715.0
tt5040012,2026-06-01,Brazil,Amazon,39.0,4960.0
tt5040012,2026-05-01,Colombia,HBO Max,1.0,0.0
tt5040012,2026-05-01,Mexico,HBO Max,21.0,2810.0
tt5040012,2026-06-01,Mexico,HBO Max,2.0,288.0
tt5113010,2026-05-01,Argentina,Netflix,9.0,1186.0
tt5113010,2026-06-01,Argentina,Netflix,7.0,947.0
tt5113010,2026-05-01,Brazil,Netflix,38.0,3725.0
tt5113010,2026-05-01,Colombia,Netflix,31.0,2136.0
tt5113010,2026-06-01,Colombia,Netflix,15.0,1421.0
tt5113010,2026-05-01,Mexico,Netflix,102.0,7253.0
tt5113010,2026-06-01,Mexico,Netflix,39.0,3101.0
tt5177114,2026-06-01,Argentina,Disney+,6.0,880.0
tt5177114,2026-05-01,Colombia,Disney+,5.0,667.0
tt5177114,2026-06-01,Colombia,Disney+,19.0,2837.0
tt5177114,2026-05-01,Mexico,Disney+,18.0,2583.0
tt5177114,2026-06-01,Mexico,Disney+,36.0,3734.0
tt5177120,2026-05-01,Argentina,Amazon,43.0,4854.0
tt5177120,2026-06-01,Argentina,Amazon,16.0,1996.0
tt5177120,2026-05-01,Brazil,Amazon,52.0,3405.0
tt5177120,2026-06-01,Brazil,Amazon,46.0,5263.0
tt5177120,2026-05-01,Colombia,Amazon,54.0,4118.0
tt5177120,2026-06-01,Colombia,Amazon,10.0,1323.0
tt5177120,2026-05-01,Mexico,Amazon,74.0,8681.0
tt5177120,2026-06-01,Mexico,Amazon,83.0,9275.0
tt5181260,2026-05-01,Argentina,Amazon,23.0,1717.0
tt5181260,2026-06-01,Argentina,Amazon,24.0,1401.0
tt5181260,2026-05-01,Brazil,Amazon,50.0,5584.0
tt5181260,2026-06-01,Brazil,Amazon,19.0,13.0
tt5181260,2026-05-01,Colombia,Amazon,27.0,2889.0
tt5181260,2026-06-01,Colombia,Amazon,21.0,2232.0
tt5181260,2026-05-01,Mexico,Amazon,48.0,5422.0
tt5181260,2026-06-01,Mexico,Amazon,9.0,944.0
tt5302918,2026-05-01,Argentina,Netflix,7.0,927.0
tt5302918,2026-06-01,Argentina,Netflix,7.0,14.0
tt5302918,2026-05-01,Brazil,Netflix,49.0,5809.0
tt5302918,2026-06-01,Brazil,Netflix,29.0,3599.0
tt5302918,2026-05-01,Colombia,Netflix,4.0,527.0
tt5302918,2026-06-01,Colombia,Netflix,16.0,1188.0
tt5635026,2026-05-01,Argentina,Disney+,3.0,377.0
tt5635026,2026-05-01,Brazil,Disney+,14.0,1535.0
tt5635026,2026-05-01,Colombia,Disney+,3.0,189.0
tt5635026,2026-05-01,Mexico,Disney+,57.0,4944.0
tt5635026,2026-06-01,Mexico,Disney+,6.0,164.0
tt5672290,2026-05-01,Argentina,Disney+,10.0,961.0
tt5672290,2026-06-01,Argentina,Disney+,16.0,442.0
tt5672290,2026-06-01,Brazil,Disney+,13.0,357.0
tt5672290,2026-05-01,Colombia,Disney+,23.0,2439.0
tt5672290,2026-06-01,Colombia,Disney+,43.0,4967.0
tt5672290,2026-05-01,Mexico,Disney+,14.0,461.0
tt5672290,2026-06-01,Mexico,Disney+,30.0,3439.0
tt5761544,2026-05-01,Argentina,HBO Max,8.0,909.0
tt5761544,2026-05-01,Brazil,HBO Max,24.0,2790.0
tt5761544,2026-06-01,Brazil,HBO Max,42.0,3615.0
tt5761544,2026-05-01,Colombia,HBO Max,32.0,2507.0
tt5761544,2026-06-01,Colombia,HBO Max,13.0,1649.0
tt5761544,2026-05-01,Mexico,HBO Max,4.0,552.0
tt5761544,2026-06-01,Mexico,HBO Max,18.0,1202.0
tt5779228,2026-05-01,Argentina,Amazon,31.0,3313.0
tt5779228,2026-05-01,Brazil,Amazon,146.0,14861.0
tt5779228,2026-06-01,Brazil,Amazon,45.0,4658.0
tt5779228,2026-05-01,Colombia,Amazon,24.0,2603.0
tt5779228,2026-06-01,Colombia,Amazon,60.0,5283.0
tt5779228,2026-05-01,Mexico,Amazon,173.0,16506.0
tt5779228,2026-06-01,Mexico,Amazon,145.0,15095.0
tt5834874,2026-05-01,Argentina,Netflix,13.0,1411.0
tt5834874,2026-06-01,Argentina,Netflix,8.0,6.0
tt5834874,2026-05-01,Brazil,Netflix,120.0,11496.0
tt5834874,2026-06-01,Brazil,Netflix,152.0,7559.0
tt5834874,2026-05-01,Colombia,Netflix,17.0,1199.0
tt5834874,2026-06-01,Colombia,Netflix,37.0,3741.0
tt5834874,2026-05-01,Mexico,Netflix,54.0,5605.0
tt5834874,2026-06-01,Mexico,Netflix,40.0,4105.0
tt5950044,2026-05-01,Argentina,HBO Max,38.0,4019.0
tt5950044,2026-06-01,Argentina,HBO Max,7.0,373.0
tt5950044,2026-05-01,Brazil,HBO Max,72.0,7252.0
tt5950044,2026-06-01,Brazil,HBO Max,155.0,11794.0
tt5950044,2026-05-01,Colombia,HBO Max,28.0,2155.0
tt5950044,2026-06-01,Colombia,HBO Max,40.0,4006.0
tt5950044,2026-05-01,Mexico,Amazon,62.0,7468.0
tt5950044,2026-06-01,Mexico,Amazon,9.0,1169.0
tt5950044,2026-05-01,Mexico,HBO Max,101.0,12398.0
tt5950044,2026-06-01,Mexico,HBO Max,341.0,34222.0
tt5971474,2026-05-01,Argentina,Disney+,9.0,472.0
tt5971474,2026-06-01,Argentina,Disney+,18.0,986.0
tt5971474,2026-05-01,Brazil,Disney+,115.0,9210.0
tt5971474,2026-06-01,Brazil,Disney+,120.0,9260.0
tt5971474,2026-05-01,Colombia,Disney+,30.0,1943.0
tt5971474,2026-06-01,Colombia,Disney+,30.0,3861.0
tt5971474,2026-05-01,Mexico,Disney+,153.0,6157.0
tt5971474,2026-06-01,Mexico,Disney+,92.0,3659.0
tt6166392,2026-05-01,Argentina,HBO Max,37.0,3903.0
tt6166392,2026-06-01,Argentina,HBO Max,13.0,1576.0
tt6166392,2026-05-01,Argentina,Netflix,13.0,1644.0
tt6166392,2026-06-01,Argentina,Netflix,23.0,2734.0
tt6166392,2026-06-01,Brazil,Amazon,16.0,1841.0
tt6166392,2026-05-01,Brazil,HBO Max,72.0,6757.0
tt6166392,2026-06-01,Brazil,HBO Max,136.0,7733.0
tt6166392,2026-05-01,Brazil,Netflix,80.0,4049.0
tt6166392,2026-06-01,Brazil,Netflix,54.0,5124.0
tt6166392,2026-05-01,Colombia,HBO Max,40.0,3349.0
tt6166392,2026-06-01,Colombia,HBO Max,20.0,521.0
tt6166392,2026-05-01,Colombia,Netflix,48.0,3995.0
tt6166392,2026-06-01,Colombia,Netflix,6.0,834.0
tt6166392,2026-05-01,Mexico,HBO Max,19.0,1987.0
tt6166392,2026-06-01,Mexico,HBO Max,161.0,13925.0
tt6166392,2026-05-01,Mexico,Netflix,65.0,5233.0
tt6166392,2026-06-01,Mexico,Netflix,30.0,2702.0
tt6208148,2026-05-01,Argentina,Disney+,18.0,1767.0
tt6208148,2026-06-01,Argentina,Disney+,29.0,2425.0
tt6208148,2026-06-01,Brazil,Disney+,133.0,15440.0
tt6208148,2026-05-01,Colombia,Disney+,28.0,1519.0
tt6208148,2026-06-01,Colombia,Disney+,26.0,1658.0
tt6208148,2026-05-01,Mexico,Disney+,55.0,6368.0
tt6208148,2026-06-01,Mexico,Disney+,98.0,5219.0
tt6263850,2026-05-01,Argentina,Disney+,35.0,4970.0
tt6263850,2026-06-01,Argentina,Disney+,83.0,8324.0
tt6263850,2026-05-01,Brazil,Disney+,31.0,3096.0
tt6263850,2026-06-01,Brazil,Disney+,124.0,10154.0
tt6263850,2026-05-01,Colombia,Disney+,59.0,6444.0
tt6263850,2026-06-01,Colombia,Disney+,69.0,7056.0
tt6263850,2026-05-01,Mexico,Disney+,167.0,16367.0
tt6263850,2026-06-01,Mexico,Disney+,90.0,8405.0
tt6341826,2026-05-01,Argentina,Disney+,49.0,2784.0
tt6341826,2026-06-01,Argentina,Disney+,10.0,492.0
tt6341826,2026-05-01,Brazil,Disney+,36.0,1322.0
tt6341826,2026-06-01,Brazil,Disney+,16.0,1520.0
tt6341826,2026-05-01,Colombia,Disney+,31.0,2540.0
tt6341826,2026-06-01,Colombia,Disney+,26.0,1003.0
tt6341826,2026-05-01,Mexico,Disney+,30.0,2880.0
tt6341826,2026-06-01,Mexico,Disney+,10.0,769.0
tt6495056,2026-05-01,Argentina,Netflix,456.0,30993.0
tt6495056,2026-06-01,Argentina,Netflix,85.0,5415.0
tt6495056,2026-05-01,Brazil,Netflix,8.0,695.0
tt6495056,2026-05-01,Colombia,Netflix,872.0,61790.0
tt6495056,2026-06-01,Colombia,Netflix,192.0,13507.0
tt6495056,2026-05-01,Mexico,Netflix,1629.0,111228.0
tt6495056,2026-06-01,Mexico,Netflix,659.0,36458.0
tt6528290,2026-05-01,Argentina,Netflix,53.0,4446.0
tt6528290,2026-06-01,Argentina,Netflix,33.0,1451.0
tt6528290,2026-05-01,Brazil,Netflix,85.0,8055.0
tt6528290,2026-06-01,Brazil,Netflix,79.0,5549.0
tt6528290,2026-05-01,Colombia,Netflix,56.0,4930.0
tt6528290,2026-06-01,Colombia,Netflix,54.0,4786.0
tt6528290,2026-05-01,Mexico,Netflix,137.0,12486.0
tt6528290,2026-06-01,Mexico,Netflix,124.0,6892.0
tt6587046,2026-05-01,Brazil,Netflix,8.0,44.0
tt6587046,2026-06-01,Brazil,Netflix,20.0,85.0
tt6587046,2026-05-01,Colombia,Netflix,10.0,1489.0
tt6587046,2026-06-01,Colombia,Netflix,3.0,210.0
tt6587046,2026-05-01,Mexico,Netflix,4.0,556.0
tt6587046,2026-06-01,Mexico,Netflix,14.0,1789.0
tt6604188,2026-05-01,Argentina,Disney+,37.0,4061.0
tt6604188,2026-06-01,Argentina,Disney+,10.0,1294.0
tt6604188,2026-05-01,Brazil,Disney+,39.0,4206.0
tt6604188,2026-06-01,Brazil,Disney+,81.0,9258.0
tt6604188,2026-05-01,Colombia,Disney+,22.0,2514.0
tt6604188,2026-06-01,Colombia,Disney+,19.0,1666.0
tt6604188,2026-05-01,Mexico,Disney+,109.0,8747.0
tt6604188,2026-06-01,Mexico,Disney+,100.0,9093.0
tt6685538,2026-05-01,Argentina,Amazon,14.0,1359.0
tt6685538,2026-05-01,Brazil,Amazon,178.0,12010.0
tt6685538,2026-06-01,Brazil,Amazon,221.0,10396.0
tt6685538,2026-05-01,Colombia,Amazon,58.0,3308.0
tt6685538,2026-06-01,Colombia,Amazon,42.0,2414.0
tt6685538,2026-05-01,Mexico,Amazon,203.0,10387.0
tt6685538,2026-06-01,Mexico,Amazon,164.0,9689.0
tt6689014,2026-05-01,Argentina,Netflix,217.0,16451.0
tt6689014,2026-06-01,Argentina,Netflix,31.0,2406.0
tt6689014,2026-05-01,Colombia,Netflix,175.0,12416.0
tt6689014,2026-06-01,Colombia,Netflix,82.0,4767.0
tt6689014,2026-05-01,Mexico,Netflix,573.0,48271.0
tt6689014,2026-06-01,Mexico,Netflix,188.0,13873.0
tt6718170,2026-05-01,Argentina,Netflix,297.0,19771.0
tt6718170,2026-06-01,Argentina,Netflix,53.0,3198.0
tt6718170,2026-05-01,Brazil,Amazon,19.0,1706.0
tt6718170,2026-06-01,Brazil,Amazon,38.0,3378.0
tt6718170,2026-05-01,Brazil,Netflix,17.0,1472.0
tt6718170,2026-06-01,Brazil,Netflix,45.0,3600.0
tt6718170,2026-05-01,Colombia,Netflix,305.0,18888.0
tt6718170,2026-06-01,Colombia,Netflix,107.0,8043.0
tt6718170,2026-05-01,Mexico,Amazon,56.0,2225.0
tt6718170,2026-06-01,Mexico,Amazon,8.0,69.0
tt6718170,2026-05-01,Mexico,Netflix,1207.0,68977.0
tt6718170,2026-06-01,Mexico,Netflix,318.0,19331.0
tt6791350,2026-05-01,Argentina,Disney+,29.0,3259.0
tt6791350,2026-06-01,Argentina,Disney+,32.0,2585.0
tt6791350,2026-05-01,Brazil,Disney+,165.0,21580.0
tt6791350,2026-06-01,Brazil,Disney+,62.0,2991.0
tt6791350,2026-05-01,Colombia,Disney+,37.0,3719.0
tt6791350,2026-06-01,Colombia,Disney+,10.0,1639.0
tt6791350,2026-05-01,Mexico,Disney+,91.0,12678.0
tt6791350,2026-06-01,Mexico,Disney+,49.0,4194.0
tt6879446,2026-05-01,Argentina,Netflix,7.0,759.0
tt6879446,2026-05-01,Brazil,Netflix,13.0,1362.0
tt6879446,2026-06-01,Brazil,Netflix,13.0,1390.0
tt6879446,2026-05-01,Colombia,Netflix,52.0,3400.0
tt6879446,2026-06-01,Colombia,Netflix,19.0,1453.0
tt6879446,2026-05-01,Mexico,Netflix,60.0,4793.0
tt6879446,2026-06-01,Mexico,Netflix,39.0,3890.0
tt6881490,2026-05-01,Argentina,Netflix,11.0,49.0
tt6881490,2026-06-01,Argentina,Netflix,7.0,971.0
tt6881490,2026-05-01,Brazil,Netflix,58.0,7365.0
tt6881490,2026-06-01,Brazil,Netflix,16.0,2211.0
tt6881490,2026-05-01,Colombia,Netflix,6.0,517.0
tt6881490,2026-06-01,Colombia,Netflix,4.0,19.0
tt6881490,2026-06-01,Mexico,Netflix,34.0,923.0
tt6898324,2026-05-01,Argentina,Netflix,14.0,911.0
tt6898324,2026-06-01,Argentina,Netflix,7.0,832.0
tt6898324,2026-05-01,Brazil,Netflix,16.0,1901.0
tt6898324,2026-06-01,Brazil,Netflix,21.0,256.0
tt6898324,2026-05-01,Colombia,Netflix,11.0,902.0
tt6898324,2026-06-01,Colombia,Netflix,15.0,1835.0
tt6898324,2026-05-01,Mexico,Netflix,56.0,2410.0
tt6898324,2026-06-01,Mexico,Netflix,35.0,3069.0
tt6906292,2026-05-01,Argentina,Amazon,12.0,1093.0
tt6906292,2026-06-01,Argentina,Amazon,20.0,716.0
tt6906292,2026-05-01,Brazil,Amazon,50.0,1702.0
tt6906292,2026-06-01,Brazil,Amazon,20.0,1526.0
tt6906292,2026-06-01,Colombia,Amazon,17.0,1447.0
tt6906292,2026-05-01,Mexico,Amazon,98.0,3993.0
tt6906292,2026-06-01,Mexico,Amazon,27.0,1708.0
tt6968614,2026-05-01,Argentina,Netflix,53.0,3223.0
tt6968614,2026-06-01,Argentina,Netflix,37.0,4265.0
tt6968614,2026-05-01,Brazil,Netflix,162.0,12149.0
tt6968614,2026-06-01,Brazil,Netflix,167.0,11643.0
tt6968614,2026-05-01,Colombia,Netflix,36.0,4164.0
tt6968614,2026-06-01,Colombia,Netflix,47.0,3323.0
tt6968614,2026-05-01,Mexico,Netflix,126.0,11278.0
tt6968614,2026-06-01,Mexico,Netflix,41.0,3165.0
tt7068946,2026-05-01,Argentina,Amazon,89.0,9659.0
tt7068946,2026-06-01,Argentina,Amazon,19.0,2526.0
tt7068946,2026-05-01,Brazil,Amazon,153.0,16213.0
tt7068946,2026-06-01,Brazil,Amazon,69.0,8972.0
tt7068946,2026-05-01,Colombia,Amazon,33.0,1492.0
tt7068946,2026-06-01,Colombia,Amazon,46.0,4501.0
tt7068946,2026-05-01,Mexico,Amazon,170.0,21997.0
tt7068946,2026-06-01,Mexico,Amazon,44.0,5577.0
tt7130300,2026-05-01,Argentina,Netflix,65.0,5485.0
tt7130300,2026-06-01,Argentina,Netflix,25.0,2305.0
tt7130300,2026-05-01,Brazil,Netflix,259.0,21283.0
tt7130300,2026-06-01,Brazil,Netflix,127.0,5093.0
tt7130300,2026-05-01,Colombia,Netflix,77.0,5360.0
tt7130300,2026-06-01,Colombia,Netflix,58.0,4559.0
tt7130300,2026-05-01,Mexico,Netflix,189.0,16365.0
tt7130300,2026-06-01,Mexico,Netflix,62.0,5029.0
tt7160372,2026-05-01,Argentina,Amazon,24.0,816.0
tt7160372,2026-05-01,Brazil,Amazon,101.0,6143.0
tt7160372,2026-06-01,Brazil,Amazon,39.0,401.0
tt7181546,2026-05-01,Argentina,Amazon,60.0,5359.0
tt7181546,2026-06-01,Argentina,Amazon,82.0,9394.0
tt7181546,2026-05-01,Brazil,Amazon,194.0,22624.0
tt7181546,2026-06-01,Brazil,Amazon,196.0,19435.0
tt7181546,2026-05-01,Colombia,Amazon,96.0,8385.0
tt7181546,2026-06-01,Colombia,Amazon,79.0,7836.0
tt7181546,2026-05-01,Mexico,Amazon,173.0,15081.0
tt7181546,2026-06-01,Mexico,Amazon,258.0,26951.0
tt7215232,2026-05-01,Argentina,Netflix,33.0,2518.0
tt7215232,2026-06-01,Argentina,Netflix,38.0,3162.0
tt7215232,2026-05-01,Brazil,Netflix,161.0,10129.0
tt7215232,2026-06-01,Brazil,Netflix,140.0,9212.0
tt7215232,2026-05-01,Colombia,Netflix,56.0,5114.0
tt7215232,2026-06-01,Colombia,Netflix,62.0,5239.0
tt7215232,2026-05-01,Mexico,Netflix,106.0,6443.0
tt7215232,2026-06-01,Mexico,Netflix,127.0,8047.0
tt7354440,2026-05-01,Argentina,Netflix,7.0,328.0
tt7354440,2026-05-01,Brazil,Netflix,21.0,2605.0
tt7354440,2026-05-01,Colombia,Netflix,3.0,464.0
tt7354440,2026-06-01,Colombia,Netflix,13.0,1283.0
tt7354440,2026-06-01,Mexico,Netflix,11.0,1046.0
tt7510222,2026-05-01,Argentina,Amazon,66.0,5392.0
tt7510222,2026-06-01,Argentina,Amazon,289.0,12975.0
tt7510222,2026-06-01,Brazil,Amazon,29.0,2558.0
tt7510222,2026-05-01,Brazil,Netflix,1076.0,69859.0
tt7510222,2026-06-01,Brazil,Netflix,568.0,33451.0
tt7510222,2026-05-01,Colombia,Amazon,188.0,9267.0
tt7510222,2026-06-01,Colombia,Amazon,581.0,33282.0
tt7510222,2026-05-01,Mexico,Amazon,171.0,8115.0
tt7510222,2026-06-01,Mexico,Amazon,1587.0,87172.0
tt7599146,2026-05-01,Argentina,Amazon,95.0,6141.0
tt7599146,2026-06-01,Argentina,Amazon,54.0,1618.0
tt7599146,2026-05-01,Brazil,Amazon,68.0,8778.0
tt7599146,2026-05-01,Colombia,Amazon,24.0,782.0
tt7599146,2026-05-01,Mexico,Amazon,50.0,6388.0
tt7599146,2026-06-01,Mexico,Amazon,5.0,716.0
tt7766378,2026-05-01,Argentina,Netflix,33.0,4095.0
tt7766378,2026-06-01,Argentina,Netflix,21.0,2566.0
tt7766378,2026-05-01,Brazil,Netflix,60.0,5364.0
tt7766378,2026-06-01,Brazil,Netflix,142.0,12880.0
tt7766378,2026-05-01,Colombia,Netflix,34.0,4181.0
tt7766378,2026-06-01,Colombia,Netflix,36.0,3779.0
tt7766378,2026-05-01,Mexico,Netflix,80.0,6358.0
tt7766378,2026-06-01,Mexico,Netflix,152.0,17196.0
tt7798604,2026-05-01,Argentina,Netflix,27.0,2849.0
tt7798604,2026-06-01,Argentina,Netflix,26.0,2826.0
tt7798604,2026-05-01,Brazil,Netflix,27.0,1095.0
tt7798604,2026-06-01,Brazil,Netflix,13.0,1718.0
tt7798604,2026-05-01,Colombia,Netflix,9.0,985.0
tt7798604,2026-06-01,Colombia,Netflix,9.0,775.0
tt7798604,2026-05-01,Mexico,Netflix,34.0,4050.0
tt7798604,2026-06-01,Mexico,Netflix,31.0,3872.0
tt7985704,2026-05-01,Argentina,Amazon,8.0,870.0
tt7985704,2026-06-01,Argentina,Amazon,17.0,1889.0
tt7985704,2026-05-01,Brazil,Amazon,53.0,4283.0
tt7985704,2026-06-01,Brazil,Amazon,199.0,19396.0
tt7985704,2026-06-01,Colombia,Amazon,76.0,5468.0
tt7985704,2026-05-01,Mexico,Amazon,20.0,2462.0
tt8002382,2026-05-01,Argentina,Amazon,17.0,1769.0
tt8002382,2026-06-01,Argentina,Amazon,12.0,1320.0
tt8002382,2026-05-01,Brazil,Amazon,473.0,36072.0
tt8002382,2026-06-01,Brazil,Amazon,46.0,2741.0
tt8002382,2026-05-01,Colombia,Amazon,13.0,747.0
tt8002382,2026-06-01,Colombia,Amazon,19.0,2050.0
tt8002382,2026-05-01,Mexico,Amazon,5.0,612.0
tt8008948,2026-06-01,Argentina,Amazon,40.0,4083.0
tt8008948,2026-05-01,Argentina,HBO Max,62.0,7754.0
tt8008948,2026-05-01,Brazil,HBO Max,269.0,18349.0
tt8008948,2026-06-01,Brazil,HBO Max,12.0,1270.0
tt8008948,2026-06-01,Colombia,Amazon,9.0,1393.0
tt8008948,2026-05-01,Colombia,HBO Max,215.0,20504.0
tt8008948,2026-06-01,Colombia,HBO Max,5.0,564.0
tt8008948,2026-05-01,Mexico,Amazon,10.0,1620.0
tt8008948,2026-06-01,Mexico,Amazon,70.0,6193.0
tt8008948,2026-05-01,Mexico,HBO Max,340.0,33733.0
tt8008948,2026-06-01,Mexico,HBO Max,86.0,11104.0
tt8036976,2026-05-01,Argentina,Disney+,625.0,65486.0
tt8036976,2026-06-01,Argentina,Disney+,234.0,25648.0
tt8036976,2026-05-01,Brazil,Disney+,1051.0,115320.0
tt8036976,2026-06-01,Brazil,Disney+,728.0,68084.0
tt8036976,2026-05-01,Colombia,Disney+,501.0,53977.0
tt8036976,2026-06-01,Colombia,Disney+,341.0,34532.0
tt8036976,2026-05-01,Mexico,Disney+,1684.0,173027.0
tt8036976,2026-06-01,Mexico,Disney+,572.0,53719.0
tt8051894,2026-05-01,Brazil,Amazon,34.0,3895.0
tt8051894,2026-06-01,Brazil,Amazon,39.0,4584.0
tt8051894,2026-05-01,Mexico,Amazon,18.0,2204.0
tt8051894,2026-06-01,Mexico,Amazon,33.0,3313.0
tt8080204,2026-05-01,Brazil,Amazon,30.0,2471.0
tt8080204,2026-06-01,Brazil,Amazon,45.0,3714.0
tt8080204,2026-05-01,Brazil,HBO Max,14.0,1205.0
tt8080204,2026-05-01,Colombia,HBO Max,1.0,125.0
tt8080204,2026-06-01,Colombia,HBO Max,1.0,124.0
tt8105234,2026-05-01,Argentina,Disney+,4.0,492.0
tt8105234,2026-05-01,Brazil,Disney+,5.0,520.0
tt8105234,2026-05-01,Colombia,Disney+,5.0,604.0
tt8105234,2026-06-01,Colombia,Disney+,1.0,173.0
tt8105234,2026-05-01,Mexico,Disney+,80.0,7752.0
tt8105234,2026-06-01,Mexico,Disney+,61.0,6153.0
tt8258502,2026-05-01,Argentina,Amazon,6.0,700.0
tt8258502,2026-05-01,Brazil,Amazon,11.0,1123.0
tt8258502,2026-06-01,Brazil,Amazon,27.0,3049.0
tt8258502,2026-06-01,Colombia,Amazon,4.0,524.0
tt8258502,2026-06-01,Mexico,Amazon,9.0,1080.0
tt8337264,2026-05-01,Argentina,Netflix,29.0,1180.0
tt8337264,2026-06-01,Argentina,Netflix,6.0,546.0
tt8337264,2026-05-01,Brazil,Netflix,356.0,21764.0
tt8337264,2026-06-01,Brazil,Netflix,141.0,10284.0
tt8337264,2026-05-01,Colombia,Netflix,26.0,2798.0
tt8337264,2026-06-01,Colombia,Netflix,20.0,1647.0
tt8337264,2026-05-01,Mexico,Netflix,34.0,2286.0
tt8337264,2026-06-01,Mexico,Netflix,222.0,15431.0
tt8373206,2026-05-01,Argentina,Netflix,80.0,4765.0
tt8373206,2026-06-01,Argentina,Netflix,67.0,4864.0
tt8373206,2026-05-01,Colombia,Netflix,3.0,14.0
tt8373206,2026-06-01,Colombia,Netflix,84.0,6614.0
tt8373206,2026-05-01,Mexico,Netflix,29.0,1336.0
tt8373206,2026-06-01,Mexico,Netflix,183.0,9627.0
tt8400584,2026-05-01,Argentina,Netflix,21.0,2136.0
tt8400584,2026-06-01,Argentina,Netflix,7.0,742.0
tt8400584,2026-06-01,Brazil,Netflix,63.0,5516.0
tt8400584,2026-05-01,Colombia,Netflix,4.0,10.0
tt8400584,2026-06-01,Colombia,Netflix,27.0,2831.0
tt8400584,2026-05-01,Mexico,Netflix,7.0,18.0
tt8400584,2026-06-01,Mexico,Netflix,4.0,8.0
tt8609660,2026-05-01,Brazil,Amazon,34.0,3047.0
tt8609660,2026-06-01,Brazil,Amazon,19.0,1731.0
tt8609660,2026-05-01,Colombia,Amazon,16.0,57.0
tt8609660,2026-05-01,Mexico,Amazon,5.0,4.0
tt8609660,2026-06-01,Mexico,Amazon,28.0,2487.0
tt8637498,2026-06-01,Argentina,Netflix,19.0,1782.0
tt8637498,2026-05-01,Brazil,Netflix,46.0,2855.0
tt8637498,2026-06-01,Brazil,Netflix,61.0,3082.0
tt8637498,2026-05-01,Colombia,Netflix,9.0,1009.0
tt8637498,2026-06-01,Colombia,Netflix,7.0,605.0
tt8637498,2026-05-01,Mexico,Netflix,47.0,3606.0
tt8637498,2026-06-01,Mexico,Netflix,70.0,1486.0
tt8785038,2026-05-01,Brazil,Netflix,8.0,670.0
tt8785038,2026-06-01,Brazil,Netflix,39.0,3278.0
tt8785038,2026-05-01,Colombia,Netflix,3.0,321.0
tt8785038,2026-06-01,Colombia,Netflix,3.0,79.0
tt8785038,2026-05-01,Mexico,Netflix,4.0,82.0
tt8999762,2026-05-01,Argentina,HBO Max,10.0,310.0
tt8999762,2026-06-01,Brazil,Amazon,89.0,16274.0
tt8999762,2026-05-01,Colombia,HBO Max,17.0,3028.0
tt8999762,2026-06-01,Colombia,HBO Max,30.0,3986.0
tt8999762,2026-05-01,Mexico,HBO Max,1.0,270.0
tt9150192,2026-05-01,Argentina,Amazon,157.0,18081.0
tt9150192,2026-06-01,Argentina,Amazon,54.0,6199.0
tt9150192,2026-05-01,Brazil,Amazon,299.0,24730.0
tt9150192,2026-06-01,Brazil,Amazon,623.0,61891.0
tt9150192,2026-05-01,Colombia,Amazon,204.0,15737.0
tt9150192,2026-06-01,Colombia,Amazon,141.0,14522.0
tt9150192,2026-05-01,Mexico,Amazon,311.0,32573.0
tt9150192,2026-06-01,Mexico,Amazon,201.0,17033.0
tt9185206,2026-06-01,Argentina,Netflix,42.0,4529.0
tt9185206,2026-05-01,Brazil,Netflix,103.0,5530.0
tt9185206,2026-06-01,Brazil,Netflix,21.0,1452.0
tt9185206,2026-05-01,Colombia,Netflix,14.0,1667.0
tt9185206,2026-06-01,Colombia,Netflix,7.0,690.0
tt9185206,2026-05-01,Mexico,Netflix,12.0,1083.0
tt9185206,2026-06-01,Mexico,Netflix,22.0,1146.0
tt9214772,2026-06-01,Argentina,Amazon,25.0,3124.0
tt9214772,2026-05-01,Brazil,HBO Max,3.0,132.0
tt9214772,2026-05-01,Colombia,Amazon,10.0,2.0
tt9214772,2026-06-01,Colombia,Amazon,4.0,573.0
tt9214772,2026-05-01,Colombia,HBO Max,32.0,2833.0
tt9214772,2026-06-01,Colombia,HBO Max,22.0,1369.0
tt9214772,2026-05-01,Mexico,Amazon,9.0,1131.0
tt9214772,2026-06-01,Mexico,Amazon,48.0,4740.0
tt9218128,2026-05-01,Argentina,Netflix,71.0,7943.0
tt9218128,2026-05-01,Brazil,Netflix,222.0,30625.0
tt9218128,2026-05-01,Colombia,Netflix,108.0,15055.0
tt9218128,2026-05-01,Mexico,Netflix,363.0,36740.0
tt9218128,2026-06-01,Mexico,Netflix,7.0,1075.0
tt9224104,2026-06-01,Argentina,Amazon,8.0,893.0
tt9224104,2026-05-01,Brazil,HBO Max,13.0,592.0
tt9224104,2026-06-01,Brazil,HBO Max,61.0,6575.0
tt9224104,2026-05-01,Colombia,HBO Max,33.0,3361.0
tt9224104,2026-06-01,Colombia,HBO Max,30.0,3335.0
tt9224104,2026-05-01,Colombia,Netflix,3.0,426.0
tt9224104,2026-05-01,Mexico,HBO Max,9.0,792.0
tt9224104,2026-06-01,Mexico,HBO Max,138.0,12177.0
tt9362930,2026-05-01,Brazil,HBO Max,14.0,1700.0
tt9362930,2026-06-01,Brazil,HBO Max,97.0,4237.0
tt9362930,2026-05-01,Colombia,HBO Max,13.0,1643.0
tt9362930,2026-06-01,Colombia,HBO Max,5.0,766.0
tt9362930,2026-06-01,Mexico,HBO Max,2.0,250.0
tt9466114,2026-05-01,Argentina,Amazon,80.0,8755.0
tt9466114,2026-06-01,Argentina,Amazon,136.0,11504.0
tt9466114,2026-05-01,Brazil,Amazon,344.0,31908.0
tt9466114,2026-06-01,Brazil,Amazon,363.0,28104.0
tt9466114,2026-05-01,Colombia,Amazon,86.0,7451.0
tt9466114,2026-06-01,Colombia,Amazon,84.0,8597.0
tt9466114,2026-05-01,Mexico,Amazon,152.0,15518.0
tt9466114,2026-06-01,Mexico,Amazon,156.0,13044.0
tt9471678,2026-05-01,Argentina,Netflix,13.0,1403.0
tt9471678,2026-06-01,Argentina,Netflix,27.0,2867.0
tt9471678,2026-05-01,Brazil,Netflix,43.0,4826.0
tt9471678,2026-06-01,Brazil,Netflix,13.0,1430.0
tt9471678,2026-05-01,Colombia,Netflix,22.0,1100.0
tt9471678,2026-06-01,Colombia,Netflix,9.0,930.0
tt9471678,2026-05-01,Mexico,Netflix,40.0,4460.0
tt9471678,2026-06-01,Mexico,Netflix,25.0,2525.0
tt9663764,2026-05-01,Argentina,HBO Max,6.0,856.0
tt9663764,2026-05-01,Argentina,Netflix,34.0,1173.0
tt9663764,2026-05-01,Brazil,Amazon,58.0,5885.0
tt9663764,2026-06-01,Brazil,Amazon,19.0,2270.0
tt9663764,2026-05-01,Brazil,Netflix,73.0,8709.0
tt9663764,2026-05-01,Colombia,Amazon,7.0,1.0
tt9663764,2026-05-01,Colombia,HBO Max,2.0,338.0
tt9663764,2026-06-01,Colombia,HBO Max,6.0,944.0
tt9663764,2026-05-01,Colombia,Netflix,52.0,5315.0
tt9663764,2026-05-01,Mexico,Netflix,84.0,8772.0
tt9682428,2026-05-01,Argentina,Netflix,506.0,35044.0
tt9682428,2026-05-01,Colombia,Netflix,484.0,37292.0
tt9682428,2026-06-01,Colombia,Netflix,221.0,15474.0
tt9682428,2026-05-01,Mexico,Netflix,1411.0,98682.0
tt9682428,2026-06-01,Mexico,Netflix,343.0,23040.0
tt9873892,2026-06-01,Brazil,Netflix,31.0,3687.0
tt9873892,2026-05-01,Mexico,Netflix,51.0,6357.0
tt9873892,2026-06-01,Mexico,Netflix,10.0,1187.0
